<?xml version='1.0' encoding='UTF-8'?><diagrams name="Diagrams" refid="diagrams" hasChild="true"><diagramtype refid="classdiagram" name="Class Diagrams" hasChild="true"/><diagramtype refid="contentdiagram" name="Content Diagrams" hasChild="true"/><diagramtype refid="profilediagram" name="Profile Diagrams" hasChild="true"/><diagramtype refid="securityattributelossandimpacttable" name="Security Attribute Loss and Impact Tables" hasChild="true"/><diagramtype refid="sysmlblockdefinitiondiagram" name="SysML Block Definition Diagrams" hasChild="true"/><diagramtype refid="sysmlinternalblockdiagram" name="SysML Internal Block Diagrams" hasChild="true"/><diagramtype refid="sysmlusecasediagram" name="SysML Use Case Diagrams" hasChild="true"/><diagramtype refid="sysml4secthreatscenariotable" name="SysML4Sec Threat Scenario Tables" hasChild="true"/></diagrams>