<?xml version='1.0' encoding='UTF-8'?><diagramtype refid="sysmlblockdefinitiondiagram" name="SysML Block Definition Diagram" hasChild="true"><diagram classType="Diagram" humanType="Diagram" icon="index_files/icon_SysML Block Definition Diagram_731139631.jpg" name="01 - Misuse Cases" refid="_2024x_2_65d022e_1742058423556_7009_3352" refElementId="_2024x_2_65d022e_1742058423556_7009_3352"/><diagram classType="Diagram" humanType="Diagram" icon="index_files/icon_SysML Block Definition Diagram_731139631.jpg" name="01 - Post-Threat Scenarios" refid="_2024x_2_65d022e_1751128653095_467119_3743" refElementId="_2024x_2_65d022e_1751128653095_467119_3743"/><diagram classType="Diagram" humanType="Diagram" icon="index_files/icon_SysML Block Definition Diagram_731139631.jpg" name="02 - Pre-Threat Scenarios" refid="_2024x_2_65d022e_1750788539496_355617_3744" refElementId="_2024x_2_65d022e_1750788539496_355617_3744"/><diagram classType="Diagram" humanType="Diagram" icon="index_files/icon_SysML Block Definition Diagram_731139631.jpg" name="Aircraft Level vertical functional architecture" refid="_2024x_2_65d022e_1742819629323_3513_68" refElementId="_2024x_2_65d022e_1742819629323_3513_68"/><diagram classType="Diagram" humanType="Diagram" icon="index_files/icon_SysML Block Definition Diagram_731139631.jpg" name="L1 AcFct 1: liefere ein human  machine interface (HMI)  für den Passagier" refid="_2024x_2_65d022e_1750658264966_222972_3734" refElementId="_2024x_2_65d022e_1750658264966_222972_3734"/><diagram classType="Diagram" humanType="Diagram" icon="index_files/icon_SysML Block Definition Diagram_731139631.jpg" name="L1 AcFct 3: manage  passagierbezogene  Informationen" refid="_2024x_2_65d022e_1750658289987_491034_3761" refElementId="_2024x_2_65d022e_1750658289987_491034_3761"/><diagram classType="Diagram" humanType="Diagram" icon="index_files/icon_SysML Block Definition Diagram_731139631.jpg" name="L1 AcFct 9: Liefere  Flugzeugdaten" refid="_2024x_2_65d022e_1750658298739_552808_3788" refElementId="_2024x_2_65d022e_1750658298739_552808_3788"/><diagram classType="Diagram" humanType="Diagram" icon="index_files/icon_SysML Block Definition Diagram_731139631.jpg" name="Multi ATA Level vertical functional architecture" refid="_2024x_2_65d022e_1747720225795_201074_6" refElementId="_2024x_2_65d022e_1747720225795_201074_6"/><diagram classType="Diagram" humanType="Diagram" icon="index_files/icon_SysML Block Definition Diagram_731139631.jpg" name="System Level Fkt 3 vertical functional architecture" refid="_2024x_2_65d022e_1748939663081_594366_67" refElementId="_2024x_2_65d022e_1748939663081_594366_67"/></diagramtype>