<?xml version='1.0' encoding='UTF-8'?><package refid="_2024x_2_156c03bb_1720472191512_597856_2850" refElementId="_2024x_2_156c03bb_1720472191512_597856_2850" humanType="Package" classType="Package" owner="_2024x_2_156c03bb_1720472029083_848928_1323" ownerRefId="_2024x_2_156c03bb_1720472029083_848928_1323" name="SysML4Sec Library" hasChild="true" hasLink="false" hasActiveHyperLink="false"><ownedElement><diagram refid="_2024x_2_156c03bb_1720643221028_224357_2860" refElementId="_2024x_2_156c03bb_1720643221028_224357_2860" humanType="Diagram" classType="Diagram" diagramType="classdiagram" owner="_2024x_2_156c03bb_1720472191512_597856_2850" ownerRefId="_2024x_2_156c03bb_1720472191512_597856_2850" name="SysML4Sec Library - L1 - Solution" icon="index_files/icon_Class Diagram_1276433769.jpg" hasLink="false" hasActiveHyperLink="false"/><diagram refid="_2024x_2_1b700d9_1722870548837_568914_3653" refElementId="_2024x_2_1b700d9_1722870548837_568914_3653" humanType="Diagram" classType="Diagram" diagramType="classdiagram" owner="_2024x_2_156c03bb_1720472191512_597856_2850" ownerRefId="_2024x_2_156c03bb_1720472191512_597856_2850" name="SysML4Sec Library - L2 - Multi-System" icon="index_files/icon_Class Diagram_1276433769.jpg" hasLink="false" hasActiveHyperLink="false"/><attackpath refid="_2024x_2_1b700d9_1723118702634_126213_3410" refElementId="_2024x_2_1b700d9_1723118702634_126213_3410" humanType="AttackPath" classType="Class" owner="_2024x_2_156c03bb_1720472191512_597856_2850" ownerRefId="_2024x_2_156c03bb_1720472191512_597856_2850" name="AbstractAttackPath" icon="index_files/icon_attackpath_172837232.jpg" hasChild="true" hasLink="false" hasActiveHyperLink="false"/><situation refid="_2024x_2_156c03bb_1720647220195_59668_3183" refElementId="_2024x_2_156c03bb_1720647220195_59668_3183" humanType="Situation" classType="Class" owner="_2024x_2_156c03bb_1720472191512_597856_2850" ownerRefId="_2024x_2_156c03bb_1720472191512_597856_2850" name="AbstractFinalEffect" icon="index_files/icon_situation_118336620.jpg" hasChild="true" hasLink="false" hasActiveHyperLink="false"/><lossofsecurityattribute refid="_2024x_2_156c03bb_1720645606820_366384_3152" refElementId="_2024x_2_156c03bb_1720645606820_366384_3152" humanType="LossOfSecurityAttribute" classType="Class" owner="_2024x_2_156c03bb_1720472191512_597856_2850" ownerRefId="_2024x_2_156c03bb_1720472191512_597856_2850" name="AbstractLossOfSecurityAttribute" icon="index_files/icon_lossofsecurityattribute_118336620.jpg" hasChild="true" hasLink="false" hasActiveHyperLink="false"/><misusecase refid="_2024x_2_1b700d9_1722870560503_109296_3681" refElementId="_2024x_2_1b700d9_1722870560503_109296_3681" humanType="Misuse Case" classType="Class" owner="_2024x_2_156c03bb_1720472191512_597856_2850" ownerRefId="_2024x_2_156c03bb_1720472191512_597856_2850" name="AbstractMisuseCase" icon="index_files/icon_misusecase_118336620.jpg" hasChild="true" hasLink="false" hasActiveHyperLink="false"/><threatcondition refid="_2024x_2_156c03bb_1720645569684_496549_3130" refElementId="_2024x_2_156c03bb_1720645569684_496549_3130" humanType="ThreatCondition" classType="Class" owner="_2024x_2_156c03bb_1720472191512_597856_2850" ownerRefId="_2024x_2_156c03bb_1720472191512_597856_2850" name="AbstractThreatCondition" icon="index_files/icon_threatcondition_118336620.jpg" hasChild="true" hasLink="false" hasActiveHyperLink="false"/><threatscenario refid="_2024x_2_1b700d9_1722873073358_934432_3292" refElementId="_2024x_2_1b700d9_1722873073358_934432_3292" humanType="ThreatScenario" classType="Class" owner="_2024x_2_156c03bb_1720472191512_597856_2850" ownerRefId="_2024x_2_156c03bb_1720472191512_597856_2850" name="AbstractThreatScenario" icon="index_files/icon_threatscenario_1613595364.jpg" hasChild="true" hasLink="false" hasActiveHyperLink="false"/><valuetype refid="_2024x_2_156c03bb_1724638424607_467621_3063" refElementId="_2024x_2_156c03bb_1724638424607_467621_3063" humanType="Value Type" classType="Enumeration" owner="_2024x_2_156c03bb_1720472191512_597856_2850" ownerRefId="_2024x_2_156c03bb_1720472191512_597856_2850" name="ElapsedTime" icon="index_files/icon_valuetype_214145971.jpg" hasChild="true" hasLink="false" hasActiveHyperLink="false"/><valuetype refid="_2024x_2_156c03bb_1724638147820_668165_3050" refElementId="_2024x_2_156c03bb_1724638147820_668165_3050" humanType="Value Type" classType="Enumeration" owner="_2024x_2_156c03bb_1720472191512_597856_2850" ownerRefId="_2024x_2_156c03bb_1720472191512_597856_2850" name="Equipment" icon="index_files/icon_valuetype_214145971.jpg" hasChild="true" hasLink="false" hasActiveHyperLink="false"/><valuetype refid="_2024x_2_156c03bb_1724638424609_940355_3066" refElementId="_2024x_2_156c03bb_1724638424609_940355_3066" humanType="Value Type" classType="Enumeration" owner="_2024x_2_156c03bb_1720472191512_597856_2850" ownerRefId="_2024x_2_156c03bb_1720472191512_597856_2850" name="Expertise" icon="index_files/icon_valuetype_214145971.jpg" hasChild="true" hasLink="false" hasActiveHyperLink="false"/><valuetype refid="_2024x_2_156c03bb_1724638424608_145747_3064" refElementId="_2024x_2_156c03bb_1724638424608_145747_3064" humanType="Value Type" classType="Enumeration" owner="_2024x_2_156c03bb_1720472191512_597856_2850" ownerRefId="_2024x_2_156c03bb_1720472191512_597856_2850" name="KnowledgeOfTargetOfEvaluation" icon="index_files/icon_valuetype_214145971.jpg" hasChild="true" hasLink="false" hasActiveHyperLink="false"/><valuetype refid="_2024x_2_156c03bb_1724638424608_464644_3065" refElementId="_2024x_2_156c03bb_1724638424608_464644_3065" humanType="Value Type" classType="Enumeration" owner="_2024x_2_156c03bb_1720472191512_597856_2850" ownerRefId="_2024x_2_156c03bb_1720472191512_597856_2850" name="WindowOfOpportunity" icon="index_files/icon_valuetype_214145971.jpg" hasChild="true" hasLink="false" hasActiveHyperLink="false"/><association refid="_2024x_2_1b700d9_1723119538924_985357_3555" refElementId="_2024x_2_1b700d9_1723119538924_985357_3555" humanType="Association" classType="Association" owner="_2024x_2_156c03bb_1720472191512_597856_2850" ownerRefId="_2024x_2_156c03bb_1720472191512_597856_2850" name="Association[attackPath:AbstractAttackPath &lt;- AbstractThreatScenario]" isRelationship="true" icon="index_files/icon_association_1169510737.jpg" hasChild="true" hasLink="false" hasActiveHyperLink="false"/><association refid="_2024x_2_1b700d9_1722361749113_98813_2987" refElementId="_2024x_2_1b700d9_1722361749113_98813_2987" humanType="Association" classType="Association" owner="_2024x_2_156c03bb_1720472191512_597856_2850" ownerRefId="_2024x_2_156c03bb_1720472191512_597856_2850" name="Association[effect:AbstractFinalEffect &lt;- AbstractLossOfSecurityAttribute]" isRelationship="true" icon="index_files/icon_association_1169510737.jpg" hasChild="true" hasLink="false" hasActiveHyperLink="false"/><association refid="_2024x_3_1b700d9_1733158232012_639527_3179" refElementId="_2024x_3_1b700d9_1733158232012_639527_3179" humanType="Association" classType="Association" owner="_2024x_2_156c03bb_1720472191512_597856_2850" ownerRefId="_2024x_2_156c03bb_1720472191512_597856_2850" name="Association[localImpact:EnumerationLiteral &lt;- AbstractThreatScenario]" isRelationship="true" icon="index_files/icon_association_1169510737.jpg" hasChild="true" hasLink="false" hasActiveHyperLink="false"/><association refid="_2024x_2_1b700d9_1722360601453_872368_3058" refElementId="_2024x_2_1b700d9_1722360601453_872368_3058" humanType="Association" classType="Association" owner="_2024x_2_156c03bb_1720472191512_597856_2850" ownerRefId="_2024x_2_156c03bb_1720472191512_597856_2850" name="Association[lossOf:AbstractLossOfSecurityAttribute &lt;- AbstractThreatCondition]" isRelationship="true" icon="index_files/icon_association_1169510737.jpg" hasChild="true" hasLink="false" hasActiveHyperLink="false"/><association refid="_2024x_2_1b700d9_1723119503633_311675_3495" refElementId="_2024x_2_1b700d9_1723119503633_311675_3495" humanType="Association" classType="Association" owner="_2024x_2_156c03bb_1720472191512_597856_2850" ownerRefId="_2024x_2_156c03bb_1720472191512_597856_2850" name="Association[misuseCase:AbstractMisuseCase &lt;- AbstractThreatScenario]" isRelationship="true" icon="index_files/icon_association_1169510737.jpg" hasChild="true" hasLink="false" hasActiveHyperLink="false"/><association refid="_2024x_2_1b700d9_1723119545147_224171_3571" refElementId="_2024x_2_1b700d9_1723119545147_224171_3571" humanType="Association" classType="Association" owner="_2024x_2_156c03bb_1720472191512_597856_2850" ownerRefId="_2024x_2_156c03bb_1720472191512_597856_2850" name="Association[threatCondition:AbstractThreatCondition &lt;- AbstractThreatScenario]" isRelationship="true" icon="index_files/icon_association_1169510737.jpg" hasChild="true" hasLink="false" hasActiveHyperLink="false"/><association refid="_2024x_3_1b700d9_1733138125976_285680_3212" refElementId="_2024x_3_1b700d9_1733138125976_285680_3212" humanType="Association" classType="Association" owner="_2024x_2_156c03bb_1720472191512_597856_2850" ownerRefId="_2024x_2_156c03bb_1720472191512_597856_2850" name="Association[threatSource:Class &lt;- AbstractThreatScenario]" isRelationship="true" icon="index_files/icon_association_1169510737.jpg" hasChild="true" hasLink="false" hasActiveHyperLink="false"/><association refid="_2024x_2_1b700d9_1723119515184_456605_3511" refElementId="_2024x_2_1b700d9_1723119515184_456605_3511" humanType="Association" classType="Association" owner="_2024x_2_156c03bb_1720472191512_597856_2850" ownerRefId="_2024x_2_156c03bb_1720472191512_597856_2850" name="Association[vulnerability:Vulnerability &lt;- AbstractThreatScenario]" isRelationship="true" icon="index_files/icon_association_1169510737.jpg" hasChild="true" hasLink="false" hasActiveHyperLink="false"/></ownedElement></package>