<?xml version='1.0' encoding='UTF-8'?><package refid="_2024x_2_65d022e_1742809374188_439862_43" refElementId="_2024x_2_65d022e_1742809374188_439862_43" humanType="Package" classType="Package" owner="_2024x_2_65d022e_1742491223923_240411_43" ownerRefId="_2024x_2_65d022e_1742491223923_240411_43" name="00 Aircraft Level Stakeholder" hasChild="true" hasLink="false" hasActiveHyperLink="false"><ownedElement><actor refid="_2024x_2_65d022e_1742809635353_555002_50" refElementId="_2024x_2_65d022e_1742809635353_555002_50" humanType="Actor" classType="Actor" owner="_2024x_2_65d022e_1742809374188_439862_43" ownerRefId="_2024x_2_65d022e_1742809374188_439862_43" name="Bodenstation" icon="index_files/icon_actor_822251077.jpg" hasLink="false" hasActiveHyperLink="false"/><actor refid="_2024x_2_65d022e_1743350014765_881790_21" refElementId="_2024x_2_65d022e_1743350014765_881790_21" humanType="Actor" classType="Actor" owner="_2024x_2_65d022e_1742809374188_439862_43" ownerRefId="_2024x_2_65d022e_1742809374188_439862_43" name="Fluggesellschaft" icon="index_files/icon_actor_822251077.jpg" hasLink="false" hasActiveHyperLink="false"/><actor refid="_2024x_2_65d022e_1743349911432_647986_20" refElementId="_2024x_2_65d022e_1743349911432_647986_20" humanType="Actor" classType="Actor" owner="_2024x_2_65d022e_1742809374188_439862_43" ownerRefId="_2024x_2_65d022e_1742809374188_439862_43" name="Flugzeug" icon="index_files/icon_actor_822251077.jpg" hasLink="false" hasActiveHyperLink="false"/><actor refid="_2024x_2_65d022e_1742809549890_813222_48" refElementId="_2024x_2_65d022e_1742809549890_813222_48" humanType="Actor" classType="Actor" owner="_2024x_2_65d022e_1742809374188_439862_43" ownerRefId="_2024x_2_65d022e_1742809374188_439862_43" name="Kabinenbesatzung" icon="index_files/icon_actor_822251077.jpg" hasLink="false" hasActiveHyperLink="false"/><actor refid="_2024x_2_65d022e_1742809606654_970719_49" refElementId="_2024x_2_65d022e_1742809606654_970719_49" humanType="Actor" classType="Actor" owner="_2024x_2_65d022e_1742809374188_439862_43" ownerRefId="_2024x_2_65d022e_1742809374188_439862_43" name="Passagier" icon="index_files/icon_actor_822251077.jpg" hasLink="false" hasActiveHyperLink="false"/><association refid="_2024x_2_65d022e_1751201933903_772128_4147" refElementId="_2024x_2_65d022e_1751201933903_772128_4147" humanType="Association" classType="Association" owner="_2024x_2_65d022e_1742809374188_439862_43" ownerRefId="_2024x_2_65d022e_1742809374188_439862_43" name="Association[Bodenstation - Anwendungsfall 6: Datenaustausch zwischen dem Flugzeug und einer Bodenstation am Flughafen zur Übermittlung von Informationen an die Fluggesellschaft.]" isRelationship="true" icon="index_files/icon_association_1864756523.jpg" hasChild="true" hasLink="false" hasActiveHyperLink="false"/><association refid="_2024x_2_65d022e_1751202116045_747982_4198" refElementId="_2024x_2_65d022e_1751202116045_747982_4198" humanType="Association" classType="Association" owner="_2024x_2_65d022e_1742809374188_439862_43" ownerRefId="_2024x_2_65d022e_1742809374188_439862_43" name="Association[Kabinenbesatzung - Anwendungsfall 3: Automatisches Organisieren aller Bestellungen in Form von priorisierten Bestelllisten in der Flugzeugküche.]" isRelationship="true" icon="index_files/icon_association_1864756523.jpg" hasChild="true" hasLink="false" hasActiveHyperLink="false"/><association refid="_2024x_2_65d022e_1751202132673_127263_4211" refElementId="_2024x_2_65d022e_1751202132673_127263_4211" humanType="Association" classType="Association" owner="_2024x_2_65d022e_1742809374188_439862_43" ownerRefId="_2024x_2_65d022e_1742809374188_439862_43" name="Association[Kabinenbesatzung - Anwendungsfall 4: Statusüberwachung der Geräte in der Flugzeugküche für die Kabinenbesatzung.]" isRelationship="true" icon="index_files/icon_association_1864756523.jpg" hasChild="true" hasLink="false" hasActiveHyperLink="false"/><association refid="_2024x_2_65d022e_1751201955565_189792_4160" refElementId="_2024x_2_65d022e_1751201955565_189792_4160" humanType="Association" classType="Association" owner="_2024x_2_65d022e_1742809374188_439862_43" ownerRefId="_2024x_2_65d022e_1742809374188_439862_43" name="Association[Passagier - Anwendungsfall 1: Bestellen von Speisen und Getränken am Passagiersitz auf Basis einer kundenabhängigen Angebotsliste.]" isRelationship="true" icon="index_files/icon_association_1864756523.jpg" hasChild="true" hasLink="false" hasActiveHyperLink="false"/><association refid="_2024x_2_65d022e_1751201929749_30405_4134" refElementId="_2024x_2_65d022e_1751201929749_30405_4134" humanType="Association" classType="Association" owner="_2024x_2_65d022e_1742809374188_439862_43" ownerRefId="_2024x_2_65d022e_1742809374188_439862_43" name="Association[Passagier - Anwendungsfall 2: Bezahlen mit Hilfe eines digitalen Bezahlmanagements.]" isRelationship="true" icon="index_files/icon_association_1864756523.jpg" hasChild="true" hasLink="false" hasActiveHyperLink="false"/><association refid="_2024x_2_65d022e_1751202322714_864290_4236" refElementId="_2024x_2_65d022e_1751202322714_864290_4236" humanType="Association" classType="Association" owner="_2024x_2_65d022e_1742809374188_439862_43" ownerRefId="_2024x_2_65d022e_1742809374188_439862_43" name="Association[Passagier - Anwendungsfall 5: Flugroutenabhängige Catering mit Hilfe der Speicherung von personenbezogener Verbrauchsdatenerhebung.]" isRelationship="true" icon="index_files/icon_association_1864756523.jpg" hasChild="true" hasLink="false" hasActiveHyperLink="false"/></ownedElement></package>