<?xml version='1.0' encoding='UTF-8'?><stereotype refid="_2024x_2_1b700d9_1721994945897_678230_6945" refElementId="_2024x_2_1b700d9_1721994945897_678230_6945" humanType="Stereotype" classType="Stereotype" owner="_2024x_2_1b700d9_1721994904486_396986_6604" ownerRefId="_2024x_2_1b700d9_1721994904486_396986_6604" name="SecurityValuationModel [Class]" hasChild="true" hasLink="false" hasActiveHyperLink="false"><ownedElement><property refid="_2024x_2_1b700d9_1721994945902_517823_6971" refElementId="_2024x_2_1b700d9_1721994945902_517823_6971" humanType="Property" classType="Property" owner="_2024x_2_1b700d9_1721994945897_678230_6945" ownerRefId="_2024x_2_1b700d9_1721994945897_678230_6945" name="+securityAttributes : SecurityAttribute [1..*] = " icon="index_files/icon_property_514738438.jpg" hasLink="false" hasActiveHyperLink="false"/><property refid="_2024x_2_1b700d9_1721994945902_220617_6972" refElementId="_2024x_2_1b700d9_1721994945902_220617_6972" humanType="Property" classType="Property" owner="_2024x_2_1b700d9_1721994945897_678230_6945" ownerRefId="_2024x_2_1b700d9_1721994945897_678230_6945" name="+impactClassification : EffectSeverity [1]" icon="index_files/icon_property_514738438.jpg" hasLink="false" hasActiveHyperLink="false"/><property refid="_2024x_2_156c03bb_1722443946907_245199_3087" refElementId="_2024x_2_156c03bb_1722443946907_245199_3087" humanType="Property" classType="Property" owner="_2024x_2_1b700d9_1721994945897_678230_6945" ownerRefId="_2024x_2_1b700d9_1721994945897_678230_6945" name="-base_Class : Class" icon="index_files/icon_property_514738438.jpg" hasLink="false" hasActiveHyperLink="false"/><property refid="_2024x_2_1b700d9_1722882178352_785210_3529" refElementId="_2024x_2_1b700d9_1722882178352_785210_3529" humanType="Property" classType="Property" owner="_2024x_2_1b700d9_1721994945897_678230_6945" ownerRefId="_2024x_2_1b700d9_1721994945897_678230_6945" name="+likelihoodClassification : LevelOfThreat [1]" icon="index_files/icon_property_514738438.jpg" hasLink="false" hasActiveHyperLink="false"/><property refid="_2024x_2_1b700d9_1722968274817_162755_5017" refElementId="_2024x_2_1b700d9_1722968274817_162755_5017" humanType="Property" classType="Property" owner="_2024x_2_1b700d9_1721994945897_678230_6945" ownerRefId="_2024x_2_1b700d9_1721994945897_678230_6945" name="+riskClassification : Risk [1]" icon="index_files/icon_property_514738438.jpg" hasLink="false" hasActiveHyperLink="false"/><property refid="_2024x_2_1b700d9_1722968194566_272373_4999" refElementId="_2024x_2_1b700d9_1722968194566_272373_4999" humanType="Property" classType="Property" owner="_2024x_2_1b700d9_1721994945897_678230_6945" ownerRefId="_2024x_2_1b700d9_1721994945897_678230_6945" name="+riskMatrix : RiskMatrix [1]" icon="index_files/icon_property_514738438.jpg" hasLink="false" hasActiveHyperLink="false"/><property refid="_2024x_3_1b700d9_1733126941885_757848_3690" refElementId="_2024x_3_1b700d9_1733126941885_757848_3690" humanType="Property" classType="Property" owner="_2024x_2_1b700d9_1721994945897_678230_6945" ownerRefId="_2024x_2_1b700d9_1721994945897_678230_6945" name="+effectivenessMatrix : RiskMatrix [1]" icon="index_files/icon_property_514738438.jpg" hasLink="false" hasActiveHyperLink="false"/><generalization refid="_2024x_2_156c03bb_1722443946877_649889_3085" refElementId="_2024x_2_156c03bb_1722443946877_649889_3085" humanType="Generalization" classType="Generalization" owner="_2024x_2_1b700d9_1721994945897_678230_6945" ownerRefId="_2024x_2_1b700d9_1721994945897_678230_6945" name="Generalization[SecurityValuationModel -> Block]" isRelationship="true" icon="index_files/icon_generalization_467937204.jpg" hasLink="false" hasActiveHyperLink="false"/><image refid="_2024x_3_1b700d9_1733330720479_755469_3037" refElementId="_2024x_3_1b700d9_1733330720479_755469_3037" isHidden="true"/></ownedElement></stereotype>