<?xml version='1.0' encoding='UTF-8'?><package refid="_2024x_2_1b700d9_1721994904486_396986_6604" refElementId="_2024x_2_1b700d9_1721994904486_396986_6604" humanType="Package" classType="Package" owner="_2024x_2_1b700d9_1721994356485_186650_1321" ownerRefId="_2024x_2_1b700d9_1721994356485_186650_1321" name="SysML4Sec Core Profile" hasChild="true" hasLink="false" hasActiveHyperLink="false"><ownedElement><diagram refid="_2024x_3_1b700d9_1733750225206_531762_3055" refElementId="_2024x_3_1b700d9_1733750225206_531762_3055" humanType="Diagram" classType="Diagram" diagramType="profilediagram" owner="_2024x_2_1b700d9_1721994904486_396986_6604" ownerRefId="_2024x_2_1b700d9_1721994904486_396986_6604" name="SysML4Sec Core Profile - Security Asset" icon="index_files/icon_Profile Diagram_1212581766.jpg" hasLink="false" hasActiveHyperLink="false"/><diagram refid="_2024x_3_1b700d9_1732552216707_145941_3047" refElementId="_2024x_3_1b700d9_1732552216707_145941_3047" humanType="Diagram" classType="Diagram" diagramType="profilediagram" owner="_2024x_2_1b700d9_1721994904486_396986_6604" ownerRefId="_2024x_2_1b700d9_1721994904486_396986_6604" name="SysML4Sec Core Profile - Security Measures" icon="index_files/icon_Profile Diagram_1212581766.jpg" hasLink="false" hasActiveHyperLink="false"/><diagram refid="_2024x_2_1b700d9_1721994904489_195205_6624" refElementId="_2024x_2_1b700d9_1721994904489_195205_6624" humanType="Diagram" classType="Diagram" diagramType="profilediagram" owner="_2024x_2_1b700d9_1721994904486_396986_6604" ownerRefId="_2024x_2_1b700d9_1721994904486_396986_6604" name="SysML4Sec Core Profile - Valuation Model" icon="index_files/icon_Profile Diagram_1212581766.jpg" hasLink="false" hasActiveHyperLink="false"/><customization refid="_2024x_2_1b700d9_1723120949509_295368_3747" refElementId="_2024x_2_1b700d9_1723120949509_295368_3747" humanType="Customization" classType="Class" owner="_2024x_2_1b700d9_1721994904486_396986_6604" ownerRefId="_2024x_2_1b700d9_1721994904486_396986_6604" name="EffectSeverityCustomization" icon="index_files/icon_customization_1678937689.jpg" hasLink="false" hasActiveHyperLink="false"/><customization refid="_2024x_2_1b700d9_1722967497386_633733_3325" refElementId="_2024x_2_1b700d9_1722967497386_633733_3325" humanType="Customization" classType="Class" owner="_2024x_2_1b700d9_1721994904486_396986_6604" ownerRefId="_2024x_2_1b700d9_1721994904486_396986_6604" name="EffectSeverityValueCustomization" icon="index_files/icon_customization_1678937689.jpg" hasLink="false" hasActiveHyperLink="false"/><customization refid="_2024x_3_1b700d9_1733329206380_826230_3044" refElementId="_2024x_3_1b700d9_1733329206380_826230_3044" humanType="Customization" classType="Class" owner="_2024x_2_1b700d9_1721994904486_396986_6604" ownerRefId="_2024x_2_1b700d9_1721994904486_396986_6604" name="FunctionalSecurityMeasureCustomization" icon="index_files/icon_customization_1678937689.jpg" hasLink="false" hasActiveHyperLink="false"/><customization refid="_2024x_2_1b700d9_1723120024946_738419_3683" refElementId="_2024x_2_1b700d9_1723120024946_738419_3683" humanType="Customization" classType="Class" owner="_2024x_2_1b700d9_1721994904486_396986_6604" ownerRefId="_2024x_2_1b700d9_1721994904486_396986_6604" name="LevelOfThreatCustomization" icon="index_files/icon_customization_1678937689.jpg" hasLink="false" hasActiveHyperLink="false"/><customization refid="_2024x_2_1b700d9_1722967497388_180525_3340" refElementId="_2024x_2_1b700d9_1722967497388_180525_3340" humanType="Customization" classType="Class" owner="_2024x_2_1b700d9_1721994904486_396986_6604" ownerRefId="_2024x_2_1b700d9_1721994904486_396986_6604" name="LevelOfThreatValueCustomization" icon="index_files/icon_customization_1678937689.jpg" hasLink="false" hasActiveHyperLink="false"/><customization refid="_2024x_3_1b700d9_1732551962342_344250_2971" refElementId="_2024x_3_1b700d9_1732551962342_344250_2971" humanType="Customization" classType="Class" owner="_2024x_2_1b700d9_1721994904486_396986_6604" ownerRefId="_2024x_2_1b700d9_1721994904486_396986_6604" name="NonFunctionalSecurityMeasureCustomization" icon="index_files/icon_customization_1678937689.jpg" hasChild="true" hasLink="false" hasActiveHyperLink="false"/><customization refid="_2024x_2_1b700d9_1723121104638_140555_3797" refElementId="_2024x_2_1b700d9_1723121104638_140555_3797" humanType="Customization" classType="Class" owner="_2024x_2_1b700d9_1721994904486_396986_6604" ownerRefId="_2024x_2_1b700d9_1721994904486_396986_6604" name="RiskCustomization" icon="index_files/icon_customization_1678937689.jpg" hasLink="false" hasActiveHyperLink="false"/><customization refid="_2024x_2_1b700d9_1722967497387_291954_3329" refElementId="_2024x_2_1b700d9_1722967497387_291954_3329" humanType="Customization" classType="Class" owner="_2024x_2_1b700d9_1721994904486_396986_6604" ownerRefId="_2024x_2_1b700d9_1721994904486_396986_6604" name="RiskMatrixBlockCustomization" icon="index_files/icon_customization_1678937689.jpg" hasLink="false" hasActiveHyperLink="false"/><customization refid="_2024x_2_1b700d9_1722967497388_747357_3339" refElementId="_2024x_2_1b700d9_1722967497388_747357_3339" humanType="Customization" classType="Class" owner="_2024x_2_1b700d9_1721994904486_396986_6604" ownerRefId="_2024x_2_1b700d9_1721994904486_396986_6604" name="RiskMatrixCustomization" icon="index_files/icon_customization_1678937689.jpg" hasLink="false" hasActiveHyperLink="false"/><customization refid="_2024x_2_1b700d9_1722967497388_75321_3341" refElementId="_2024x_2_1b700d9_1722967497388_75321_3341" humanType="Customization" classType="Class" owner="_2024x_2_1b700d9_1721994904486_396986_6604" ownerRefId="_2024x_2_1b700d9_1721994904486_396986_6604" name="RiskValueCustomization" icon="index_files/icon_customization_1678937689.jpg" hasLink="false" hasActiveHyperLink="false"/><customization refid="_2024x_3_156c03bb_1731325779332_547984_3096" refElementId="_2024x_3_156c03bb_1731325779332_547984_3096" humanType="Customization" classType="Class" owner="_2024x_2_1b700d9_1721994904486_396986_6604" ownerRefId="_2024x_2_1b700d9_1721994904486_396986_6604" name="SecurityAssetCustomization" icon="index_files/icon_customization_1678937689.jpg" hasChild="true" hasLink="false" hasActiveHyperLink="false"/><customization refid="_2024x_2_156c03bb_1722441390441_412001_3027" refElementId="_2024x_2_156c03bb_1722441390441_412001_3027" humanType="Customization" classType="Class" owner="_2024x_2_1b700d9_1721994904486_396986_6604" ownerRefId="_2024x_2_1b700d9_1721994904486_396986_6604" name="SecurityAttributeCustomization" icon="index_files/icon_customization_1678937689.jpg" hasLink="false" hasActiveHyperLink="false"/><customization refid="_2024x_2_1b700d9_1725266210690_283631_3622" refElementId="_2024x_2_1b700d9_1725266210690_283631_3622" humanType="Customization" classType="Class" owner="_2024x_2_1b700d9_1721994904486_396986_6604" ownerRefId="_2024x_2_1b700d9_1721994904486_396986_6604" name="SecurityValuationModelCustomization" icon="index_files/icon_customization_1678937689.jpg" hasLink="false" hasActiveHyperLink="false"/><stereotype refid="_2024x_2_1b700d9_1723120862818_631451_3712" refElementId="_2024x_2_1b700d9_1723120862818_631451_3712" humanType="Stereotype" classType="Stereotype" owner="_2024x_2_1b700d9_1721994904486_396986_6604" ownerRefId="_2024x_2_1b700d9_1721994904486_396986_6604" name="EffectSeverity [Enumeration]" icon="index_files/icon_stereotype_503744362.jpg" hasChild="true" hasLink="false" hasActiveHyperLink="false"/><stereotype refid="_2024x_2_1b700d9_1722967497386_421858_3321" refElementId="_2024x_2_1b700d9_1722967497386_421858_3321" humanType="Stereotype" classType="Stereotype" owner="_2024x_2_1b700d9_1721994904486_396986_6604" ownerRefId="_2024x_2_1b700d9_1721994904486_396986_6604" name="EffectSeverityValue [EnumerationLiteral]" icon="index_files/icon_stereotype_651132566.jpg" hasChild="true" hasLink="false" hasActiveHyperLink="false"/><stereotype refid="_2024x_3_1b700d9_1732521872440_672426_2970" refElementId="_2024x_3_1b700d9_1732521872440_672426_2970" humanType="Stereotype" classType="Stereotype" owner="_2024x_2_1b700d9_1721994904486_396986_6604" ownerRefId="_2024x_2_1b700d9_1721994904486_396986_6604" name="FunctionalSecurityMeasure [Class]" icon="index_files/icon_stereotype_1585074263.jpg" hasChild="true" hasLink="false" hasActiveHyperLink="false"/><stereotype refid="_2024x_2_1b700d9_1723119985504_977786_3652" refElementId="_2024x_2_1b700d9_1723119985504_977786_3652" humanType="Stereotype" classType="Stereotype" owner="_2024x_2_1b700d9_1721994904486_396986_6604" ownerRefId="_2024x_2_1b700d9_1721994904486_396986_6604" name="LevelOfThreat [Enumeration]" icon="index_files/icon_stereotype_1046757106.jpg" hasChild="true" hasLink="false" hasActiveHyperLink="false"/><stereotype refid="_2024x_2_1b700d9_1722967497384_576015_3317" refElementId="_2024x_2_1b700d9_1722967497384_576015_3317" humanType="Stereotype" classType="Stereotype" owner="_2024x_2_1b700d9_1721994904486_396986_6604" ownerRefId="_2024x_2_1b700d9_1721994904486_396986_6604" name="LevelOfThreatRange [EnumerationLiteral]" icon="index_files/icon_stereotype_421997752.jpg" hasChild="true" hasLink="false" hasActiveHyperLink="false"/><stereotype refid="_2024x_3_1b700d9_1727098349077_918564_3461" refElementId="_2024x_3_1b700d9_1727098349077_918564_3461" humanType="Stereotype" classType="Stereotype" owner="_2024x_2_1b700d9_1721994904486_396986_6604" ownerRefId="_2024x_2_1b700d9_1721994904486_396986_6604" name="NonFunctionalSecurityMeasure [Class]" icon="index_files/icon_stereotype_560624283.jpg" hasChild="true" hasLink="false" hasActiveHyperLink="false"/><stereotype refid="_2024x_2_1b700d9_1723121068253_696510_3771" refElementId="_2024x_2_1b700d9_1723121068253_696510_3771" humanType="Stereotype" classType="Stereotype" owner="_2024x_2_1b700d9_1721994904486_396986_6604" ownerRefId="_2024x_2_1b700d9_1721994904486_396986_6604" name="Risk [Element]" icon="index_files/icon_stereotype_1130390002.jpg" hasChild="true" hasLink="false" hasActiveHyperLink="false"/><stereotype refid="_2024x_2_1b700d9_1722967497388_617925_3336" refElementId="_2024x_2_1b700d9_1722967497388_617925_3336" humanType="Stereotype" classType="Stereotype" owner="_2024x_2_1b700d9_1721994904486_396986_6604" ownerRefId="_2024x_2_1b700d9_1721994904486_396986_6604" name="RiskMatrix [Element]" icon="index_files/icon_stereotype_201706144.jpg" hasChild="true" hasLink="false" hasActiveHyperLink="false"/><stereotype refid="_2024x_2_1b700d9_1722967497386_674661_3326" refElementId="_2024x_2_1b700d9_1722967497386_674661_3326" humanType="Stereotype" classType="Stereotype" owner="_2024x_2_1b700d9_1721994904486_396986_6604" ownerRefId="_2024x_2_1b700d9_1721994904486_396986_6604" name="RiskMatrixBlock [Element]" icon="index_files/icon_stereotype_11154124.jpg" hasChild="true" hasLink="false" hasActiveHyperLink="false"/><stereotype refid="_2024x_2_1b700d9_1722967497387_538267_3333" refElementId="_2024x_2_1b700d9_1722967497387_538267_3333" humanType="Stereotype" classType="Stereotype" owner="_2024x_2_1b700d9_1721994904486_396986_6604" ownerRefId="_2024x_2_1b700d9_1721994904486_396986_6604" name="RiskValue [EnumerationLiteral]" icon="index_files/icon_stereotype_1324618035.jpg" hasChild="true" hasLink="false" hasActiveHyperLink="false"/><stereotype refid="_2024x_2_1b700d9_1721994945897_768112_6950" refElementId="_2024x_2_1b700d9_1721994945897_768112_6950" humanType="Stereotype" classType="Stereotype" owner="_2024x_2_1b700d9_1721994904486_396986_6604" ownerRefId="_2024x_2_1b700d9_1721994904486_396986_6604" name="SecurityAsset [Class]" icon="index_files/icon_stereotype_1363550624.jpg" hasChild="true" hasLink="false" hasActiveHyperLink="false"/><stereotype refid="_2024x_2_1b700d9_1721994904488_60912_6615" refElementId="_2024x_2_1b700d9_1721994904488_60912_6615" humanType="Stereotype" classType="Stereotype" owner="_2024x_2_1b700d9_1721994904486_396986_6604" ownerRefId="_2024x_2_1b700d9_1721994904486_396986_6604" name="SecurityAttribute [Class]" icon="index_files/icon_stereotype_643459455.jpg" hasChild="true" hasLink="false" hasActiveHyperLink="false"/><stereotype refid="_2024x_3_1b700d9_1732617915625_869774_3070" refElementId="_2024x_3_1b700d9_1732617915625_869774_3070" humanType="Stereotype" classType="Stereotype" owner="_2024x_2_1b700d9_1721994904486_396986_6604" ownerRefId="_2024x_2_1b700d9_1721994904486_396986_6604" name="SecurityMeasure [Element]" icon="index_files/icon_stereotype_273714086.jpg" hasChild="true" hasLink="false" hasActiveHyperLink="false"/><stereotype refid="_2024x_2_1b700d9_1721994945897_678230_6945" refElementId="_2024x_2_1b700d9_1721994945897_678230_6945" humanType="Stereotype" classType="Stereotype" owner="_2024x_2_1b700d9_1721994904486_396986_6604" ownerRefId="_2024x_2_1b700d9_1721994904486_396986_6604" name="SecurityValuationModel [Class]" icon="index_files/icon_stereotype_1620121668.jpg" hasChild="true" hasLink="false" hasActiveHyperLink="false"/><association refid="_2024x_3_1b700d9_1733318547160_967522_3040" refElementId="_2024x_3_1b700d9_1733318547160_967522_3040" humanType="Association" classType="Association" owner="_2024x_2_1b700d9_1721994904486_396986_6604" ownerRefId="_2024x_2_1b700d9_1721994904486_396986_6604" name="Association[color:Color &lt;- RiskValue]" isRelationship="true" icon="index_files/icon_association_1169510737.jpg" hasChild="true" hasLink="false" hasActiveHyperLink="false"/><association refid="_2024x_3_1b700d9_1733126983115_566085_3701" refElementId="_2024x_3_1b700d9_1733126983115_566085_3701" humanType="Association" classType="Association" owner="_2024x_2_1b700d9_1721994904486_396986_6604" ownerRefId="_2024x_2_1b700d9_1721994904486_396986_6604" name="Association[effectivenessMatrix:RiskMatrix &lt;- SecurityValuationModel]" isRelationship="true" icon="index_files/icon_association_1169510737.jpg" hasChild="true" hasLink="false" hasActiveHyperLink="false"/><association refid="_2024x_2_1b700d9_1722967497387_114525_3330" refElementId="_2024x_2_1b700d9_1722967497387_114525_3330" humanType="Association" classType="Association" owner="_2024x_2_1b700d9_1721994904486_396986_6604" ownerRefId="_2024x_2_1b700d9_1721994904486_396986_6604" name="Association[effectSeverity:EffectSeverityValue &lt;- RiskMatrixBlock]" isRelationship="true" icon="index_files/icon_association_1169510737.jpg" hasChild="true" hasLink="false" hasActiveHyperLink="false"/><association refid="_2024x_2_1b700d9_1721994945897_609862_6948" refElementId="_2024x_2_1b700d9_1721994945897_609862_6948" humanType="Association" classType="Association" owner="_2024x_2_1b700d9_1721994904486_396986_6604" ownerRefId="_2024x_2_1b700d9_1721994904486_396986_6604" name="Association[impactClassification:EffectSeverity &lt;- SecurityValuationModel]" isRelationship="true" icon="index_files/icon_association_1169510737.jpg" hasChild="true" hasLink="false" hasActiveHyperLink="false"/><association refid="_2024x_2_1b700d9_1722967497387_577239_3331" refElementId="_2024x_2_1b700d9_1722967497387_577239_3331" humanType="Association" classType="Association" owner="_2024x_2_1b700d9_1721994904486_396986_6604" ownerRefId="_2024x_2_1b700d9_1721994904486_396986_6604" name="Association[levelOfThreatRange:LevelOfThreatRange &lt;- RiskMatrixBlock]" isRelationship="true" icon="index_files/icon_association_1169510737.jpg" hasChild="true" hasLink="false" hasActiveHyperLink="false"/><association refid="_2024x_2_1b700d9_1722882209437_662440_3531" refElementId="_2024x_2_1b700d9_1722882209437_662440_3531" humanType="Association" classType="Association" owner="_2024x_2_1b700d9_1721994904486_396986_6604" ownerRefId="_2024x_2_1b700d9_1721994904486_396986_6604" name="Association[likelihoodClassification:LevelOfThreat &lt;- SecurityValuationModel]" isRelationship="true" icon="index_files/icon_association_1169510737.jpg" hasChild="true" hasLink="false" hasActiveHyperLink="false"/><association refid="_2024x_2_1b700d9_1722967497385_167790_3319" refElementId="_2024x_2_1b700d9_1722967497385_167790_3319" humanType="Association" classType="Association" owner="_2024x_2_1b700d9_1721994904486_396986_6604" ownerRefId="_2024x_2_1b700d9_1721994904486_396986_6604" name="Association[lowerBound:Integer &lt;- LevelOfThreatRange]" isRelationship="true" icon="index_files/icon_association_1169510737.jpg" hasChild="true" hasLink="false" hasActiveHyperLink="false"/><association refid="_2024x_2_1b700d9_1722967497386_270226_3324" refElementId="_2024x_2_1b700d9_1722967497386_270226_3324" humanType="Association" classType="Association" owner="_2024x_2_1b700d9_1721994904486_396986_6604" ownerRefId="_2024x_2_1b700d9_1721994904486_396986_6604" name="Association[rank:Integer &lt;- EffectSeverityValue]" isRelationship="true" icon="index_files/icon_association_1169510737.jpg" hasChild="true" hasLink="false" hasActiveHyperLink="false"/><association refid="_2024x_2_1b700d9_1722968294612_532120_5021" refElementId="_2024x_2_1b700d9_1722968294612_532120_5021" humanType="Association" classType="Association" owner="_2024x_2_1b700d9_1721994904486_396986_6604" ownerRefId="_2024x_2_1b700d9_1721994904486_396986_6604" name="Association[riskClassification:Risk &lt;- SecurityValuationModel]" isRelationship="true" icon="index_files/icon_association_1169510737.jpg" hasChild="true" hasLink="false" hasActiveHyperLink="false"/><association refid="_2024x_2_1b700d9_1722968235011_762246_5003" refElementId="_2024x_2_1b700d9_1722968235011_762246_5003" humanType="Association" classType="Association" owner="_2024x_2_1b700d9_1721994904486_396986_6604" ownerRefId="_2024x_2_1b700d9_1721994904486_396986_6604" name="Association[riskMatrix:RiskMatrix &lt;- SecurityValuationModel]" isRelationship="true" icon="index_files/icon_association_1169510737.jpg" hasChild="true" hasLink="false" hasActiveHyperLink="false"/><association refid="_2024x_2_1b700d9_1722967497387_522098_3332" refElementId="_2024x_2_1b700d9_1722967497387_522098_3332" humanType="Association" classType="Association" owner="_2024x_2_1b700d9_1721994904486_396986_6604" ownerRefId="_2024x_2_1b700d9_1721994904486_396986_6604" name="Association[riskValue:RiskValue &lt;- RiskMatrixBlock]" isRelationship="true" icon="index_files/icon_association_1169510737.jpg" hasChild="true" hasLink="false" hasActiveHyperLink="false"/><association refid="_2024x_2_1b700d9_1721994945897_192371_6947" refElementId="_2024x_2_1b700d9_1721994945897_192371_6947" humanType="Association" classType="Association" owner="_2024x_2_1b700d9_1721994904486_396986_6604" ownerRefId="_2024x_2_1b700d9_1721994904486_396986_6604" name="Association[securityAttributes:SecurityAttribute &lt;- SecurityValuationModel]" isRelationship="true" icon="index_files/icon_association_1169510737.jpg" hasChild="true" hasLink="false" hasActiveHyperLink="false"/><association refid="_2024x_2_1b700d9_1722967497385_660781_3320" refElementId="_2024x_2_1b700d9_1722967497385_660781_3320" humanType="Association" classType="Association" owner="_2024x_2_1b700d9_1721994904486_396986_6604" ownerRefId="_2024x_2_1b700d9_1721994904486_396986_6604" name="Association[upperBound:Integer &lt;- LevelOfThreatRange]" isRelationship="true" icon="index_files/icon_association_1169510737.jpg" hasChild="true" hasLink="false" hasActiveHyperLink="false"/><extension refid="_2024x_2_1b700d9_1723121068254_709192_3772" refElementId="_2024x_2_1b700d9_1723121068254_709192_3772" humanType="Extension" classType="Extension" owner="_2024x_2_1b700d9_1721994904486_396986_6604" ownerRefId="_2024x_2_1b700d9_1721994904486_396986_6604" name="Extension[extension_:Risk - base_Element:Element]" isRelationship="true" icon="index_files/icon_extension_455221454.jpg" hasChild="true" hasLink="false" hasActiveHyperLink="false"/><extension refid="_2024x_2_1b700d9_1722967497388_301447_3338" refElementId="_2024x_2_1b700d9_1722967497388_301447_3338" humanType="Extension" classType="Extension" owner="_2024x_2_1b700d9_1721994904486_396986_6604" ownerRefId="_2024x_2_1b700d9_1721994904486_396986_6604" name="Extension[extension_:RiskMatrix - base_Element:Element]" isRelationship="true" icon="index_files/icon_extension_455221454.jpg" hasChild="true" hasLink="false" hasActiveHyperLink="false"/><extension refid="_2024x_2_1b700d9_1722967497387_867487_3328" refElementId="_2024x_2_1b700d9_1722967497387_867487_3328" humanType="Extension" classType="Extension" owner="_2024x_2_1b700d9_1721994904486_396986_6604" ownerRefId="_2024x_2_1b700d9_1721994904486_396986_6604" name="Extension[extension_:RiskMatrixBlock - base_Element:Element]" isRelationship="true" icon="index_files/icon_extension_455221454.jpg" hasChild="true" hasLink="false" hasActiveHyperLink="false"/><extension refid="_2024x_2_1b700d9_1721994904488_109608_6616" refElementId="_2024x_2_1b700d9_1721994904488_109608_6616" humanType="Extension" classType="Extension" owner="_2024x_2_1b700d9_1721994904486_396986_6604" ownerRefId="_2024x_2_1b700d9_1721994904486_396986_6604" name="Extension[extension_:SecurityAttribute - base_Element:Class]" isRelationship="true" icon="index_files/icon_extension_455221454.jpg" hasChild="true" hasLink="false" hasActiveHyperLink="false"/><extension refid="_2024x_3_1b700d9_1732617915626_595177_3071" refElementId="_2024x_3_1b700d9_1732617915626_595177_3071" humanType="Extension" classType="Extension" owner="_2024x_2_1b700d9_1721994904486_396986_6604" ownerRefId="_2024x_2_1b700d9_1721994904486_396986_6604" name="Extension[extension_:SecurityMeasure - base_Element:Element]" isRelationship="true" icon="index_files/icon_extension_455221454.jpg" hasChild="true" hasLink="false" hasActiveHyperLink="false"/><extension refid="_2024x_2_1b700d9_1723120862821_414722_3715" refElementId="_2024x_2_1b700d9_1723120862821_414722_3715" humanType="Extension" classType="Extension" owner="_2024x_2_1b700d9_1721994904486_396986_6604" ownerRefId="_2024x_2_1b700d9_1721994904486_396986_6604" name="Extension[extension_LevelOfThreat:EffectSeverity - base_Enumeration:Enumeration]" isRelationship="true" icon="index_files/icon_extension_455221454.jpg" hasChild="true" hasLink="false" hasActiveHyperLink="false"/><extension refid="_2024x_2_1b700d9_1723120018460_216098_3676" refElementId="_2024x_2_1b700d9_1723120018460_216098_3676" humanType="Extension" classType="Extension" owner="_2024x_2_1b700d9_1721994904486_396986_6604" ownerRefId="_2024x_2_1b700d9_1721994904486_396986_6604" name="Extension[extension_LevelOfThreat:LevelOfThreat - base_Enumeration:Enumeration]" isRelationship="true" icon="index_files/icon_extension_455221454.jpg" hasChild="true" hasLink="false" hasActiveHyperLink="false"/><extension refid="_2024x_2_1b700d9_1722967497388_677433_3342" refElementId="_2024x_2_1b700d9_1722967497388_677433_3342" humanType="Extension" classType="Extension" owner="_2024x_2_1b700d9_1721994904486_396986_6604" ownerRefId="_2024x_2_1b700d9_1721994904486_396986_6604" name="Extension[extension_LevelOfThreatValue:LevelOfThreatRange - base_EnumerationLiteral:EnumerationLiteral]" isRelationship="true" icon="index_files/icon_extension_455221454.jpg" hasChild="true" hasLink="false" hasActiveHyperLink="false"/><extension refid="_2024x_2_1b700d9_1722967497386_604897_3323" refElementId="_2024x_2_1b700d9_1722967497386_604897_3323" humanType="Extension" classType="Extension" owner="_2024x_2_1b700d9_1721994904486_396986_6604" ownerRefId="_2024x_2_1b700d9_1721994904486_396986_6604" name="Extension[extension_OrderedLiteral:EffectSeverityValue - base_EnumerationLiteral:EnumerationLiteral]" isRelationship="true" icon="index_files/icon_extension_455221454.jpg" hasChild="true" hasLink="false" hasActiveHyperLink="false"/><extension refid="_2024x_2_1b700d9_1722967497387_929628_3335" refElementId="_2024x_2_1b700d9_1722967497387_929628_3335" humanType="Extension" classType="Extension" owner="_2024x_2_1b700d9_1721994904486_396986_6604" ownerRefId="_2024x_2_1b700d9_1721994904486_396986_6604" name="Extension[extension_RiskValue:RiskValue - base_EnumerationLiteral:EnumerationLiteral]" isRelationship="true" icon="index_files/icon_extension_455221454.jpg" hasChild="true" hasLink="false" hasActiveHyperLink="false"/><extension refid="_2024x_2_1b700d9_1721994945898_531379_6952" refElementId="_2024x_2_1b700d9_1721994945898_531379_6952" humanType="Extension" classType="Extension" owner="_2024x_2_1b700d9_1721994904486_396986_6604" ownerRefId="_2024x_2_1b700d9_1721994904486_396986_6604" name="Extension[extension_SecurityFunction:SecurityAsset - base_Class:Class]" isRelationship="true" icon="index_files/icon_extension_455221454.jpg" hasChild="true" hasLink="false" hasActiveHyperLink="false"/><extension refid="_2024x_3_1b700d9_1727167332163_852523_3551" refElementId="_2024x_3_1b700d9_1727167332163_852523_3551" humanType="Extension" classType="Extension" owner="_2024x_2_1b700d9_1721994904486_396986_6604" ownerRefId="_2024x_2_1b700d9_1721994904486_396986_6604" name="Extension[extension_SecurityMeasure:NonFunctionalSecurityMeasure - base_Class:Class]" isRelationship="true" icon="index_files/icon_extension_455221454.jpg" hasChild="true" hasLink="false" hasActiveHyperLink="false"/><extension refid="_2024x_2_156c03bb_1722443946907_96056_3086" refElementId="_2024x_2_156c03bb_1722443946907_96056_3086" humanType="Extension" classType="Extension" owner="_2024x_2_1b700d9_1721994904486_396986_6604" ownerRefId="_2024x_2_1b700d9_1721994904486_396986_6604" name="Extension[extension_SecurityValuationModel:SecurityValuationModel - base_Class:Class]" isRelationship="true" icon="index_files/icon_extension_455221454.jpg" hasChild="true" hasLink="false" hasActiveHyperLink="false"/><extension refid="_2024x_3_1b700d9_1732521889993_17848_2997" refElementId="_2024x_3_1b700d9_1732521889993_17848_2997" humanType="Extension" classType="Extension" owner="_2024x_2_1b700d9_1721994904486_396986_6604" ownerRefId="_2024x_2_1b700d9_1721994904486_396986_6604" name="Extension[extension_SystemSecurityMeasure:FunctionalSecurityMeasure - base_Class:Class]" isRelationship="true" icon="index_files/icon_extension_455221454.jpg" hasChild="true" hasLink="false" hasActiveHyperLink="false"/></ownedElement></package>