<?xml version='1.0' encoding='UTF-8'?><customization refid="_2024x_2_1b700d9_1723118660826_18161_3385" refElementId="_2024x_2_1b700d9_1723118660826_18161_3385" humanType="Customization" classType="Class" owner="_2024x_2_156c03bb_1720472179846_246262_2849" ownerRefId="_2024x_2_156c03bb_1720472179846_246262_2849" name="AttackPathCustomization" hasChild="true" hasLink="false" hasActiveHyperLink="false"><ownedElement><autonumberingproperty refid="_2024x_2_1b700d9_1723119352455_308259_3465" refElementId="_2024x_2_1b700d9_1723119352455_308259_3465" humanType="Auto Numbering Property" classType="Property" owner="_2024x_2_1b700d9_1723118660826_18161_3385" ownerRefId="_2024x_2_1b700d9_1723118660826_18161_3385" name="-autoNumber" icon="index_files/icon_autonumberingproperty_514738438.jpg" hasLink="false" hasActiveHyperLink="false"/><derivedpropertyspecification refid="_2024x_2_156c03bb_1724631995296_99350_3020" refElementId="_2024x_2_156c03bb_1724631995296_99350_3020" humanType="Derived Property Specification" classType="Property" owner="_2024x_2_1b700d9_1723118660826_18161_3385" ownerRefId="_2024x_2_1b700d9_1723118660826_18161_3385" name="-Elapsed Time : EnumerationLiteral [0..1]" icon="index_files/icon_derivedpropertyspecification_514738438.jpg" hasLink="false" hasActiveHyperLink="false"/><derivedpropertyspecification refid="_2024x_2_156c03bb_1724632113961_184194_3030" refElementId="_2024x_2_156c03bb_1724632113961_184194_3030" humanType="Derived Property Specification" classType="Property" owner="_2024x_2_1b700d9_1723118660826_18161_3385" ownerRefId="_2024x_2_1b700d9_1723118660826_18161_3385" name="-Expertise : EnumerationLiteral [0..1]" icon="index_files/icon_derivedpropertyspecification_514738438.jpg" hasLink="false" hasActiveHyperLink="false"/><derivedpropertyspecification refid="_2024x_2_156c03bb_1724632145555_178884_3035" refElementId="_2024x_2_156c03bb_1724632145555_178884_3035" humanType="Derived Property Specification" classType="Property" owner="_2024x_2_1b700d9_1723118660826_18161_3385" ownerRefId="_2024x_2_1b700d9_1723118660826_18161_3385" name="-Knowledge of TOE : EnumerationLiteral [0..1]" icon="index_files/icon_derivedpropertyspecification_514738438.jpg" hasLink="false" hasActiveHyperLink="false"/><derivedpropertyspecification refid="_2024x_2_156c03bb_1724632230834_552263_3045" refElementId="_2024x_2_156c03bb_1724632230834_552263_3045" humanType="Derived Property Specification" classType="Property" owner="_2024x_2_1b700d9_1723118660826_18161_3385" ownerRefId="_2024x_2_1b700d9_1723118660826_18161_3385" name="-Equipment : EnumerationLiteral [0..1]" icon="index_files/icon_derivedpropertyspecification_514738438.jpg" hasLink="false" hasActiveHyperLink="false"/><derivedpropertyspecification refid="_2024x_2_156c03bb_1724632193438_893011_3040" refElementId="_2024x_2_156c03bb_1724632193438_893011_3040" humanType="Derived Property Specification" classType="Property" owner="_2024x_2_1b700d9_1723118660826_18161_3385" ownerRefId="_2024x_2_1b700d9_1723118660826_18161_3385" name="-Window of Opportunity : EnumerationLiteral [0..1]" icon="index_files/icon_derivedpropertyspecification_514738438.jpg" hasLink="false" hasActiveHyperLink="false"/><derivedpropertyspecification refid="_2024x_2_156c03bb_1724819409486_165594_3026" refElementId="_2024x_2_156c03bb_1724819409486_165594_3026" humanType="Derived Property Specification" classType="Property" owner="_2024x_2_1b700d9_1723118660826_18161_3385" ownerRefId="_2024x_2_1b700d9_1723118660826_18161_3385" name="-likelihood : Integer [0..1]" icon="index_files/icon_derivedpropertyspecification_514738438.jpg" hasLink="false" hasActiveHyperLink="false"/><derivedpropertyspecification refid="_2024x_3_156c03bb_1731485801208_601921_3086" refElementId="_2024x_3_156c03bb_1731485801208_601921_3086" humanType="Derived Property Specification" classType="Property" owner="_2024x_2_1b700d9_1723118660826_18161_3385" ownerRefId="_2024x_2_1b700d9_1723118660826_18161_3385" name="-stepsSequence : String [0..1]" icon="index_files/icon_derivedpropertyspecification_514738438.jpg" hasLink="false" hasActiveHyperLink="false"/></ownedElement></customization>