<?xml version='1.0' encoding='UTF-8'?><package refid="_2024x_2_65d022e_1742491297513_511201_44" refElementId="_2024x_2_65d022e_1742491297513_511201_44" humanType="Package" classType="Package" owner="_2024x_2_65d022e_1742060189000_770295_43" ownerRefId="_2024x_2_65d022e_1742060189000_770295_43" name="02 L2 MultiATA Level" hasChild="true" hasLink="false" hasActiveHyperLink="false"><ownedElement><package refid="_2024x_2_65d022e_1745155650458_972200_5" refElementId="_2024x_2_65d022e_1745155650458_972200_5" humanType="Package" classType="Package" owner="_2024x_2_65d022e_1742491297513_511201_44" ownerRefId="_2024x_2_65d022e_1742491297513_511201_44" name="01 MultiATA Level Functions" icon="index_files/icon_package_1954448985.jpg" hasChild="true" hasLink="false" hasActiveHyperLink="false"/><package refid="_2024x_2_65d022e_1747157963162_359887_29" refElementId="_2024x_2_65d022e_1747157963162_359887_29" humanType="Package" classType="Package" owner="_2024x_2_65d022e_1742491297513_511201_44" ownerRefId="_2024x_2_65d022e_1742491297513_511201_44" name="02 Multi ATA Level Interface Flows" icon="index_files/icon_package_1954448985.jpg" hasChild="true" hasLink="false" hasActiveHyperLink="false"/><package refid="_2024x_2_65d022e_1747743932493_284462_44" refElementId="_2024x_2_65d022e_1747743932493_284462_44" humanType="Package" classType="Package" owner="_2024x_2_65d022e_1742491297513_511201_44" ownerRefId="_2024x_2_65d022e_1742491297513_511201_44" name="03 Multi ATA Level Logical Items" icon="index_files/icon_package_1954448985.jpg" hasChild="true" hasLink="false" hasActiveHyperLink="false"/><block refid="_2024x_2_65d022e_1745256863910_407866_70" refElementId="_2024x_2_65d022e_1745256863910_407866_70" humanType="Block" classType="Class" owner="_2024x_2_65d022e_1742491297513_511201_44" ownerRefId="_2024x_2_65d022e_1742491297513_511201_44" name="Multi ATA Level horizontal functional architecture" icon="index_files/icon_block_1602044041.jpg" hasChild="true" hasLink="true" hasActiveHyperLink="false"/><block refid="_2024x_2_65d022e_1747745469406_165458_495" refElementId="_2024x_2_65d022e_1747745469406_165458_495" humanType="Block" classType="Class" owner="_2024x_2_65d022e_1742491297513_511201_44" ownerRefId="_2024x_2_65d022e_1742491297513_511201_44" name="Multi ATA Level logical architecture" icon="index_files/icon_block_1602044041.jpg" hasChild="true" hasLink="true" hasActiveHyperLink="false"/><block refid="_2024x_2_65d022e_1747720196277_721642_5" refElementId="_2024x_2_65d022e_1747720196277_721642_5" humanType="Block" classType="Class" owner="_2024x_2_65d022e_1742491297513_511201_44" ownerRefId="_2024x_2_65d022e_1742491297513_511201_44" name="Multi ATA Level vertical functional architecture" icon="index_files/icon_block_1602044041.jpg" hasChild="true" hasLink="true" hasActiveHyperLink="false"/><association refid="_2024x_2_65d022e_1745257166247_12240_278" refElementId="_2024x_2_65d022e_1745257166247_12240_278" humanType="Association" classType="Association" owner="_2024x_2_65d022e_1742491297513_511201_44" ownerRefId="_2024x_2_65d022e_1742491297513_511201_44" name="Association[Multi ATA Level horizontal functional architecture -> L2 MsFct 1: liefere ein human machine interface (HMI) für den Passanger]" isRelationship="true" icon="index_files/icon_association_1164290114.jpg" hasChild="true" hasLink="false" hasActiveHyperLink="false"/><association refid="_2024x_2_65d022e_1745257171762_434195_304" refElementId="_2024x_2_65d022e_1745257171762_434195_304" humanType="Association" classType="Association" owner="_2024x_2_65d022e_1742491297513_511201_44" ownerRefId="_2024x_2_65d022e_1742491297513_511201_44" name="Association[Multi ATA Level horizontal functional architecture -> L2 MsFct 4: authentifiziere Bediener]" isRelationship="true" icon="index_files/icon_association_1164290114.jpg" hasChild="true" hasLink="false" hasActiveHyperLink="false"/><association refid="_2024x_2_65d022e_1745257177966_264328_330" refElementId="_2024x_2_65d022e_1745257177966_264328_330" humanType="Association" classType="Association" owner="_2024x_2_65d022e_1742491297513_511201_44" ownerRefId="_2024x_2_65d022e_1742491297513_511201_44" name="Association[Multi ATA Level horizontal functional architecture -> L2 MsFct 5: liefere ein bargeldloses Bezahlsystem]" isRelationship="true" icon="index_files/icon_association_1164290114.jpg" hasChild="true" hasLink="false" hasActiveHyperLink="false"/><association refid="_2024x_2_65d022e_1745257353008_229662_408" refElementId="_2024x_2_65d022e_1745257353008_229662_408" humanType="Association" classType="Association" owner="_2024x_2_65d022e_1742491297513_511201_44" ownerRefId="_2024x_2_65d022e_1742491297513_511201_44" name="Association[Multi ATA Level horizontal functional architecture -> L2 MsFct 6: manage Bestellung von Speisen und Getränken manage  für die Kabinenbesatzung]" isRelationship="true" icon="index_files/icon_association_1164290114.jpg" hasChild="true" hasLink="false" hasActiveHyperLink="false"/><association refid="_2024x_2_65d022e_1745257346104_299155_382" refElementId="_2024x_2_65d022e_1745257346104_299155_382" humanType="Association" classType="Association" owner="_2024x_2_65d022e_1742491297513_511201_44" ownerRefId="_2024x_2_65d022e_1742491297513_511201_44" name="Association[Multi ATA Level horizontal functional architecture -> L2 MsFct 7: liefere ein human  machine interface (HMI) für die  Kabinenbesatzung]" isRelationship="true" icon="index_files/icon_association_1164290114.jpg" hasChild="true" hasLink="false" hasActiveHyperLink="false"/><association refid="_2024x_2_65d022e_1745257357798_457370_434" refElementId="_2024x_2_65d022e_1745257357798_457370_434" humanType="Association" classType="Association" owner="_2024x_2_65d022e_1742491297513_511201_44" ownerRefId="_2024x_2_65d022e_1742491297513_511201_44" name="Association[Multi ATA Level horizontal functional architecture -> L2 MsFct 8: liefere Überwachung  des Küchengerätestatus]" isRelationship="true" icon="index_files/icon_association_1164290114.jpg" hasChild="true" hasLink="false" hasActiveHyperLink="false"/><association refid="_2024x_2_65d022e_1745257195164_791973_356" refElementId="_2024x_2_65d022e_1745257195164_791973_356" humanType="Association" classType="Association" owner="_2024x_2_65d022e_1742491297513_511201_44" ownerRefId="_2024x_2_65d022e_1742491297513_511201_44" name="Association[Multi ATA Level horizontal functional architecture -> L2 MsFct 9: liefere Flugzeugdaten]" isRelationship="true" icon="index_files/icon_association_1164290114.jpg" hasChild="true" hasLink="false" hasActiveHyperLink="false"/><association refid="_2024x_2_65d022e_1745257085385_457680_122" refElementId="_2024x_2_65d022e_1745257085385_457680_122" humanType="Association" classType="Association" owner="_2024x_2_65d022e_1742491297513_511201_44" ownerRefId="_2024x_2_65d022e_1742491297513_511201_44" name="Association[Multi ATA Level horizontal functional architecture -> L2 MsMaFct 1: manage Passagiervorlieben]" isRelationship="true" icon="index_files/icon_association_1164290114.jpg" hasChild="true" hasLink="false" hasActiveHyperLink="false"/><association refid="_2024x_2_65d022e_1747745556179_830149_547" refElementId="_2024x_2_65d022e_1747745556179_830149_547" humanType="Association" classType="Association" owner="_2024x_2_65d022e_1742491297513_511201_44" ownerRefId="_2024x_2_65d022e_1742491297513_511201_44" name="Association[Multi ATA Level logical architecture -> Cabin Systems (ATA44) IFE]" isRelationship="true" icon="index_files/icon_association_1164290114.jpg" hasChild="true" hasLink="false" hasActiveHyperLink="false"/><association refid="_2024x_2_65d022e_1747745558340_14050_573" refElementId="_2024x_2_65d022e_1747745558340_14050_573" humanType="Association" classType="Association" owner="_2024x_2_65d022e_1742491297513_511201_44" ownerRefId="_2024x_2_65d022e_1742491297513_511201_44" name="Association[Multi ATA Level logical architecture -> Communications (ATA23) Air-GND COM]" isRelationship="true" icon="index_files/icon_association_1164290114.jpg" hasChild="true" hasLink="false" hasActiveHyperLink="false"/><association refid="_2024x_2_65d022e_1747745560107_462234_599" refElementId="_2024x_2_65d022e_1747745560107_462234_599" humanType="Association" classType="Association" owner="_2024x_2_65d022e_1742491297513_511201_44" ownerRefId="_2024x_2_65d022e_1742491297513_511201_44" name="Association[Multi ATA Level logical architecture -> Equipment Furnishings (ATA25) Galley]" isRelationship="true" icon="index_files/icon_association_1164290114.jpg" hasChild="true" hasLink="false" hasActiveHyperLink="false"/><association refid="_2024x_2_65d022e_1747745562225_870800_625" refElementId="_2024x_2_65d022e_1747745562225_870800_625" humanType="Association" classType="Association" owner="_2024x_2_65d022e_1742491297513_511201_44" ownerRefId="_2024x_2_65d022e_1742491297513_511201_44" name="Association[Multi ATA Level logical architecture -> Indication Recording System (ATA31) Aircraft Condition Monitoring System (ACMS)]" isRelationship="true" icon="index_files/icon_association_1164290114.jpg" hasChild="true" hasLink="false" hasActiveHyperLink="false"/><association refid="_2024x_2_65d022e_1747745564915_755113_651" refElementId="_2024x_2_65d022e_1747745564915_755113_651" humanType="Association" classType="Association" owner="_2024x_2_65d022e_1742491297513_511201_44" ownerRefId="_2024x_2_65d022e_1742491297513_511201_44" name="Association[Multi ATA Level logical architecture -> Onboard Maintenance System (ATA45)]" isRelationship="true" icon="index_files/icon_association_1164290114.jpg" hasChild="true" hasLink="false" hasActiveHyperLink="false"/><itemflow refid="_2024x_2_65d022e_1747640536728_232407_143" refElementId="_2024x_2_65d022e_1747640536728_232407_143" humanType="Item Flow" classType="InformationFlow" owner="_2024x_2_65d022e_1742491297513_511201_44" ownerRefId="_2024x_2_65d022e_1742491297513_511201_44" name="Item Flow:flow for aktuelle Flugnummer[F9PortF11 -> MaF1forF9F11]" isRelationship="true" icon="index_files/icon_itemflow_1879180026.jpg" hasLink="false" hasActiveHyperLink="false"/><itemflow refid="_2024x_2_65d022e_1748888167781_721790_1228" refElementId="_2024x_2_65d022e_1748888167781_721790_1228" humanType="Item Flow" classType="InformationFlow" owner="_2024x_2_65d022e_1742491297513_511201_44" ownerRefId="_2024x_2_65d022e_1742491297513_511201_44" name="Item Flow:flow for aktuelle Flugnummer[LB-ATA31forF9F11 -> LB-ATA45forF9F11]" isRelationship="true" icon="index_files/icon_itemflow_1879180026.jpg" hasLink="false" hasActiveHyperLink="false"/><itemflow refid="_2024x_2_65d022e_1747639252911_549773_127" refElementId="_2024x_2_65d022e_1747639252911_549773_127" humanType="Item Flow" classType="InformationFlow" owner="_2024x_2_65d022e_1742491297513_511201_44" ownerRefId="_2024x_2_65d022e_1742491297513_511201_44" name="Item Flow:flow for aktuelle Flugzeugposition[F9PortF8 -> F8PortF9]" isRelationship="true" icon="index_files/icon_itemflow_1879180026.jpg" hasLink="false" hasActiveHyperLink="false"/><itemflow refid="_2024x_2_65d022e_1748887940733_671179_1216" refElementId="_2024x_2_65d022e_1748887940733_671179_1216" humanType="Item Flow" classType="InformationFlow" owner="_2024x_2_65d022e_1742491297513_511201_44" ownerRefId="_2024x_2_65d022e_1742491297513_511201_44" name="Item Flow:flow for aktuelle Flugzeugposition[LB-ATA31forF8F9 -> LB-ATA25forF8F9]" isRelationship="true" icon="index_files/icon_itemflow_1879180026.jpg" hasLink="false" hasActiveHyperLink="false"/><itemflow refid="_2024x_2_65d022e_1747640554268_353443_146" refElementId="_2024x_2_65d022e_1747640554268_353443_146" humanType="Item Flow" classType="InformationFlow" owner="_2024x_2_65d022e_1742491297513_511201_44" ownerRefId="_2024x_2_65d022e_1742491297513_511201_44" name="Item Flow:flow for aktuelle Route[F9PortF11 -> MaF1forF9F11]" isRelationship="true" icon="index_files/icon_itemflow_1879180026.jpg" hasLink="false" hasActiveHyperLink="false"/><itemflow refid="_2024x_2_65d022e_1748888177492_501742_1231" refElementId="_2024x_2_65d022e_1748888177492_501742_1231" humanType="Item Flow" classType="InformationFlow" owner="_2024x_2_65d022e_1742491297513_511201_44" ownerRefId="_2024x_2_65d022e_1742491297513_511201_44" name="Item Flow:flow for aktuelle Route[LB-ATA31forF9F11 -> LB-ATA45forF9F11]" isRelationship="true" icon="index_files/icon_itemflow_1879180026.jpg" hasLink="false" hasActiveHyperLink="false"/><itemflow refid="_2024x_2_65d022e_1747577292459_520408_89" refElementId="_2024x_2_65d022e_1747577292459_520408_89" humanType="Item Flow" classType="InformationFlow" owner="_2024x_2_65d022e_1742491297513_511201_44" ownerRefId="_2024x_2_65d022e_1742491297513_511201_44" name="Item Flow:flow for Angebotsliste[F1PortPassenger ->  : Passagier]" isRelationship="true" icon="index_files/icon_itemflow_1879180026.jpg" hasLink="false" hasActiveHyperLink="false"/><itemflow refid="_2024x_2_65d022e_1747577655908_573692_102" refElementId="_2024x_2_65d022e_1747577655908_573692_102" humanType="Item Flow" classType="InformationFlow" owner="_2024x_2_65d022e_1742491297513_511201_44" ownerRefId="_2024x_2_65d022e_1742491297513_511201_44" name="Item Flow:flow for Angebotsliste[F4PortF1 -> F1PortF4]" isRelationship="true" icon="index_files/icon_itemflow_1879180026.jpg" hasLink="false" hasActiveHyperLink="false"/><itemflow refid="_2024x_2_65d022e_1748886693349_566231_1125" refElementId="_2024x_2_65d022e_1748886693349_566231_1125" humanType="Item Flow" classType="InformationFlow" owner="_2024x_2_65d022e_1742491297513_511201_44" ownerRefId="_2024x_2_65d022e_1742491297513_511201_44" name="Item Flow:flow for Angebotsliste[LB-ATA44forF1Passagier ->  : Passagier]" isRelationship="true" icon="index_files/icon_itemflow_1879180026.jpg" hasLink="false" hasActiveHyperLink="false"/><itemflow refid="_2024x_2_65d022e_1747639001136_311884_112" refElementId="_2024x_2_65d022e_1747639001136_311884_112" humanType="Item Flow" classType="InformationFlow" owner="_2024x_2_65d022e_1742491297513_511201_44" ownerRefId="_2024x_2_65d022e_1742491297513_511201_44" name="Item Flow:flow for Angebotsliste[MaF1forF2F4 -> F4PortF2]" isRelationship="true" icon="index_files/icon_itemflow_1879180026.jpg" hasLink="false" hasActiveHyperLink="false"/><itemflow refid="_2024x_2_65d022e_1747639416653_487673_137" refElementId="_2024x_2_65d022e_1747639416653_487673_137" humanType="Item Flow" classType="InformationFlow" owner="_2024x_2_65d022e_1742491297513_511201_44" ownerRefId="_2024x_2_65d022e_1742491297513_511201_44" name="Item Flow:flow for Auftragslisten[F6PortF7 -> F7PortF6]" isRelationship="true" icon="index_files/icon_itemflow_1879180026.jpg" hasLink="false" hasActiveHyperLink="false"/><itemflow refid="_2024x_2_65d022e_1747639386080_899266_131" refElementId="_2024x_2_65d022e_1747639386080_899266_131" humanType="Item Flow" classType="InformationFlow" owner="_2024x_2_65d022e_1742491297513_511201_44" ownerRefId="_2024x_2_65d022e_1742491297513_511201_44" name="Item Flow:flow for Auftragslisten[F7PortKabinenbesatzung ->  : Kabinenbesatzung]" isRelationship="true" icon="index_files/icon_itemflow_1879180026.jpg" hasLink="false" hasActiveHyperLink="false"/><itemflow refid="_2024x_2_65d022e_1748867467732_757102_1033" refElementId="_2024x_2_65d022e_1748867467732_757102_1033" humanType="Item Flow" classType="InformationFlow" owner="_2024x_2_65d022e_1742491297513_511201_44" ownerRefId="_2024x_2_65d022e_1742491297513_511201_44" name="Item Flow:flow for Auftragslisten[LB-ATA25forF7Kabinenbesatzung ->  : Kabinenbesatzung]" isRelationship="true" icon="index_files/icon_itemflow_1879180026.jpg" hasLink="false" hasActiveHyperLink="false"/><itemflow refid="_2024x_2_65d022e_1747640960629_45009_180" refElementId="_2024x_2_65d022e_1747640960629_45009_180" humanType="Item Flow" classType="InformationFlow" owner="_2024x_2_65d022e_1742491297513_511201_44" ownerRefId="_2024x_2_65d022e_1742491297513_511201_44" name="Item Flow:flow for Auftragsnummer[F5PortF6 -> F6PortF5]" isRelationship="true" icon="index_files/icon_itemflow_1879180026.jpg" hasLink="false" hasActiveHyperLink="false"/><itemflow refid="_2024x_2_65d022e_1748886403238_390482_1096" refElementId="_2024x_2_65d022e_1748886403238_390482_1096" humanType="Item Flow" classType="InformationFlow" owner="_2024x_2_65d022e_1742491297513_511201_44" ownerRefId="_2024x_2_65d022e_1742491297513_511201_44" name="Item Flow:flow for Auftragsnummer[LB-ATA44forF2F6 -> LB-ATA25forF2F6]" isRelationship="true" icon="index_files/icon_itemflow_1879180026.jpg" hasLink="false" hasActiveHyperLink="false"/><itemflow refid="_2024x_2_65d022e_1748886096482_934053_1080" refElementId="_2024x_2_65d022e_1748886096482_934053_1080" humanType="Item Flow" classType="InformationFlow" owner="_2024x_2_65d022e_1742491297513_511201_44" ownerRefId="_2024x_2_65d022e_1742491297513_511201_44" name="Item Flow:flow for Auftragsnummer[LB-ATA44forF5F6 -> LB-ATA25forF5F6]" isRelationship="true" icon="index_files/icon_itemflow_1879180026.jpg" hasLink="false" hasActiveHyperLink="false"/><itemflow refid="_2024x_2_65d022e_1747640877253_287387_175" refElementId="_2024x_2_65d022e_1747640877253_287387_175" humanType="Item Flow" classType="InformationFlow" owner="_2024x_2_65d022e_1742491297513_511201_44" ownerRefId="_2024x_2_65d022e_1742491297513_511201_44" name="Item Flow:flow for Auftragsnummer[MaF1forF2F5 -> F5PortF2]" isRelationship="true" icon="index_files/icon_itemflow_1879180026.jpg" hasLink="false" hasActiveHyperLink="false"/><itemflow refid="_2024x_2_65d022e_1747640633392_515660_154" refElementId="_2024x_2_65d022e_1747640633392_515660_154" humanType="Item Flow" classType="InformationFlow" owner="_2024x_2_65d022e_1742491297513_511201_44" ownerRefId="_2024x_2_65d022e_1742491297513_511201_44" name="Item Flow:flow for Auftragsnummer[MaF1forF2F6 -> F6PortF2]" isRelationship="true" icon="index_files/icon_itemflow_1879180026.jpg" hasLink="false" hasActiveHyperLink="false"/><itemflow refid="_2024x_2_65d022e_1747639396972_912370_134" refElementId="_2024x_2_65d022e_1747639396972_912370_134" humanType="Item Flow" classType="InformationFlow" owner="_2024x_2_65d022e_1742491297513_511201_44" ownerRefId="_2024x_2_65d022e_1742491297513_511201_44" name="Item Flow:flow for Auftragsstatus[ : Kabinenbesatzung -> F7PortKabinenbesatzung]" isRelationship="true" icon="index_files/icon_itemflow_1879180026.jpg" hasLink="false" hasActiveHyperLink="false"/><itemflow refid="_2024x_2_65d022e_1748867484136_473500_1036" refElementId="_2024x_2_65d022e_1748867484136_473500_1036" humanType="Item Flow" classType="InformationFlow" owner="_2024x_2_65d022e_1742491297513_511201_44" ownerRefId="_2024x_2_65d022e_1742491297513_511201_44" name="Item Flow:flow for Auftragsstatus[ : Kabinenbesatzung -> LB-ATA25forF7Kabinenbesatzung]" isRelationship="true" icon="index_files/icon_itemflow_1879180026.jpg" hasLink="false" hasActiveHyperLink="false"/><itemflow refid="_2024x_2_65d022e_1747639427003_677222_140" refElementId="_2024x_2_65d022e_1747639427003_677222_140" humanType="Item Flow" classType="InformationFlow" owner="_2024x_2_65d022e_1742491297513_511201_44" ownerRefId="_2024x_2_65d022e_1742491297513_511201_44" name="Item Flow:flow for Auftragsstatus[F7PortF6 -> F6PortF7]" isRelationship="true" icon="index_files/icon_itemflow_1879180026.jpg" hasLink="false" hasActiveHyperLink="false"/><itemflow refid="_2024x_2_65d022e_1747577273012_10872_88" refElementId="_2024x_2_65d022e_1747577273012_10872_88" humanType="Item Flow" classType="InformationFlow" owner="_2024x_2_65d022e_1742491297513_511201_44" ownerRefId="_2024x_2_65d022e_1742491297513_511201_44" name="Item Flow:flow for Bestellabwicklung[ : Passagier -> F1PortPassenger]" isRelationship="true" icon="index_files/icon_itemflow_1879180026.jpg" hasLink="false" hasActiveHyperLink="false"/><itemflow refid="_2024x_2_65d022e_1748886679392_847117_1124" refElementId="_2024x_2_65d022e_1748886679392_847117_1124" humanType="Item Flow" classType="InformationFlow" owner="_2024x_2_65d022e_1742491297513_511201_44" ownerRefId="_2024x_2_65d022e_1742491297513_511201_44" name="Item Flow:flow for Bestellabwicklung[ : Passagier -> LB-ATA44forF1Passagier]" isRelationship="true" icon="index_files/icon_itemflow_1879180026.jpg" hasLink="false" hasActiveHyperLink="false"/><itemflow refid="_2024x_2_65d022e_1747577716709_710752_107" refElementId="_2024x_2_65d022e_1747577716709_710752_107" humanType="Item Flow" classType="InformationFlow" owner="_2024x_2_65d022e_1742491297513_511201_44" ownerRefId="_2024x_2_65d022e_1742491297513_511201_44" name="Item Flow:flow for Bestellabwicklung[F1PortF4 -> F4PortF1]" isRelationship="true" icon="index_files/icon_itemflow_1879180026.jpg" hasLink="false" hasActiveHyperLink="false"/><itemflow refid="_2024x_2_65d022e_1747577328049_328866_92" refElementId="_2024x_2_65d022e_1747577328049_328866_92" humanType="Item Flow" classType="InformationFlow" owner="_2024x_2_65d022e_1742491297513_511201_44" ownerRefId="_2024x_2_65d022e_1742491297513_511201_44" name="Item Flow:flow for Bestellabwicklung[F1PortPassenger ->  : Passagier]" isRelationship="true" icon="index_files/icon_itemflow_1879180026.jpg" hasLink="false" hasActiveHyperLink="false"/><itemflow refid="_2024x_2_65d022e_1747577641455_938297_99" refElementId="_2024x_2_65d022e_1747577641455_938297_99" humanType="Item Flow" classType="InformationFlow" owner="_2024x_2_65d022e_1742491297513_511201_44" ownerRefId="_2024x_2_65d022e_1742491297513_511201_44" name="Item Flow:flow for Bestellabwicklung[F4PortF1 -> F1PortF4]" isRelationship="true" icon="index_files/icon_itemflow_1879180026.jpg" hasLink="false" hasActiveHyperLink="false"/><itemflow refid="_2024x_2_65d022e_1747638986690_401502_111" refElementId="_2024x_2_65d022e_1747638986690_401502_111" humanType="Item Flow" classType="InformationFlow" owner="_2024x_2_65d022e_1742491297513_511201_44" ownerRefId="_2024x_2_65d022e_1742491297513_511201_44" name="Item Flow:flow for Bestellabwicklung[F4PortF2 -> MaF1forF2F4]" isRelationship="true" icon="index_files/icon_itemflow_1879180026.jpg" hasLink="false" hasActiveHyperLink="false"/><itemflow refid="_2024x_2_65d022e_1748886699214_93501_1128" refElementId="_2024x_2_65d022e_1748886699214_93501_1128" humanType="Item Flow" classType="InformationFlow" owner="_2024x_2_65d022e_1742491297513_511201_44" ownerRefId="_2024x_2_65d022e_1742491297513_511201_44" name="Item Flow:flow for Bestellabwicklung[LB-ATA44forF1Passagier ->  : Passagier]" isRelationship="true" icon="index_files/icon_itemflow_1879180026.jpg" hasLink="false" hasActiveHyperLink="false"/><itemflow refid="_2024x_2_65d022e_1747639017344_231514_115" refElementId="_2024x_2_65d022e_1747639017344_231514_115" humanType="Item Flow" classType="InformationFlow" owner="_2024x_2_65d022e_1742491297513_511201_44" ownerRefId="_2024x_2_65d022e_1742491297513_511201_44" name="Item Flow:flow for Bestellabwicklung[MaF1forF2F4 -> F4PortF2]" isRelationship="true" icon="index_files/icon_itemflow_1879180026.jpg" hasLink="false" hasActiveHyperLink="false"/><itemflow refid="_2024x_2_65d022e_1748886414443_135681_1097" refElementId="_2024x_2_65d022e_1748886414443_135681_1097" humanType="Item Flow" classType="InformationFlow" owner="_2024x_2_65d022e_1742491297513_511201_44" ownerRefId="_2024x_2_65d022e_1742491297513_511201_44" name="Item Flow:flow for Bestelldetails[LB-ATA44forF2F6 -> LB-ATA25forF2F6]" isRelationship="true" icon="index_files/icon_itemflow_1879180026.jpg" hasLink="false" hasActiveHyperLink="false"/><itemflow refid="_2024x_2_65d022e_1747640646870_754082_155" refElementId="_2024x_2_65d022e_1747640646870_754082_155" humanType="Item Flow" classType="InformationFlow" owner="_2024x_2_65d022e_1742491297513_511201_44" ownerRefId="_2024x_2_65d022e_1742491297513_511201_44" name="Item Flow:flow for Bestelldetails[MaF1forF2F6 -> F6PortF2]" isRelationship="true" icon="index_files/icon_itemflow_1879180026.jpg" hasLink="false" hasActiveHyperLink="false"/><itemflow refid="_2024x_2_65d022e_1748887661841_914629_1202" refElementId="_2024x_2_65d022e_1748887661841_914629_1202" humanType="Item Flow" classType="InformationFlow" owner="_2024x_2_65d022e_1742491297513_511201_44" ownerRefId="_2024x_2_65d022e_1742491297513_511201_44" name="Item Flow:flow for Bestellhistorie[ : Bodenstation -> LB-ATA253orF12Bodenstation]" isRelationship="true" icon="index_files/icon_itemflow_1879180026.jpg" hasLink="false" hasActiveHyperLink="false"/><itemflow refid="_2024x_2_65d022e_1747313753292_918881_1550" refElementId="_2024x_2_65d022e_1747313753292_918881_1550" humanType="Item Flow" classType="InformationFlow" owner="_2024x_2_65d022e_1742491297513_511201_44" ownerRefId="_2024x_2_65d022e_1742491297513_511201_44" name="Item Flow:flow for Bestellhistorie[ : Bodenstation -> MaF1forF12Bodenstation]" isRelationship="true" icon="index_files/icon_itemflow_1879180026.jpg" hasLink="false" hasActiveHyperLink="false"/><itemflow refid="_2024x_2_65d022e_1748887459277_148437_1179" refElementId="_2024x_2_65d022e_1748887459277_148437_1179" humanType="Item Flow" classType="InformationFlow" owner="_2024x_2_65d022e_1742491297513_511201_44" ownerRefId="_2024x_2_65d022e_1742491297513_511201_44" name="Item Flow:flow for Bestellhistorie[LB-ATA23forF3F12 -> LB-ATA244forF3F12]" isRelationship="true" icon="index_files/icon_itemflow_1879180026.jpg" hasLink="false" hasActiveHyperLink="false"/><itemflow refid="_2024x_2_65d022e_1747640661622_227600_156" refElementId="_2024x_2_65d022e_1747640661622_227600_156" humanType="Item Flow" classType="InformationFlow" owner="_2024x_2_65d022e_1742491297513_511201_44" ownerRefId="_2024x_2_65d022e_1742491297513_511201_44" name="Item Flow:flow for Bestellstatus[F6PortF2 -> MaF1forF2F6]" isRelationship="true" icon="index_files/icon_itemflow_1879180026.jpg" hasLink="false" hasActiveHyperLink="false"/><itemflow refid="_2024x_2_65d022e_1748886442292_643425_1098" refElementId="_2024x_2_65d022e_1748886442292_643425_1098" humanType="Item Flow" classType="InformationFlow" owner="_2024x_2_65d022e_1742491297513_511201_44" ownerRefId="_2024x_2_65d022e_1742491297513_511201_44" name="Item Flow:flow for Bestellstatus[LB-ATA25forF2F6 -> LB-ATA44forF2F6]" isRelationship="true" icon="index_files/icon_itemflow_1879180026.jpg" hasLink="false" hasActiveHyperLink="false"/><itemflow refid="_2024x_2_65d022e_1747577433655_82025_96" refElementId="_2024x_2_65d022e_1747577433655_82025_96" humanType="Item Flow" classType="InformationFlow" owner="_2024x_2_65d022e_1742491297513_511201_44" ownerRefId="_2024x_2_65d022e_1742491297513_511201_44" name="Item Flow:flow for Bezahlinformation[F5PortF3 -> MaF1forF3F5]" isRelationship="true" icon="index_files/icon_itemflow_1879180026.jpg" hasLink="false" hasActiveHyperLink="false"/><itemflow refid="_2024x_2_65d022e_1748887472726_4759_1180" refElementId="_2024x_2_65d022e_1748887472726_4759_1180" humanType="Item Flow" classType="InformationFlow" owner="_2024x_2_65d022e_1742491297513_511201_44" ownerRefId="_2024x_2_65d022e_1742491297513_511201_44" name="Item Flow:flow for Bezahlinformation[LB-ATA244forF3F12 -> LB-ATA23forF3F12]" isRelationship="true" icon="index_files/icon_itemflow_1879180026.jpg" hasLink="false" hasActiveHyperLink="false"/><itemflow refid="_2024x_2_65d022e_1748887672988_959988_1203" refElementId="_2024x_2_65d022e_1748887672988_959988_1203" humanType="Item Flow" classType="InformationFlow" owner="_2024x_2_65d022e_1742491297513_511201_44" ownerRefId="_2024x_2_65d022e_1742491297513_511201_44" name="Item Flow:flow for Bezahlinformation[LB-ATA253orF12Bodenstation ->  : Bodenstation]" isRelationship="true" icon="index_files/icon_itemflow_1879180026.jpg" hasLink="false" hasActiveHyperLink="false"/><itemflow refid="_2024x_2_65d022e_1747640886209_416448_176" refElementId="_2024x_2_65d022e_1747640886209_416448_176" humanType="Item Flow" classType="InformationFlow" owner="_2024x_2_65d022e_1742491297513_511201_44" ownerRefId="_2024x_2_65d022e_1742491297513_511201_44" name="Item Flow:flow for Bezahlinformation[MaF1forF2F5 -> F5PortF2]" isRelationship="true" icon="index_files/icon_itemflow_1879180026.jpg" hasLink="false" hasActiveHyperLink="false"/><itemflow refid="_2024x_2_65d022e_1747576378582_35835_44" refElementId="_2024x_2_65d022e_1747576378582_35835_44" humanType="Item Flow" classType="InformationFlow" owner="_2024x_2_65d022e_1742491297513_511201_44" ownerRefId="_2024x_2_65d022e_1742491297513_511201_44" name="Item Flow:flow for Bezahlinformation[MaF1forF12Bodenstation ->  : Bodenstation]" isRelationship="true" icon="index_files/icon_itemflow_1879180026.jpg" hasLink="false" hasActiveHyperLink="false"/><itemflow refid="_2024x_2_65d022e_1747639335529_306461_130" refElementId="_2024x_2_65d022e_1747639335529_306461_130" humanType="Item Flow" classType="InformationFlow" owner="_2024x_2_65d022e_1742491297513_511201_44" ownerRefId="_2024x_2_65d022e_1742491297513_511201_44" name="Item Flow:flow for Flugphase[F9PortF8 -> F8PortF9]" isRelationship="true" icon="index_files/icon_itemflow_1879180026.jpg" hasLink="false" hasActiveHyperLink="false"/><itemflow refid="_2024x_2_65d022e_1748887947641_684486_1219" refElementId="_2024x_2_65d022e_1748887947641_684486_1219" humanType="Item Flow" classType="InformationFlow" owner="_2024x_2_65d022e_1742491297513_511201_44" ownerRefId="_2024x_2_65d022e_1742491297513_511201_44" name="Item Flow:flow for Flugphase[LB-ATA31forF8F9 -> LB-ATA25forF8F9]" isRelationship="true" icon="index_files/icon_itemflow_1879180026.jpg" hasLink="false" hasActiveHyperLink="false"/><itemflow refid="_2024x_2_65d022e_1747639198076_340668_124" refElementId="_2024x_2_65d022e_1747639198076_340668_124" humanType="Item Flow" classType="InformationFlow" owner="_2024x_2_65d022e_1742491297513_511201_44" ownerRefId="_2024x_2_65d022e_1742491297513_511201_44" name="Item Flow:flow for Küchengerätestatus[F8PortF6 -> F6PortF8]" isRelationship="true" icon="index_files/icon_itemflow_1879180026.jpg" hasLink="false" hasActiveHyperLink="false"/><itemflow refid="_2024x_2_65d022e_1747576343029_858849_41" refElementId="_2024x_2_65d022e_1747576343029_858849_41" humanType="Item Flow" classType="InformationFlow" owner="_2024x_2_65d022e_1742491297513_511201_44" ownerRefId="_2024x_2_65d022e_1742491297513_511201_44" name="Item Flow:flow for Küchengerätestatus[F8PortF10 -> MaF1forF8F10]" isRelationship="true" icon="index_files/icon_itemflow_1879180026.jpg" hasLink="false" hasActiveHyperLink="false"/><itemflow refid="_2024x_2_65d022e_1748888394019_23389_1248" refElementId="_2024x_2_65d022e_1748888394019_23389_1248" humanType="Item Flow" classType="InformationFlow" owner="_2024x_2_65d022e_1742491297513_511201_44" ownerRefId="_2024x_2_65d022e_1742491297513_511201_44" name="Item Flow:flow for Küchengerätestatus[LB-ATA25forF8F10 -> LB-ATA45forF8F10]" isRelationship="true" icon="index_files/icon_itemflow_1879180026.jpg" hasLink="false" hasActiveHyperLink="false"/><itemflow refid="_2024x_2_65d022e_1748887744753_756287_1211" refElementId="_2024x_2_65d022e_1748887744753_756287_1211" humanType="Item Flow" classType="InformationFlow" owner="_2024x_2_65d022e_1742491297513_511201_44" ownerRefId="_2024x_2_65d022e_1742491297513_511201_44" name="Item Flow:flow for Küchengerätestatus[LB-ATA45forF10F12 -> LB-ATA23forF10F12]" isRelationship="true" icon="index_files/icon_itemflow_1879180026.jpg" hasLink="false" hasActiveHyperLink="false"/><itemflow refid="_2024x_2_65d022e_1748887694405_288725_1207" refElementId="_2024x_2_65d022e_1748887694405_288725_1207" humanType="Item Flow" classType="InformationFlow" owner="_2024x_2_65d022e_1742491297513_511201_44" ownerRefId="_2024x_2_65d022e_1742491297513_511201_44" name="Item Flow:flow for Küchengerätestatus[LB-ATA253orF12Bodenstation ->  : Bodenstation]" isRelationship="true" icon="index_files/icon_itemflow_1879180026.jpg" hasLink="false" hasActiveHyperLink="false"/><itemflow refid="_2024x_2_65d022e_1747576466196_150122_48" refElementId="_2024x_2_65d022e_1747576466196_150122_48" humanType="Item Flow" classType="InformationFlow" owner="_2024x_2_65d022e_1742491297513_511201_44" ownerRefId="_2024x_2_65d022e_1742491297513_511201_44" name="Item Flow:flow for Küchengerätestatus[MaF1forF12Bodenstation ->  : Bodenstation]" isRelationship="true" icon="index_files/icon_itemflow_1879180026.jpg" hasLink="false" hasActiveHyperLink="false"/><itemflow refid="_2024x_2_65d022e_1748887651987_210728_1199" refElementId="_2024x_2_65d022e_1748887651987_210728_1199" humanType="Item Flow" classType="InformationFlow" owner="_2024x_2_65d022e_1742491297513_511201_44" ownerRefId="_2024x_2_65d022e_1742491297513_511201_44" name="Item Flow:flow for Passagierkonten[ : Bodenstation -> LB-ATA253orF12Bodenstation]" isRelationship="true" icon="index_files/icon_itemflow_1879180026.jpg" hasLink="false" hasActiveHyperLink="false"/><itemflow refid="_2024x_2_65d022e_1747313706488_618980_1546" refElementId="_2024x_2_65d022e_1747313706488_618980_1546" humanType="Item Flow" classType="InformationFlow" owner="_2024x_2_65d022e_1742491297513_511201_44" ownerRefId="_2024x_2_65d022e_1742491297513_511201_44" name="Item Flow:flow for Passagierkonten[ : Bodenstation -> MaF1forF12Bodenstation]" isRelationship="true" icon="index_files/icon_itemflow_1879180026.jpg" hasLink="false" hasActiveHyperLink="false"/><itemflow refid="_2024x_2_65d022e_1748887448447_13251_1176" refElementId="_2024x_2_65d022e_1748887448447_13251_1176" humanType="Item Flow" classType="InformationFlow" owner="_2024x_2_65d022e_1742491297513_511201_44" ownerRefId="_2024x_2_65d022e_1742491297513_511201_44" name="Item Flow:flow for Passagierkonten[LB-ATA23forF3F12 -> LB-ATA244forF3F12]" isRelationship="true" icon="index_files/icon_itemflow_1879180026.jpg" hasLink="false" hasActiveHyperLink="false"/><itemflow refid="_2024x_2_65d022e_1747576550562_726120_52" refElementId="_2024x_2_65d022e_1747576550562_726120_52" humanType="Item Flow" classType="InformationFlow" owner="_2024x_2_65d022e_1742491297513_511201_44" ownerRefId="_2024x_2_65d022e_1742491297513_511201_44" name="Item Flow:flow for Passagierkonten[MaF1forF3F4 -> F4PortF3]" isRelationship="true" icon="index_files/icon_itemflow_1879180026.jpg" hasLink="false" hasActiveHyperLink="false"/><itemflow refid="_2024x_2_65d022e_1747577419381_304522_93" refElementId="_2024x_2_65d022e_1747577419381_304522_93" humanType="Item Flow" classType="InformationFlow" owner="_2024x_2_65d022e_1742491297513_511201_44" ownerRefId="_2024x_2_65d022e_1742491297513_511201_44" name="Item Flow:flow for Passagierkonten[MaF1forF3F5 -> F5PortF3]" isRelationship="true" icon="index_files/icon_itemflow_1879180026.jpg" hasLink="false" hasActiveHyperLink="false"/><itemflow refid="_2024x_2_65d022e_1747577251964_847314_84" refElementId="_2024x_2_65d022e_1747577251964_847314_84" humanType="Item Flow" classType="InformationFlow" owner="_2024x_2_65d022e_1742491297513_511201_44" ownerRefId="_2024x_2_65d022e_1742491297513_511201_44" name="Item Flow:flow for Passenger ID[ : Passagier -> F1PortPassenger]" isRelationship="true" icon="index_files/icon_itemflow_1879180026.jpg" hasLink="false" hasActiveHyperLink="false"/><itemflow refid="_2024x_2_65d022e_1748886655606_533324_1120" refElementId="_2024x_2_65d022e_1748886655606_533324_1120" humanType="Item Flow" classType="InformationFlow" owner="_2024x_2_65d022e_1742491297513_511201_44" ownerRefId="_2024x_2_65d022e_1742491297513_511201_44" name="Item Flow:flow for Passenger ID[ : Passagier -> LB-ATA44forF1Passagier]" isRelationship="true" icon="index_files/icon_itemflow_1879180026.jpg" hasLink="false" hasActiveHyperLink="false"/><itemflow refid="_2024x_2_65d022e_1747577681364_434790_103" refElementId="_2024x_2_65d022e_1747577681364_434790_103" humanType="Item Flow" classType="InformationFlow" owner="_2024x_2_65d022e_1742491297513_511201_44" ownerRefId="_2024x_2_65d022e_1742491297513_511201_44" name="Item Flow:flow for Passenger ID[F1PortF4 -> F4PortF1]" isRelationship="true" icon="index_files/icon_itemflow_1879180026.jpg" hasLink="false" hasActiveHyperLink="false"/><itemflow refid="_2024x_2_65d022e_1747638969792_776178_108" refElementId="_2024x_2_65d022e_1747638969792_776178_108" humanType="Item Flow" classType="InformationFlow" owner="_2024x_2_65d022e_1742491297513_511201_44" ownerRefId="_2024x_2_65d022e_1742491297513_511201_44" name="Item Flow:flow for Passenger ID[F4PortF2 -> MaF1forF2F4]" isRelationship="true" icon="index_files/icon_itemflow_1879180026.jpg" hasLink="false" hasActiveHyperLink="false"/><itemflow refid="_2024x_2_65d022e_1747640950075_926049_177" refElementId="_2024x_2_65d022e_1747640950075_926049_177" humanType="Item Flow" classType="InformationFlow" owner="_2024x_2_65d022e_1742491297513_511201_44" ownerRefId="_2024x_2_65d022e_1742491297513_511201_44" name="Item Flow:flow for Passenger ID[F5PortF6 -> F6PortF5]" isRelationship="true" icon="index_files/icon_itemflow_1879180026.jpg" hasLink="false" hasActiveHyperLink="false"/><itemflow refid="_2024x_2_65d022e_1748886390189_313985_1093" refElementId="_2024x_2_65d022e_1748886390189_313985_1093" humanType="Item Flow" classType="InformationFlow" owner="_2024x_2_65d022e_1742491297513_511201_44" ownerRefId="_2024x_2_65d022e_1742491297513_511201_44" name="Item Flow:flow for Passenger ID[LB-ATA44forF2F6 -> LB-ATA25forF2F6]" isRelationship="true" icon="index_files/icon_itemflow_1879180026.jpg" hasLink="false" hasActiveHyperLink="false"/><itemflow refid="_2024x_2_65d022e_1748886080491_23522_1077" refElementId="_2024x_2_65d022e_1748886080491_23522_1077" humanType="Item Flow" classType="InformationFlow" owner="_2024x_2_65d022e_1742491297513_511201_44" ownerRefId="_2024x_2_65d022e_1742491297513_511201_44" name="Item Flow:flow for Passenger ID[LB-ATA44forF5F6 -> LB-ATA25forF5F6]" isRelationship="true" icon="index_files/icon_itemflow_1879180026.jpg" hasLink="false" hasActiveHyperLink="false"/><itemflow refid="_2024x_2_65d022e_1747640870204_66593_172" refElementId="_2024x_2_65d022e_1747640870204_66593_172" humanType="Item Flow" classType="InformationFlow" owner="_2024x_2_65d022e_1742491297513_511201_44" ownerRefId="_2024x_2_65d022e_1742491297513_511201_44" name="Item Flow:flow for Passenger ID[MaF1forF2F5 -> F5PortF2]" isRelationship="true" icon="index_files/icon_itemflow_1879180026.jpg" hasLink="false" hasActiveHyperLink="false"/><itemflow refid="_2024x_2_65d022e_1747640620099_909754_151" refElementId="_2024x_2_65d022e_1747640620099_909754_151" humanType="Item Flow" classType="InformationFlow" owner="_2024x_2_65d022e_1742491297513_511201_44" ownerRefId="_2024x_2_65d022e_1742491297513_511201_44" name="Item Flow:flow for Passenger ID[MaF1forF2F6 -> F6PortF2]" isRelationship="true" icon="index_files/icon_itemflow_1879180026.jpg" hasLink="false" hasActiveHyperLink="false"/><itemflow refid="_2024x_2_65d022e_1747577265058_664580_87" refElementId="_2024x_2_65d022e_1747577265058_664580_87" humanType="Item Flow" classType="InformationFlow" owner="_2024x_2_65d022e_1742491297513_511201_44" ownerRefId="_2024x_2_65d022e_1742491297513_511201_44" name="Item Flow:flow for Passwort[ : Passagier -> F1PortPassenger]" isRelationship="true" icon="index_files/icon_itemflow_1879180026.jpg" hasLink="false" hasActiveHyperLink="false"/><itemflow refid="_2024x_2_65d022e_1748886663798_71831_1123" refElementId="_2024x_2_65d022e_1748886663798_71831_1123" humanType="Item Flow" classType="InformationFlow" owner="_2024x_2_65d022e_1742491297513_511201_44" ownerRefId="_2024x_2_65d022e_1742491297513_511201_44" name="Item Flow:flow for Passwort[ : Passagier -> LB-ATA44forF1Passagier]" isRelationship="true" icon="index_files/icon_itemflow_1879180026.jpg" hasLink="false" hasActiveHyperLink="false"/><itemflow refid="_2024x_2_65d022e_1747577704888_983609_106" refElementId="_2024x_2_65d022e_1747577704888_983609_106" humanType="Item Flow" classType="InformationFlow" owner="_2024x_2_65d022e_1742491297513_511201_44" ownerRefId="_2024x_2_65d022e_1742491297513_511201_44" name="Item Flow:flow for Passwort[F1PortF4 -> F4PortF1]" isRelationship="true" icon="index_files/icon_itemflow_1879180026.jpg" hasLink="false" hasActiveHyperLink="false"/><itemflow refid="_2024x_2_65d022e_1748888311227_756278_1239" refElementId="_2024x_2_65d022e_1748888311227_756278_1239" humanType="Item Flow" classType="InformationFlow" owner="_2024x_2_65d022e_1742491297513_511201_44" ownerRefId="_2024x_2_65d022e_1742491297513_511201_44" name="Item Flow:flow for Verbrauchsdaten[LB-ATA44forF2F11 -> LB-ATA45forF2F11]" isRelationship="true" icon="index_files/icon_itemflow_1879180026.jpg" hasLink="false" hasActiveHyperLink="false"/><itemflow refid="_2024x_2_65d022e_1748887731461_227337_1208" refElementId="_2024x_2_65d022e_1748887731461_227337_1208" humanType="Item Flow" classType="InformationFlow" owner="_2024x_2_65d022e_1742491297513_511201_44" ownerRefId="_2024x_2_65d022e_1742491297513_511201_44" name="Item Flow:flow for Verbrauchsdaten[LB-ATA45forF10F12 -> LB-ATA23forF10F12]" isRelationship="true" icon="index_files/icon_itemflow_1879180026.jpg" hasLink="false" hasActiveHyperLink="false"/><itemflow refid="_2024x_2_65d022e_1748887683407_809731_1206" refElementId="_2024x_2_65d022e_1748887683407_809731_1206" humanType="Item Flow" classType="InformationFlow" owner="_2024x_2_65d022e_1742491297513_511201_44" ownerRefId="_2024x_2_65d022e_1742491297513_511201_44" name="Item Flow:flow for Verbrauchsdaten[LB-ATA253orF12Bodenstation ->  : Bodenstation]" isRelationship="true" icon="index_files/icon_itemflow_1879180026.jpg" hasLink="false" hasActiveHyperLink="false"/><itemflow refid="_2024x_2_65d022e_1747576452935_596709_47" refElementId="_2024x_2_65d022e_1747576452935_596709_47" humanType="Item Flow" classType="InformationFlow" owner="_2024x_2_65d022e_1742491297513_511201_44" ownerRefId="_2024x_2_65d022e_1742491297513_511201_44" name="Item Flow:flow for Verbrauchsdaten[MaF1forF12Bodenstation ->  : Bodenstation]" isRelationship="true" icon="index_files/icon_itemflow_1879180026.jpg" hasLink="false" hasActiveHyperLink="false"/></ownedElement></package>