<?xml version='1.0' encoding='UTF-8'?><block refid="_2024x_2_65d022e_1742809486270_497801_46" refElementId="_2024x_2_65d022e_1742809486270_497801_46" humanType="Block" classType="Class" owner="_2024x_2_65d022e_1742491223923_240411_43" ownerRefId="_2024x_2_65d022e_1742491223923_240411_43" name="Aircraft Level horizontal functional architecture" hasChild="true" hasLink="true" hasActiveHyperLink="false"><ownedElement><diagram refid="_2024x_2_65d022e_1742819637651_825785_95" refElementId="_2024x_2_65d022e_1742819637651_825785_95" humanType="Diagram" classType="Diagram" diagramType="sysmlinternalblockdiagram" owner="_2024x_2_65d022e_1742809486270_497801_46" ownerRefId="_2024x_2_65d022e_1742809486270_497801_46" name="Aircraft Level horizontal functional architecture" icon="index_files/icon_SysML Internal Block Diagram_282260967.jpg" hasLink="false" hasActiveHyperLink="false"/><partproperty refid="_2024x_2_65d022e_1743071171173_192176_23" refElementId="_2024x_2_65d022e_1743071171173_192176_23" humanType="Part Property" classType="Property" owner="_2024x_2_65d022e_1742809486270_497801_46" ownerRefId="_2024x_2_65d022e_1742809486270_497801_46" name=" : L1 AcFct 1: liefere ein human   machine interface (HMI) für den Passagier" icon="index_files/icon_partproperty_20514805.jpg" hasLink="false" hasActiveHyperLink="false"/><partproperty refid="_2024x_2_65d022e_1743071177556_392732_50" refElementId="_2024x_2_65d022e_1743071177556_392732_50" humanType="Part Property" classType="Property" owner="_2024x_2_65d022e_1742809486270_497801_46" ownerRefId="_2024x_2_65d022e_1742809486270_497801_46" name=" : L1 AcFct 2: manage   Bestellung von  Speisen   und Getränken" icon="index_files/icon_partproperty_20514805.jpg" hasLink="false" hasActiveHyperLink="false"/><partproperty refid="_2024x_2_65d022e_1743071185299_239137_76" refElementId="_2024x_2_65d022e_1743071185299_239137_76" humanType="Part Property" classType="Property" owner="_2024x_2_65d022e_1742809486270_497801_46" ownerRefId="_2024x_2_65d022e_1742809486270_497801_46" name=" : manage   passagierbezogene Informationen" icon="index_files/icon_partproperty_20514805.jpg" hasLink="false" hasActiveHyperLink="false"/><partproperty refid="_2024x_2_65d022e_1743071188341_495759_102" refElementId="_2024x_2_65d022e_1743071188341_495759_102" humanType="Part Property" classType="Property" owner="_2024x_2_65d022e_1742809486270_497801_46" ownerRefId="_2024x_2_65d022e_1742809486270_497801_46" name=" : L1 AcFct 4: authentifiziere Bediener" icon="index_files/icon_partproperty_20514805.jpg" hasLink="false" hasActiveHyperLink="false"/><partproperty refid="_2024x_2_65d022e_1743071191422_791224_128" refElementId="_2024x_2_65d022e_1743071191422_791224_128" humanType="Part Property" classType="Property" owner="_2024x_2_65d022e_1742809486270_497801_46" ownerRefId="_2024x_2_65d022e_1742809486270_497801_46" name=" : L1 AcFct 5: liefere ein  bargeldloses  Bezahlsystem" icon="index_files/icon_partproperty_20514805.jpg" hasLink="false" hasActiveHyperLink="false"/><partproperty refid="_2024x_2_65d022e_1743071200604_614037_154" refElementId="_2024x_2_65d022e_1743071200604_614037_154" humanType="Part Property" classType="Property" owner="_2024x_2_65d022e_1742809486270_497801_46" ownerRefId="_2024x_2_65d022e_1742809486270_497801_46" name=" : L1 AcFct 6: manage Bestellung von Speisen und Getränken manage für die Kabinenbesatzung" icon="index_files/icon_partproperty_20514805.jpg" hasLink="false" hasActiveHyperLink="false"/><partproperty refid="_2024x_2_65d022e_1743071202525_619667_180" refElementId="_2024x_2_65d022e_1743071202525_619667_180" humanType="Part Property" classType="Property" owner="_2024x_2_65d022e_1742809486270_497801_46" ownerRefId="_2024x_2_65d022e_1742809486270_497801_46" name=" : L1 AcFct 7: liefere ein human  machine interface (HMI) für die  Kabinenbesatzung" icon="index_files/icon_partproperty_20514805.jpg" hasLink="false" hasActiveHyperLink="false"/><partproperty refid="_2024x_2_65d022e_1743071204655_95503_206" refElementId="_2024x_2_65d022e_1743071204655_95503_206" humanType="Part Property" classType="Property" owner="_2024x_2_65d022e_1742809486270_497801_46" ownerRefId="_2024x_2_65d022e_1742809486270_497801_46" name=" : L1 AcFct 8: liefere Überwachung  des Küchengerätestatus" icon="index_files/icon_partproperty_20514805.jpg" hasLink="false" hasActiveHyperLink="false"/><partproperty refid="_2024x_2_65d022e_1743071206652_622807_232" refElementId="_2024x_2_65d022e_1743071206652_622807_232" humanType="Part Property" classType="Property" owner="_2024x_2_65d022e_1742809486270_497801_46" ownerRefId="_2024x_2_65d022e_1742809486270_497801_46" name=" : L1 AcFct 9: liefere Flugzeugdaten" icon="index_files/icon_partproperty_20514805.jpg" hasLink="false" hasActiveHyperLink="false"/><partproperty refid="_2024x_2_65d022e_1743071209168_373172_258" refElementId="_2024x_2_65d022e_1743071209168_373172_258" humanType="Part Property" classType="Property" owner="_2024x_2_65d022e_1742809486270_497801_46" ownerRefId="_2024x_2_65d022e_1742809486270_497801_46" name=" : L1 AcFct 10: liefere  Datenspeicherung" icon="index_files/icon_partproperty_20514805.jpg" hasLink="false" hasActiveHyperLink="false"/><partproperty refid="_2024x_2_65d022e_1743071212059_272081_284" refElementId="_2024x_2_65d022e_1743071212059_272081_284" humanType="Part Property" classType="Property" owner="_2024x_2_65d022e_1742809486270_497801_46" ownerRefId="_2024x_2_65d022e_1742809486270_497801_46" name=" : L1 AcFct 11: liefere Auswertung  der flugbezogenen  Verbrauchsdaten" icon="index_files/icon_partproperty_20514805.jpg" hasLink="false" hasActiveHyperLink="false"/><partproperty refid="_2024x_2_65d022e_1743071215525_564509_310" refElementId="_2024x_2_65d022e_1743071215525_564509_310" humanType="Part Property" classType="Property" owner="_2024x_2_65d022e_1742809486270_497801_46" ownerRefId="_2024x_2_65d022e_1742809486270_497801_46" name=" : L1 AcFct 12: liefere   Bodenkonnektivität" icon="index_files/icon_partproperty_20514805.jpg" hasLink="false" hasActiveHyperLink="false"/><property refid="_2024x_2_65d022e_1743071234134_440346_336" refElementId="_2024x_2_65d022e_1743071234134_440346_336" humanType="Property" classType="Property" owner="_2024x_2_65d022e_1742809486270_497801_46" ownerRefId="_2024x_2_65d022e_1742809486270_497801_46" name=" : Bodenstation" icon="index_files/icon_property_514738438.jpg" hasLink="false" hasActiveHyperLink="false"/><property refid="_2024x_2_65d022e_1743071238065_167918_359" refElementId="_2024x_2_65d022e_1743071238065_167918_359" humanType="Property" classType="Property" owner="_2024x_2_65d022e_1742809486270_497801_46" ownerRefId="_2024x_2_65d022e_1742809486270_497801_46" name=" : Kabinenbesatzung" icon="index_files/icon_property_514738438.jpg" hasLink="false" hasActiveHyperLink="false"/><property refid="_2024x_2_65d022e_1743071241305_361060_382" refElementId="_2024x_2_65d022e_1743071241305_361060_382" humanType="Property" classType="Property" owner="_2024x_2_65d022e_1742809486270_497801_46" ownerRefId="_2024x_2_65d022e_1742809486270_497801_46" name=" : Passagier" icon="index_files/icon_property_514738438.jpg" hasLink="false" hasActiveHyperLink="false"/><connector refid="_2024x_2_65d022e_1743331045604_873366_751" refElementId="_2024x_2_65d022e_1743331045604_873366_751" humanType="Connector" classType="Connector" owner="_2024x_2_65d022e_1742809486270_497801_46" ownerRefId="_2024x_2_65d022e_1742809486270_497801_46" name="Connector[:L1 AcFct 1: liefere ein human   machine interface (HMI) für den Passagier.p1 - ]" isRelationship="true" icon="index_files/icon_connector_1694213094.jpg" hasChild="true" hasLink="false" hasActiveHyperLink="false"/><connector refid="_2024x_2_65d022e_1743331060207_299560_782" refElementId="_2024x_2_65d022e_1743331060207_299560_782" humanType="Connector" classType="Connector" owner="_2024x_2_65d022e_1742809486270_497801_46" ownerRefId="_2024x_2_65d022e_1742809486270_497801_46" name="Connector[:L1 AcFct 2: manage  &#xa;Bestellung von  Speisen  &#xa;und Getränken.p2 - :L1 AcFct 5: liefere ein &#xa;bargeldloses  Bezahlsystem.p1]" isRelationship="true" icon="index_files/icon_connector_1694213094.jpg" hasChild="true" hasLink="false" hasActiveHyperLink="false"/><connector refid="_2024x_2_65d022e_1743331073753_863588_811" refElementId="_2024x_2_65d022e_1743331073753_863588_811" humanType="Connector" classType="Connector" owner="_2024x_2_65d022e_1742809486270_497801_46" ownerRefId="_2024x_2_65d022e_1742809486270_497801_46" name="Connector[:L1 AcFct 2: manage  &#xa;Bestellung von  Speisen  &#xa;und Getränken.p3 - :L1 AcFct 6: manage Bestellung von Speisen und Getränken manage für die Kabinenbesatzung.p3]" isRelationship="true" icon="index_files/icon_connector_1694213094.jpg" hasChild="true" hasLink="false" hasActiveHyperLink="false"/><connector refid="_2024x_2_65d022e_1745243892550_829375_65" refElementId="_2024x_2_65d022e_1745243892550_829375_65" humanType="Connector" classType="Connector" owner="_2024x_2_65d022e_1742809486270_497801_46" ownerRefId="_2024x_2_65d022e_1742809486270_497801_46" name="Connector[:L1 AcFct 2: manage  &#xa;Bestellung von  Speisen  &#xa;und Getränken.p4 - :L1 AcFct 11: liefere Auswertung &#xa;der flugbezogenen &#xa;Verbrauchsdaten.p2]" isRelationship="true" icon="index_files/icon_connector_1694213094.jpg" hasChild="true" hasLink="false" hasActiveHyperLink="false"/><connector refid="_2024x_2_65d022e_1743331101503_337381_862" refElementId="_2024x_2_65d022e_1743331101503_337381_862" humanType="Connector" classType="Connector" owner="_2024x_2_65d022e_1742809486270_497801_46" ownerRefId="_2024x_2_65d022e_1742809486270_497801_46" name="Connector[:L1 AcFct 4: authentifiziere&#xa;Bediener.p1 - :L1 AcFct 1: liefere ein human   machine interface (HMI) für den Passagier.p2]" isRelationship="true" icon="index_files/icon_connector_1694213094.jpg" hasChild="true" hasLink="false" hasActiveHyperLink="false"/><connector refid="_2024x_2_65d022e_1743331105463_909825_873" refElementId="_2024x_2_65d022e_1743331105463_909825_873" humanType="Connector" classType="Connector" owner="_2024x_2_65d022e_1742809486270_497801_46" ownerRefId="_2024x_2_65d022e_1742809486270_497801_46" name="Connector[:L1 AcFct 4: authentifiziere&#xa;Bediener.p2 - :L1 AcFct 2: manage  &#xa;Bestellung von  Speisen  &#xa;und Getränken.p1]" isRelationship="true" icon="index_files/icon_connector_1694213094.jpg" hasChild="true" hasLink="false" hasActiveHyperLink="false"/><connector refid="_2024x_2_65d022e_1743331090119_623219_840" refElementId="_2024x_2_65d022e_1743331090119_623219_840" humanType="Connector" classType="Connector" owner="_2024x_2_65d022e_1742809486270_497801_46" ownerRefId="_2024x_2_65d022e_1742809486270_497801_46" name="Connector[:L1 AcFct 5: liefere ein &#xa;bargeldloses  Bezahlsystem.p2 - :L1 AcFct 6: manage Bestellung von Speisen und Getränken manage für die Kabinenbesatzung.p4]" isRelationship="true" icon="index_files/icon_connector_1694213094.jpg" hasChild="true" hasLink="false" hasActiveHyperLink="false"/><connector refid="_2024x_2_65d022e_1743331096044_499048_851" refElementId="_2024x_2_65d022e_1743331096044_499048_851" humanType="Connector" classType="Connector" owner="_2024x_2_65d022e_1742809486270_497801_46" ownerRefId="_2024x_2_65d022e_1742809486270_497801_46" name="Connector[:L1 AcFct 5: liefere ein &#xa;bargeldloses  Bezahlsystem.p3 - :manage  &#xa;passagierbezogene Informationen.p3]" isRelationship="true" icon="index_files/icon_connector_1694213094.jpg" hasChild="true" hasLink="false" hasActiveHyperLink="false"/><connector refid="_2024x_2_65d022e_1743331111877_992061_884" refElementId="_2024x_2_65d022e_1743331111877_992061_884" humanType="Connector" classType="Connector" owner="_2024x_2_65d022e_1742809486270_497801_46" ownerRefId="_2024x_2_65d022e_1742809486270_497801_46" name="Connector[:L1 AcFct 6: manage Bestellung von Speisen und Getränken manage für die Kabinenbesatzung.p1 - :L1 AcFct 8: liefere Überwachung &#xa;des Küchengerätestatus.p2]" isRelationship="true" icon="index_files/icon_connector_1694213094.jpg" hasChild="true" hasLink="false" hasActiveHyperLink="false"/><connector refid="_2024x_2_65d022e_1743331052241_435262_771" refElementId="_2024x_2_65d022e_1743331052241_435262_771" humanType="Connector" classType="Connector" owner="_2024x_2_65d022e_1742809486270_497801_46" ownerRefId="_2024x_2_65d022e_1742809486270_497801_46" name="Connector[:L1 AcFct 6: manage Bestellung von Speisen und Getränken manage für die Kabinenbesatzung.p2 - :L1 AcFct 7: liefere ein human &#xa;machine interface (HMI) für die &#xa;Kabinenbesatzung.p1]" isRelationship="true" icon="index_files/icon_connector_1694213094.jpg" hasChild="true" hasLink="false" hasActiveHyperLink="false"/><connector refid="_2024x_2_65d022e_1743331048934_357789_761" refElementId="_2024x_2_65d022e_1743331048934_357789_761" humanType="Connector" classType="Connector" owner="_2024x_2_65d022e_1742809486270_497801_46" ownerRefId="_2024x_2_65d022e_1742809486270_497801_46" name="Connector[:L1 AcFct 7: liefere ein human &#xa;machine interface (HMI) für die &#xa;Kabinenbesatzung.p2 - ]" isRelationship="true" icon="index_files/icon_connector_1694213094.jpg" hasChild="true" hasLink="false" hasActiveHyperLink="false"/><connector refid="_2024x_2_65d022e_1743331012655_540457_675" refElementId="_2024x_2_65d022e_1743331012655_540457_675" humanType="Connector" classType="Connector" owner="_2024x_2_65d022e_1742809486270_497801_46" ownerRefId="_2024x_2_65d022e_1742809486270_497801_46" name="Connector[:L1 AcFct 8: liefere Überwachung &#xa;des Küchengerätestatus.p1 - :L1 AcFct 10: liefere &#xa;Datenspeicherung.p2]" isRelationship="true" icon="index_files/icon_connector_1694213094.jpg" hasChild="true" hasLink="false" hasActiveHyperLink="false"/><connector refid="_2024x_2_65d022e_1743331018789_23549_686" refElementId="_2024x_2_65d022e_1743331018789_23549_686" humanType="Connector" classType="Connector" owner="_2024x_2_65d022e_1742809486270_497801_46" ownerRefId="_2024x_2_65d022e_1742809486270_497801_46" name="Connector[:L1 AcFct 8: liefere Überwachung &#xa;des Küchengerätestatus.p3 - :L1 AcFct 9: liefere Flugzeugdaten.p1]" isRelationship="true" icon="index_files/icon_connector_1694213094.jpg" hasChild="true" hasLink="false" hasActiveHyperLink="false"/><connector refid="_2024x_2_65d022e_1743331022240_60356_697" refElementId="_2024x_2_65d022e_1743331022240_60356_697" humanType="Connector" classType="Connector" owner="_2024x_2_65d022e_1742809486270_497801_46" ownerRefId="_2024x_2_65d022e_1742809486270_497801_46" name="Connector[:L1 AcFct 9: liefere Flugzeugdaten.p2 - :L1 AcFct 11: liefere Auswertung &#xa;der flugbezogenen &#xa;Verbrauchsdaten.p1]" isRelationship="true" icon="index_files/icon_connector_1694213094.jpg" hasChild="true" hasLink="false" hasActiveHyperLink="false"/><connector refid="_2024x_2_65d022e_1743330808415_621557_124" refElementId="_2024x_2_65d022e_1743330808415_621557_124" humanType="Connector" classType="Connector" owner="_2024x_2_65d022e_1742809486270_497801_46" ownerRefId="_2024x_2_65d022e_1742809486270_497801_46" name="Connector[:L1 AcFct 10: liefere &#xa;Datenspeicherung.p1 - :L1 AcFct 12: liefere  &#xa;Bodenkonnektivität.p1]" isRelationship="true" icon="index_files/icon_connector_1694213094.jpg" hasChild="true" hasLink="false" hasActiveHyperLink="false"/><connector refid="_2024x_2_65d022e_1743331026626_917427_708" refElementId="_2024x_2_65d022e_1743331026626_917427_708" humanType="Connector" classType="Connector" owner="_2024x_2_65d022e_1742809486270_497801_46" ownerRefId="_2024x_2_65d022e_1742809486270_497801_46" name="Connector[:L1 AcFct 11: liefere Auswertung &#xa;der flugbezogenen &#xa;Verbrauchsdaten.p3 - :L1 AcFct 10: liefere &#xa;Datenspeicherung.p3]" isRelationship="true" icon="index_files/icon_connector_1694213094.jpg" hasChild="true" hasLink="false" hasActiveHyperLink="false"/><connector refid="_2024x_2_65d022e_1743331041305_351449_741" refElementId="_2024x_2_65d022e_1743331041305_351449_741" humanType="Connector" classType="Connector" owner="_2024x_2_65d022e_1742809486270_497801_46" ownerRefId="_2024x_2_65d022e_1742809486270_497801_46" name="Connector[:L1 AcFct 12: liefere  &#xa;Bodenkonnektivität.p3 - ]" isRelationship="true" icon="index_files/icon_connector_1694213094.jpg" hasChild="true" hasLink="false" hasActiveHyperLink="false"/><connector refid="_2024x_2_65d022e_1743331032478_438638_719" refElementId="_2024x_2_65d022e_1743331032478_438638_719" humanType="Connector" classType="Connector" owner="_2024x_2_65d022e_1742809486270_497801_46" ownerRefId="_2024x_2_65d022e_1742809486270_497801_46" name="Connector[:manage  &#xa;passagierbezogene Informationen.p1 - :L1 AcFct 4: authentifiziere&#xa;Bediener.p3]" isRelationship="true" icon="index_files/icon_connector_1694213094.jpg" hasChild="true" hasLink="false" hasActiveHyperLink="false"/><connector refid="_2024x_2_65d022e_1743331037076_915856_730" refElementId="_2024x_2_65d022e_1743331037076_915856_730" humanType="Connector" classType="Connector" owner="_2024x_2_65d022e_1742809486270_497801_46" ownerRefId="_2024x_2_65d022e_1742809486270_497801_46" name="Connector[:manage  &#xa;passagierbezogene Informationen.p2 - :L1 AcFct 12: liefere  &#xa;Bodenkonnektivität.p2]" isRelationship="true" icon="index_files/icon_connector_1694213094.jpg" hasChild="true" hasLink="false" hasActiveHyperLink="false"/></ownedElement></block>