<?xml version='1.0' encoding='UTF-8'?><package refid="_2024x_2_65d022e_1742058423552_733607_3297" refElementId="_2024x_2_65d022e_1742058423552_733607_3297" humanType="Package" classType="Package" owner="_2024x_2_65d022e_1742058423551_932232_3258" ownerRefId="_2024x_2_65d022e_1742058423551_932232_3258" name="03 - Attack Paths" hasChild="true" hasLink="false" hasActiveHyperLink="false"><ownedElement><attackpath refid="_2024x_2_65d022e_1749465863319_977399_8664" refElementId="_2024x_2_65d022e_1749465863319_977399_8664" humanType="AttackPath" classType="Class" owner="_2024x_2_65d022e_1742058423552_733607_3297" ownerRefId="_2024x_2_65d022e_1742058423552_733607_3297" name="Bestellen von Speisen und Getränken am Passagiersitz mit Hilfe einer falschen Identität" icon="index_files/icon_attackpath_30413431.jpg" hasChild="true" hasLink="false" hasActiveHyperLink="false"/><attackpath refid="_2024x_2_65d022e_1749465167005_355060_8556" refElementId="_2024x_2_65d022e_1749465167005_355060_8556" humanType="AttackPath" classType="Class" owner="_2024x_2_65d022e_1742058423552_733607_3297" ownerRefId="_2024x_2_65d022e_1742058423552_733607_3297" name="Bestellen von Speisen und Getränken am Passagiersitz unterbinden/verhindern" icon="index_files/icon_attackpath_30413431.jpg" hasChild="true" hasLink="false" hasActiveHyperLink="false"/><attackpath refid="_2024x_2_65d022e_1749466133745_493574_8760" refElementId="_2024x_2_65d022e_1749466133745_493574_8760" humanType="AttackPath" classType="Class" owner="_2024x_2_65d022e_1742058423552_733607_3297" ownerRefId="_2024x_2_65d022e_1742058423552_733607_3297" name="Manipulation personenbezogenen Verbrauchsdaten" icon="index_files/icon_attackpath_30413431.jpg" hasChild="true" hasLink="false" hasActiveHyperLink="false"/><association refid="_2024x_2_65d022e_1749465958023_944082_8670" refElementId="_2024x_2_65d022e_1749465958023_944082_8670" humanType="Association" classType="Association" owner="_2024x_2_65d022e_1742058423552_733607_3297" ownerRefId="_2024x_2_65d022e_1742058423552_733607_3297" name="Association[Bestellen von Speisen und Getränken am Passagiersitz mit Hilfe einer falschen Identität -> ]" isRelationship="true" icon="index_files/icon_association_1164290114.jpg" hasChild="true" hasLink="false" hasActiveHyperLink="false"/><association refid="_2024x_2_65d022e_1749465959126_154215_8676" refElementId="_2024x_2_65d022e_1749465959126_154215_8676" humanType="Association" classType="Association" owner="_2024x_2_65d022e_1742058423552_733607_3297" ownerRefId="_2024x_2_65d022e_1742058423552_733607_3297" name="Association[Bestellen von Speisen und Getränken am Passagiersitz mit Hilfe einer falschen Identität -> ]" isRelationship="true" icon="index_files/icon_association_1164290114.jpg" hasChild="true" hasLink="false" hasActiveHyperLink="false"/><association refid="_2024x_2_65d022e_1749465960548_158135_8682" refElementId="_2024x_2_65d022e_1749465960548_158135_8682" humanType="Association" classType="Association" owner="_2024x_2_65d022e_1742058423552_733607_3297" ownerRefId="_2024x_2_65d022e_1742058423552_733607_3297" name="Association[Bestellen von Speisen und Getränken am Passagiersitz mit Hilfe einer falschen Identität -> ]" isRelationship="true" icon="index_files/icon_association_1164290114.jpg" hasChild="true" hasLink="false" hasActiveHyperLink="false"/><association refid="_2024x_2_65d022e_1749465962831_83986_8694" refElementId="_2024x_2_65d022e_1749465962831_83986_8694" humanType="Association" classType="Association" owner="_2024x_2_65d022e_1742058423552_733607_3297" ownerRefId="_2024x_2_65d022e_1742058423552_733607_3297" name="Association[Bestellen von Speisen und Getränken am Passagiersitz mit Hilfe einer falschen Identität -> ]" isRelationship="true" icon="index_files/icon_association_1164290114.jpg" hasChild="true" hasLink="false" hasActiveHyperLink="false"/><association refid="_2024x_2_65d022e_1749465963892_798742_8700" refElementId="_2024x_2_65d022e_1749465963892_798742_8700" humanType="Association" classType="Association" owner="_2024x_2_65d022e_1742058423552_733607_3297" ownerRefId="_2024x_2_65d022e_1742058423552_733607_3297" name="Association[Bestellen von Speisen und Getränken am Passagiersitz mit Hilfe einer falschen Identität -> ]" isRelationship="true" icon="index_files/icon_association_1164290114.jpg" hasChild="true" hasLink="false" hasActiveHyperLink="false"/><association refid="_2024x_2_65d022e_1749465965472_378383_8706" refElementId="_2024x_2_65d022e_1749465965472_378383_8706" humanType="Association" classType="Association" owner="_2024x_2_65d022e_1742058423552_733607_3297" ownerRefId="_2024x_2_65d022e_1742058423552_733607_3297" name="Association[Bestellen von Speisen und Getränken am Passagiersitz mit Hilfe einer falschen Identität -> ]" isRelationship="true" icon="index_files/icon_association_1164290114.jpg" hasChild="true" hasLink="false" hasActiveHyperLink="false"/><association refid="_2024x_2_65d022e_1749465969732_99670_8712" refElementId="_2024x_2_65d022e_1749465969732_99670_8712" humanType="Association" classType="Association" owner="_2024x_2_65d022e_1742058423552_733607_3297" ownerRefId="_2024x_2_65d022e_1742058423552_733607_3297" name="Association[Bestellen von Speisen und Getränken am Passagiersitz mit Hilfe einer falschen Identität -> ]" isRelationship="true" icon="index_files/icon_association_1164290114.jpg" hasChild="true" hasLink="false" hasActiveHyperLink="false"/><association refid="_2024x_2_65d022e_1749465971040_280580_8718" refElementId="_2024x_2_65d022e_1749465971040_280580_8718" humanType="Association" classType="Association" owner="_2024x_2_65d022e_1742058423552_733607_3297" ownerRefId="_2024x_2_65d022e_1742058423552_733607_3297" name="Association[Bestellen von Speisen und Getränken am Passagiersitz mit Hilfe einer falschen Identität -> ]" isRelationship="true" icon="index_files/icon_association_1164290114.jpg" hasChild="true" hasLink="false" hasActiveHyperLink="false"/><association refid="_2024x_2_65d022e_1749465972422_544980_8724" refElementId="_2024x_2_65d022e_1749465972422_544980_8724" humanType="Association" classType="Association" owner="_2024x_2_65d022e_1742058423552_733607_3297" ownerRefId="_2024x_2_65d022e_1742058423552_733607_3297" name="Association[Bestellen von Speisen und Getränken am Passagiersitz mit Hilfe einer falschen Identität -> ]" isRelationship="true" icon="index_files/icon_association_1164290114.jpg" hasChild="true" hasLink="false" hasActiveHyperLink="false"/><association refid="_2024x_2_65d022e_1749465973477_487031_8730" refElementId="_2024x_2_65d022e_1749465973477_487031_8730" humanType="Association" classType="Association" owner="_2024x_2_65d022e_1742058423552_733607_3297" ownerRefId="_2024x_2_65d022e_1742058423552_733607_3297" name="Association[Bestellen von Speisen und Getränken am Passagiersitz mit Hilfe einer falschen Identität -> ]" isRelationship="true" icon="index_files/icon_association_1164290114.jpg" hasChild="true" hasLink="false" hasActiveHyperLink="false"/><association refid="_2024x_2_65d022e_1749465974410_93739_8736" refElementId="_2024x_2_65d022e_1749465974410_93739_8736" humanType="Association" classType="Association" owner="_2024x_2_65d022e_1742058423552_733607_3297" ownerRefId="_2024x_2_65d022e_1742058423552_733607_3297" name="Association[Bestellen von Speisen und Getränken am Passagiersitz mit Hilfe einer falschen Identität -> L2 MsFct 3:  manage passagierbezogene Informationen:L2 MsFct 3:  manage passagierbezogene Informationen]" isRelationship="true" icon="index_files/icon_association_1164290114.jpg" hasChild="true" hasLink="false" hasActiveHyperLink="false"/><association refid="_2024x_2_65d022e_1749465990614_980125_8742" refElementId="_2024x_2_65d022e_1749465990614_980125_8742" humanType="Association" classType="Association" owner="_2024x_2_65d022e_1742058423552_733607_3297" ownerRefId="_2024x_2_65d022e_1742058423552_733607_3297" name="Association[Bestellen von Speisen und Getränken am Passagiersitz mit Hilfe einer falschen Identität -> L2 MsFct 3:  manage passagierbezogene Informationen:L2 MsFct 3:  manage passagierbezogene Informationen]" isRelationship="true" icon="index_files/icon_association_1164290114.jpg" hasChild="true" hasLink="false" hasActiveHyperLink="false"/><association refid="_2024x_2_65d022e_1749465961599_813309_8688" refElementId="_2024x_2_65d022e_1749465961599_813309_8688" humanType="Association" classType="Association" owner="_2024x_2_65d022e_1742058423552_733607_3297" ownerRefId="_2024x_2_65d022e_1742058423552_733607_3297" name="Association[Bestellen von Speisen und Getränken am Passagiersitz mit Hilfe einer falschen Identität -> L2 MsFct 12: liefere Bodenkonnektivität:L2 MsFct 12: liefere Bodenkonnektivität]" isRelationship="true" icon="index_files/icon_association_1164290114.jpg" hasChild="true" hasLink="false" hasActiveHyperLink="false"/><association refid="_2024x_2_65d022e_1749465434804_871991_8622" refElementId="_2024x_2_65d022e_1749465434804_871991_8622" humanType="Association" classType="Association" owner="_2024x_2_65d022e_1742058423552_733607_3297" ownerRefId="_2024x_2_65d022e_1742058423552_733607_3297" name="Association[Bestellen von Speisen und Getränken am Passagiersitz unterbinden/verhindern -> ]" isRelationship="true" icon="index_files/icon_association_1164290114.jpg" hasChild="true" hasLink="false" hasActiveHyperLink="false"/><association refid="_2024x_2_65d022e_1749465436954_258484_8628" refElementId="_2024x_2_65d022e_1749465436954_258484_8628" humanType="Association" classType="Association" owner="_2024x_2_65d022e_1742058423552_733607_3297" ownerRefId="_2024x_2_65d022e_1742058423552_733607_3297" name="Association[Bestellen von Speisen und Getränken am Passagiersitz unterbinden/verhindern -> ]" isRelationship="true" icon="index_files/icon_association_1164290114.jpg" hasChild="true" hasLink="false" hasActiveHyperLink="false"/><association refid="_2024x_2_65d022e_1749465438162_304435_8634" refElementId="_2024x_2_65d022e_1749465438162_304435_8634" humanType="Association" classType="Association" owner="_2024x_2_65d022e_1742058423552_733607_3297" ownerRefId="_2024x_2_65d022e_1742058423552_733607_3297" name="Association[Bestellen von Speisen und Getränken am Passagiersitz unterbinden/verhindern -> ]" isRelationship="true" icon="index_files/icon_association_1164290114.jpg" hasChild="true" hasLink="false" hasActiveHyperLink="false"/><association refid="_2024x_2_65d022e_1749465439514_745598_8640" refElementId="_2024x_2_65d022e_1749465439514_745598_8640" humanType="Association" classType="Association" owner="_2024x_2_65d022e_1742058423552_733607_3297" ownerRefId="_2024x_2_65d022e_1742058423552_733607_3297" name="Association[Bestellen von Speisen und Getränken am Passagiersitz unterbinden/verhindern -> L2 MsFct 1: liefere ein human machine interface (HMI) für den Passanger:L2 MsFct 1: liefere ein human machine interface (HMI) für den Passanger]" isRelationship="true" icon="index_files/icon_association_1164290114.jpg" hasChild="true" hasLink="false" hasActiveHyperLink="false"/><association refid="_2024x_2_65d022e_1749465508321_460904_8646" refElementId="_2024x_2_65d022e_1749465508321_460904_8646" humanType="Association" classType="Association" owner="_2024x_2_65d022e_1742058423552_733607_3297" ownerRefId="_2024x_2_65d022e_1742058423552_733607_3297" name="Association[Bestellen von Speisen und Getränken am Passagiersitz unterbinden/verhindern -> L2 MsFct 1: liefere ein human machine interface (HMI) für den Passanger:L2 MsFct 1: liefere ein human machine interface (HMI) für den Passanger]" isRelationship="true" icon="index_files/icon_association_1164290114.jpg" hasChild="true" hasLink="false" hasActiveHyperLink="false"/><association refid="_2024x_2_65d022e_1749466194301_406439_8808" refElementId="_2024x_2_65d022e_1749466194301_406439_8808" humanType="Association" classType="Association" owner="_2024x_2_65d022e_1742058423552_733607_3297" ownerRefId="_2024x_2_65d022e_1742058423552_733607_3297" name="Association[Manipulation personenbezogenen Verbrauchsdaten -> ]" isRelationship="true" icon="index_files/icon_association_1164290114.jpg" hasChild="true" hasLink="false" hasActiveHyperLink="false"/><association refid="_2024x_2_65d022e_1749466195785_577980_8814" refElementId="_2024x_2_65d022e_1749466195785_577980_8814" humanType="Association" classType="Association" owner="_2024x_2_65d022e_1742058423552_733607_3297" ownerRefId="_2024x_2_65d022e_1742058423552_733607_3297" name="Association[Manipulation personenbezogenen Verbrauchsdaten -> ]" isRelationship="true" icon="index_files/icon_association_1164290114.jpg" hasChild="true" hasLink="false" hasActiveHyperLink="false"/><association refid="_2024x_2_65d022e_1749466196893_205471_8820" refElementId="_2024x_2_65d022e_1749466196893_205471_8820" humanType="Association" classType="Association" owner="_2024x_2_65d022e_1742058423552_733607_3297" ownerRefId="_2024x_2_65d022e_1742058423552_733607_3297" name="Association[Manipulation personenbezogenen Verbrauchsdaten -> ]" isRelationship="true" icon="index_files/icon_association_1164290114.jpg" hasChild="true" hasLink="false" hasActiveHyperLink="false"/><association refid="_2024x_2_65d022e_1749466199003_677418_8832" refElementId="_2024x_2_65d022e_1749466199003_677418_8832" humanType="Association" classType="Association" owner="_2024x_2_65d022e_1742058423552_733607_3297" ownerRefId="_2024x_2_65d022e_1742058423552_733607_3297" name="Association[Manipulation personenbezogenen Verbrauchsdaten -> ]" isRelationship="true" icon="index_files/icon_association_1164290114.jpg" hasChild="true" hasLink="false" hasActiveHyperLink="false"/><association refid="_2024x_2_65d022e_1749466200156_450107_8838" refElementId="_2024x_2_65d022e_1749466200156_450107_8838" humanType="Association" classType="Association" owner="_2024x_2_65d022e_1742058423552_733607_3297" ownerRefId="_2024x_2_65d022e_1742058423552_733607_3297" name="Association[Manipulation personenbezogenen Verbrauchsdaten -> ]" isRelationship="true" icon="index_files/icon_association_1164290114.jpg" hasChild="true" hasLink="false" hasActiveHyperLink="false"/><association refid="_2024x_2_65d022e_1749466201482_49241_8844" refElementId="_2024x_2_65d022e_1749466201482_49241_8844" humanType="Association" classType="Association" owner="_2024x_2_65d022e_1742058423552_733607_3297" ownerRefId="_2024x_2_65d022e_1742058423552_733607_3297" name="Association[Manipulation personenbezogenen Verbrauchsdaten -> ]" isRelationship="true" icon="index_files/icon_association_1164290114.jpg" hasChild="true" hasLink="false" hasActiveHyperLink="false"/><association refid="_2024x_2_65d022e_1749466204380_636275_8856" refElementId="_2024x_2_65d022e_1749466204380_636275_8856" humanType="Association" classType="Association" owner="_2024x_2_65d022e_1742058423552_733607_3297" ownerRefId="_2024x_2_65d022e_1742058423552_733607_3297" name="Association[Manipulation personenbezogenen Verbrauchsdaten -> ]" isRelationship="true" icon="index_files/icon_association_1164290114.jpg" hasChild="true" hasLink="false" hasActiveHyperLink="false"/><association refid="_2024x_2_65d022e_1749466205865_262155_8862" refElementId="_2024x_2_65d022e_1749466205865_262155_8862" humanType="Association" classType="Association" owner="_2024x_2_65d022e_1742058423552_733607_3297" ownerRefId="_2024x_2_65d022e_1742058423552_733607_3297" name="Association[Manipulation personenbezogenen Verbrauchsdaten -> ]" isRelationship="true" icon="index_files/icon_association_1164290114.jpg" hasChild="true" hasLink="false" hasActiveHyperLink="false"/><association refid="_2024x_2_65d022e_1749466224015_635992_8880" refElementId="_2024x_2_65d022e_1749466224015_635992_8880" humanType="Association" classType="Association" owner="_2024x_2_65d022e_1742058423552_733607_3297" ownerRefId="_2024x_2_65d022e_1742058423552_733607_3297" name="Association[Manipulation personenbezogenen Verbrauchsdaten -> ]" isRelationship="true" icon="index_files/icon_association_1164290114.jpg" hasChild="true" hasLink="false" hasActiveHyperLink="false"/><association refid="_2024x_2_65d022e_1749466231485_342167_8892" refElementId="_2024x_2_65d022e_1749466231485_342167_8892" humanType="Association" classType="Association" owner="_2024x_2_65d022e_1742058423552_733607_3297" ownerRefId="_2024x_2_65d022e_1742058423552_733607_3297" name="Association[Manipulation personenbezogenen Verbrauchsdaten -> ]" isRelationship="true" icon="index_files/icon_association_1164290114.jpg" hasChild="true" hasLink="false" hasActiveHyperLink="false"/><association refid="_2024x_2_65d022e_1749466233226_434779_8898" refElementId="_2024x_2_65d022e_1749466233226_434779_8898" humanType="Association" classType="Association" owner="_2024x_2_65d022e_1742058423552_733607_3297" ownerRefId="_2024x_2_65d022e_1742058423552_733607_3297" name="Association[Manipulation personenbezogenen Verbrauchsdaten -> ]" isRelationship="true" icon="index_files/icon_association_1164290114.jpg" hasChild="true" hasLink="false" hasActiveHyperLink="false"/><association refid="_2024x_2_65d022e_1749466234285_467554_8904" refElementId="_2024x_2_65d022e_1749466234285_467554_8904" humanType="Association" classType="Association" owner="_2024x_2_65d022e_1742058423552_733607_3297" ownerRefId="_2024x_2_65d022e_1742058423552_733607_3297" name="Association[Manipulation personenbezogenen Verbrauchsdaten -> ]" isRelationship="true" icon="index_files/icon_association_1164290114.jpg" hasChild="true" hasLink="false" hasActiveHyperLink="false"/><association refid="_2024x_2_65d022e_1749466235506_291019_8910" refElementId="_2024x_2_65d022e_1749466235506_291019_8910" humanType="Association" classType="Association" owner="_2024x_2_65d022e_1742058423552_733607_3297" ownerRefId="_2024x_2_65d022e_1742058423552_733607_3297" name="Association[Manipulation personenbezogenen Verbrauchsdaten -> ]" isRelationship="true" icon="index_files/icon_association_1164290114.jpg" hasChild="true" hasLink="false" hasActiveHyperLink="false"/><association refid="_2024x_2_65d022e_1749466236756_44678_8916" refElementId="_2024x_2_65d022e_1749466236756_44678_8916" humanType="Association" classType="Association" owner="_2024x_2_65d022e_1742058423552_733607_3297" ownerRefId="_2024x_2_65d022e_1742058423552_733607_3297" name="Association[Manipulation personenbezogenen Verbrauchsdaten -> ]" isRelationship="true" icon="index_files/icon_association_1164290114.jpg" hasChild="true" hasLink="false" hasActiveHyperLink="false"/><association refid="_2024x_2_65d022e_1749466239348_612856_8922" refElementId="_2024x_2_65d022e_1749466239348_612856_8922" humanType="Association" classType="Association" owner="_2024x_2_65d022e_1742058423552_733607_3297" ownerRefId="_2024x_2_65d022e_1742058423552_733607_3297" name="Association[Manipulation personenbezogenen Verbrauchsdaten -> ]" isRelationship="true" icon="index_files/icon_association_1164290114.jpg" hasChild="true" hasLink="false" hasActiveHyperLink="false"/><association refid="_2024x_2_65d022e_1749466242474_314876_8934" refElementId="_2024x_2_65d022e_1749466242474_314876_8934" humanType="Association" classType="Association" owner="_2024x_2_65d022e_1742058423552_733607_3297" ownerRefId="_2024x_2_65d022e_1742058423552_733607_3297" name="Association[Manipulation personenbezogenen Verbrauchsdaten -> ]" isRelationship="true" icon="index_files/icon_association_1164290114.jpg" hasChild="true" hasLink="false" hasActiveHyperLink="false"/><association refid="_2024x_2_65d022e_1749466243641_194035_8940" refElementId="_2024x_2_65d022e_1749466243641_194035_8940" humanType="Association" classType="Association" owner="_2024x_2_65d022e_1742058423552_733607_3297" ownerRefId="_2024x_2_65d022e_1742058423552_733607_3297" name="Association[Manipulation personenbezogenen Verbrauchsdaten -> ]" isRelationship="true" icon="index_files/icon_association_1164290114.jpg" hasChild="true" hasLink="false" hasActiveHyperLink="false"/><association refid="_2024x_2_65d022e_1749466245018_363692_8946" refElementId="_2024x_2_65d022e_1749466245018_363692_8946" humanType="Association" classType="Association" owner="_2024x_2_65d022e_1742058423552_733607_3297" ownerRefId="_2024x_2_65d022e_1742058423552_733607_3297" name="Association[Manipulation personenbezogenen Verbrauchsdaten -> ]" isRelationship="true" icon="index_files/icon_association_1164290114.jpg" hasChild="true" hasLink="false" hasActiveHyperLink="false"/><association refid="_2024x_2_65d022e_1749466246922_234117_8952" refElementId="_2024x_2_65d022e_1749466246922_234117_8952" humanType="Association" classType="Association" owner="_2024x_2_65d022e_1742058423552_733607_3297" ownerRefId="_2024x_2_65d022e_1742058423552_733607_3297" name="Association[Manipulation personenbezogenen Verbrauchsdaten -> ]" isRelationship="true" icon="index_files/icon_association_1164290114.jpg" hasChild="true" hasLink="false" hasActiveHyperLink="false"/><association refid="_2024x_2_65d022e_1749466247908_568112_8958" refElementId="_2024x_2_65d022e_1749466247908_568112_8958" humanType="Association" classType="Association" owner="_2024x_2_65d022e_1742058423552_733607_3297" ownerRefId="_2024x_2_65d022e_1742058423552_733607_3297" name="Association[Manipulation personenbezogenen Verbrauchsdaten -> ]" isRelationship="true" icon="index_files/icon_association_1164290114.jpg" hasChild="true" hasLink="false" hasActiveHyperLink="false"/><association refid="_2024x_2_65d022e_1749466249202_557178_8964" refElementId="_2024x_2_65d022e_1749466249202_557178_8964" humanType="Association" classType="Association" owner="_2024x_2_65d022e_1742058423552_733607_3297" ownerRefId="_2024x_2_65d022e_1742058423552_733607_3297" name="Association[Manipulation personenbezogenen Verbrauchsdaten -> ]" isRelationship="true" icon="index_files/icon_association_1164290114.jpg" hasChild="true" hasLink="false" hasActiveHyperLink="false"/><association refid="_2024x_2_65d022e_1749466250793_693997_8970" refElementId="_2024x_2_65d022e_1749466250793_693997_8970" humanType="Association" classType="Association" owner="_2024x_2_65d022e_1742058423552_733607_3297" ownerRefId="_2024x_2_65d022e_1742058423552_733607_3297" name="Association[Manipulation personenbezogenen Verbrauchsdaten -> ]" isRelationship="true" icon="index_files/icon_association_1164290114.jpg" hasChild="true" hasLink="false" hasActiveHyperLink="false"/><association refid="_2024x_2_65d022e_1749466197865_589000_8826" refElementId="_2024x_2_65d022e_1749466197865_589000_8826" humanType="Association" classType="Association" owner="_2024x_2_65d022e_1742058423552_733607_3297" ownerRefId="_2024x_2_65d022e_1742058423552_733607_3297" name="Association[Manipulation personenbezogenen Verbrauchsdaten -> L2 MsFct 1: liefere ein human machine interface (HMI) für den Passanger:L2 MsFct 1: liefere ein human machine interface (HMI) für den Passanger]" isRelationship="true" icon="index_files/icon_association_1164290114.jpg" hasChild="true" hasLink="false" hasActiveHyperLink="false"/><association refid="_2024x_2_65d022e_1749466225906_246276_8886" refElementId="_2024x_2_65d022e_1749466225906_246276_8886" humanType="Association" classType="Association" owner="_2024x_2_65d022e_1742058423552_733607_3297" ownerRefId="_2024x_2_65d022e_1742058423552_733607_3297" name="Association[Manipulation personenbezogenen Verbrauchsdaten -> L2 MsFct 2: manage Bestellung von Speisen und Getränken:L2 MsFct 2: manage Bestellung von Speisen und Getränken]" isRelationship="true" icon="index_files/icon_association_1164290114.jpg" hasChild="true" hasLink="false" hasActiveHyperLink="false"/><association refid="_2024x_2_65d022e_1749466202181_41107_8850" refElementId="_2024x_2_65d022e_1749466202181_41107_8850" humanType="Association" classType="Association" owner="_2024x_2_65d022e_1742058423552_733607_3297" ownerRefId="_2024x_2_65d022e_1742058423552_733607_3297" name="Association[Manipulation personenbezogenen Verbrauchsdaten -> L2 MsFct 4: authentifiziere Bediener:L2 MsFct 4: authentifiziere Bediener]" isRelationship="true" icon="index_files/icon_association_1164290114.jpg" hasChild="true" hasLink="false" hasActiveHyperLink="false"/><association refid="_2024x_2_65d022e_1749466254046_560760_8976" refElementId="_2024x_2_65d022e_1749466254046_560760_8976" humanType="Association" classType="Association" owner="_2024x_2_65d022e_1742058423552_733607_3297" ownerRefId="_2024x_2_65d022e_1742058423552_733607_3297" name="Association[Manipulation personenbezogenen Verbrauchsdaten -> L2 MsFct 9: liefere Flugzeugdaten:L2 MsFct 9: liefere Flugzeugdaten]" isRelationship="true" icon="index_files/icon_association_1164290114.jpg" hasChild="true" hasLink="false" hasActiveHyperLink="false"/><association refid="_2024x_2_65d022e_1749466240272_546225_8928" refElementId="_2024x_2_65d022e_1749466240272_546225_8928" humanType="Association" classType="Association" owner="_2024x_2_65d022e_1742058423552_733607_3297" ownerRefId="_2024x_2_65d022e_1742058423552_733607_3297" name="Association[Manipulation personenbezogenen Verbrauchsdaten -> L2 MsFct 11: liefere Auswertung der flugbezogenen Verbrauchsdaten:L2 MsFct 11: liefere Auswertung der flugbezogenen Verbrauchsdaten]" isRelationship="true" icon="index_files/icon_association_1164290114.jpg" hasChild="true" hasLink="false" hasActiveHyperLink="false"/><dependency refid="_2024x_2_65d022e_1749465436930_84467_8626" refElementId="_2024x_2_65d022e_1749465436930_84467_8626" humanType="Dependency" classType="Dependency" owner="_2024x_2_65d022e_1742058423552_733607_3297" ownerRefId="_2024x_2_65d022e_1742058423552_733607_3297" name="Dependency[ -> ]" isRelationship="true" icon="index_files/icon_dependency_1470843699.jpg" hasLink="false" hasActiveHyperLink="false"/><dependency refid="_2024x_2_65d022e_1749465959102_451289_8674" refElementId="_2024x_2_65d022e_1749465959102_451289_8674" humanType="Dependency" classType="Dependency" owner="_2024x_2_65d022e_1742058423552_733607_3297" ownerRefId="_2024x_2_65d022e_1742058423552_733607_3297" name="Dependency[ -> ]" isRelationship="true" icon="index_files/icon_dependency_1470843699.jpg" hasLink="false" hasActiveHyperLink="false"/><dependency refid="_2024x_2_65d022e_1749465963867_333464_8698" refElementId="_2024x_2_65d022e_1749465963867_333464_8698" humanType="Dependency" classType="Dependency" owner="_2024x_2_65d022e_1742058423552_733607_3297" ownerRefId="_2024x_2_65d022e_1742058423552_733607_3297" name="Dependency[ -> ]" isRelationship="true" icon="index_files/icon_dependency_1470843699.jpg" hasLink="false" hasActiveHyperLink="false"/><dependency refid="_2024x_2_65d022e_1749465969708_844187_8710" refElementId="_2024x_2_65d022e_1749465969708_844187_8710" humanType="Dependency" classType="Dependency" owner="_2024x_2_65d022e_1742058423552_733607_3297" ownerRefId="_2024x_2_65d022e_1742058423552_733607_3297" name="Dependency[ -> ]" isRelationship="true" icon="index_files/icon_dependency_1470843699.jpg" hasLink="false" hasActiveHyperLink="false"/><dependency refid="_2024x_2_65d022e_1749465972397_398854_8722" refElementId="_2024x_2_65d022e_1749465972397_398854_8722" humanType="Dependency" classType="Dependency" owner="_2024x_2_65d022e_1742058423552_733607_3297" ownerRefId="_2024x_2_65d022e_1742058423552_733607_3297" name="Dependency[ -> ]" isRelationship="true" icon="index_files/icon_dependency_1470843699.jpg" hasLink="false" hasActiveHyperLink="false"/><dependency refid="_2024x_2_65d022e_1749466195759_688817_8812" refElementId="_2024x_2_65d022e_1749466195759_688817_8812" humanType="Dependency" classType="Dependency" owner="_2024x_2_65d022e_1742058423552_733607_3297" ownerRefId="_2024x_2_65d022e_1742058423552_733607_3297" name="Dependency[ -> ]" isRelationship="true" icon="index_files/icon_dependency_1470843699.jpg" hasLink="false" hasActiveHyperLink="false"/><dependency refid="_2024x_2_65d022e_1749466200132_620634_8836" refElementId="_2024x_2_65d022e_1749466200132_620634_8836" humanType="Dependency" classType="Dependency" owner="_2024x_2_65d022e_1742058423552_733607_3297" ownerRefId="_2024x_2_65d022e_1742058423552_733607_3297" name="Dependency[ -> ]" isRelationship="true" icon="index_files/icon_dependency_1470843699.jpg" hasLink="false" hasActiveHyperLink="false"/><dependency refid="_2024x_2_65d022e_1749466205840_389737_8860" refElementId="_2024x_2_65d022e_1749466205840_389737_8860" humanType="Dependency" classType="Dependency" owner="_2024x_2_65d022e_1742058423552_733607_3297" ownerRefId="_2024x_2_65d022e_1742058423552_733607_3297" name="Dependency[ -> ]" isRelationship="true" icon="index_files/icon_dependency_1470843699.jpg" hasLink="false" hasActiveHyperLink="false"/><dependency refid="_2024x_2_65d022e_1749466233200_154956_8896" refElementId="_2024x_2_65d022e_1749466233200_154956_8896" humanType="Dependency" classType="Dependency" owner="_2024x_2_65d022e_1742058423552_733607_3297" ownerRefId="_2024x_2_65d022e_1742058423552_733607_3297" name="Dependency[ -> ]" isRelationship="true" icon="index_files/icon_dependency_1470843699.jpg" hasLink="false" hasActiveHyperLink="false"/><dependency refid="_2024x_2_65d022e_1749466235480_378985_8908" refElementId="_2024x_2_65d022e_1749466235480_378985_8908" humanType="Dependency" classType="Dependency" owner="_2024x_2_65d022e_1742058423552_733607_3297" ownerRefId="_2024x_2_65d022e_1742058423552_733607_3297" name="Dependency[ -> ]" isRelationship="true" icon="index_files/icon_dependency_1470843699.jpg" hasLink="false" hasActiveHyperLink="false"/><dependency refid="_2024x_2_65d022e_1749466243614_776233_8938" refElementId="_2024x_2_65d022e_1749466243614_776233_8938" humanType="Dependency" classType="Dependency" owner="_2024x_2_65d022e_1742058423552_733607_3297" ownerRefId="_2024x_2_65d022e_1742058423552_733607_3297" name="Dependency[ -> ]" isRelationship="true" icon="index_files/icon_dependency_1470843699.jpg" hasLink="false" hasActiveHyperLink="false"/><dependency refid="_2024x_2_65d022e_1749466246896_137685_8950" refElementId="_2024x_2_65d022e_1749466246896_137685_8950" humanType="Dependency" classType="Dependency" owner="_2024x_2_65d022e_1742058423552_733607_3297" ownerRefId="_2024x_2_65d022e_1742058423552_733607_3297" name="Dependency[ -> ]" isRelationship="true" icon="index_files/icon_dependency_1470843699.jpg" hasLink="false" hasActiveHyperLink="false"/><dependency refid="_2024x_2_65d022e_1749466249176_236470_8962" refElementId="_2024x_2_65d022e_1749466249176_236470_8962" humanType="Dependency" classType="Dependency" owner="_2024x_2_65d022e_1742058423552_733607_3297" ownerRefId="_2024x_2_65d022e_1742058423552_733607_3297" name="Dependency[ -> ]" isRelationship="true" icon="index_files/icon_dependency_1470843699.jpg" hasLink="false" hasActiveHyperLink="false"/><dependency refid="_2024x_2_65d022e_1749466198977_823757_8830" refElementId="_2024x_2_65d022e_1749466198977_823757_8830" humanType="Dependency" classType="Dependency" owner="_2024x_2_65d022e_1742058423552_733607_3297" ownerRefId="_2024x_2_65d022e_1742058423552_733607_3297" name="Dependency[ -> F1PortF4]" isRelationship="true" icon="index_files/icon_dependency_1470843699.jpg" hasLink="false" hasActiveHyperLink="false"/><dependency refid="_2024x_2_65d022e_1749465438137_383317_8632" refElementId="_2024x_2_65d022e_1749465438137_383317_8632" humanType="Dependency" classType="Dependency" owner="_2024x_2_65d022e_1742058423552_733607_3297" ownerRefId="_2024x_2_65d022e_1742058423552_733607_3297" name="Dependency[ -> F1PortPassenger]" isRelationship="true" icon="index_files/icon_dependency_1470843699.jpg" hasLink="false" hasActiveHyperLink="false"/><dependency refid="_2024x_2_65d022e_1749466196867_352694_8818" refElementId="_2024x_2_65d022e_1749466196867_352694_8818" humanType="Dependency" classType="Dependency" owner="_2024x_2_65d022e_1742058423552_733607_3297" ownerRefId="_2024x_2_65d022e_1742058423552_733607_3297" name="Dependency[ -> F1PortPassenger]" isRelationship="true" icon="index_files/icon_dependency_1470843699.jpg" hasLink="false" hasActiveHyperLink="false"/><dependency refid="_2024x_2_65d022e_1749466223988_693821_8878" refElementId="_2024x_2_65d022e_1749466223988_693821_8878" humanType="Dependency" classType="Dependency" owner="_2024x_2_65d022e_1742058423552_733607_3297" ownerRefId="_2024x_2_65d022e_1742058423552_733607_3297" name="Dependency[ -> F2PortF4]" isRelationship="true" icon="index_files/icon_dependency_1470843699.jpg" hasLink="false" hasActiveHyperLink="false"/><dependency refid="_2024x_2_65d022e_1749466231459_544338_8890" refElementId="_2024x_2_65d022e_1749466231459_544338_8890" humanType="Dependency" classType="Dependency" owner="_2024x_2_65d022e_1742058423552_733607_3297" ownerRefId="_2024x_2_65d022e_1742058423552_733607_3297" name="Dependency[ -> F2PortF11]" isRelationship="true" icon="index_files/icon_dependency_1470843699.jpg" hasLink="false" hasActiveHyperLink="false"/><dependency refid="_2024x_2_65d022e_1749465973452_36630_8728" refElementId="_2024x_2_65d022e_1749465973452_36630_8728" humanType="Dependency" classType="Dependency" owner="_2024x_2_65d022e_1742058423552_733607_3297" ownerRefId="_2024x_2_65d022e_1742058423552_733607_3297" name="Dependency[ -> F3PortF12]" isRelationship="true" icon="index_files/icon_dependency_1470843699.jpg" hasLink="false" hasActiveHyperLink="false"/><dependency refid="_2024x_2_65d022e_1749466201456_584983_8842" refElementId="_2024x_2_65d022e_1749466201456_584983_8842" humanType="Dependency" classType="Dependency" owner="_2024x_2_65d022e_1742058423552_733607_3297" ownerRefId="_2024x_2_65d022e_1742058423552_733607_3297" name="Dependency[ -> F4PortF1]" isRelationship="true" icon="index_files/icon_dependency_1470843699.jpg" hasLink="false" hasActiveHyperLink="false"/><dependency refid="_2024x_2_65d022e_1749466204353_495001_8854" refElementId="_2024x_2_65d022e_1749466204353_495001_8854" humanType="Dependency" classType="Dependency" owner="_2024x_2_65d022e_1742058423552_733607_3297" ownerRefId="_2024x_2_65d022e_1742058423552_733607_3297" name="Dependency[ -> F4PortF2]" isRelationship="true" icon="index_files/icon_dependency_1470843699.jpg" hasLink="false" hasActiveHyperLink="false"/><dependency refid="_2024x_2_65d022e_1749466250756_439001_8968" refElementId="_2024x_2_65d022e_1749466250756_439001_8968" humanType="Dependency" classType="Dependency" owner="_2024x_2_65d022e_1742058423552_733607_3297" ownerRefId="_2024x_2_65d022e_1742058423552_733607_3297" name="Dependency[ -> F9PortF11]" isRelationship="true" icon="index_files/icon_dependency_1470843699.jpg" hasLink="false" hasActiveHyperLink="false"/><dependency refid="_2024x_2_65d022e_1749466239322_857807_8920" refElementId="_2024x_2_65d022e_1749466239322_857807_8920" humanType="Dependency" classType="Dependency" owner="_2024x_2_65d022e_1742058423552_733607_3297" ownerRefId="_2024x_2_65d022e_1742058423552_733607_3297" name="Dependency[ -> F11PortF2]" isRelationship="true" icon="index_files/icon_dependency_1470843699.jpg" hasLink="false" hasActiveHyperLink="false"/><dependency refid="_2024x_2_65d022e_1749466242448_431629_8932" refElementId="_2024x_2_65d022e_1749466242448_431629_8932" humanType="Dependency" classType="Dependency" owner="_2024x_2_65d022e_1742058423552_733607_3297" ownerRefId="_2024x_2_65d022e_1742058423552_733607_3297" name="Dependency[ -> F11PortF9]" isRelationship="true" icon="index_files/icon_dependency_1470843699.jpg" hasLink="false" hasActiveHyperLink="false"/><dependency refid="_2024x_2_65d022e_1749465960522_496472_8680" refElementId="_2024x_2_65d022e_1749465960522_496472_8680" humanType="Dependency" classType="Dependency" owner="_2024x_2_65d022e_1742058423552_733607_3297" ownerRefId="_2024x_2_65d022e_1742058423552_733607_3297" name="Dependency[ -> F12PortBodenstation]" isRelationship="true" icon="index_files/icon_dependency_1470843699.jpg" hasLink="false" hasActiveHyperLink="false"/><dependency refid="_2024x_2_65d022e_1749465962805_883288_8692" refElementId="_2024x_2_65d022e_1749465962805_883288_8692" humanType="Dependency" classType="Dependency" owner="_2024x_2_65d022e_1742058423552_733607_3297" ownerRefId="_2024x_2_65d022e_1742058423552_733607_3297" name="Dependency[ -> F12PortF3]" isRelationship="true" icon="index_files/icon_dependency_1470843699.jpg" hasLink="false" hasActiveHyperLink="false"/><dependency refid="_2024x_2_65d022e_1749465965446_999951_8704" refElementId="_2024x_2_65d022e_1749465965446_999951_8704" humanType="Dependency" classType="Dependency" owner="_2024x_2_65d022e_1742058423552_733607_3297" ownerRefId="_2024x_2_65d022e_1742058423552_733607_3297" name="Dependency[ -> LB-ATA23forF3F12]" isRelationship="true" icon="index_files/icon_dependency_1470843699.jpg" hasLink="false" hasActiveHyperLink="false"/><dependency refid="_2024x_2_65d022e_1749466247880_499486_8956" refElementId="_2024x_2_65d022e_1749466247880_499486_8956" humanType="Dependency" classType="Dependency" owner="_2024x_2_65d022e_1742058423552_733607_3297" ownerRefId="_2024x_2_65d022e_1742058423552_733607_3297" name="Dependency[ -> LB-ATA31forF9F11]" isRelationship="true" icon="index_files/icon_dependency_1470843699.jpg" hasLink="false" hasActiveHyperLink="false"/><dependency refid="_2024x_2_65d022e_1749465434779_957156_8620" refElementId="_2024x_2_65d022e_1749465434779_957156_8620" humanType="Dependency" classType="Dependency" owner="_2024x_2_65d022e_1742058423552_733607_3297" ownerRefId="_2024x_2_65d022e_1742058423552_733607_3297" name="Dependency[ -> LB-ATA44forF1Passagier]" isRelationship="true" icon="index_files/icon_dependency_1470843699.jpg" hasLink="false" hasActiveHyperLink="false"/><dependency refid="_2024x_2_65d022e_1749466194275_470106_8806" refElementId="_2024x_2_65d022e_1749466194275_470106_8806" humanType="Dependency" classType="Dependency" owner="_2024x_2_65d022e_1742058423552_733607_3297" ownerRefId="_2024x_2_65d022e_1742058423552_733607_3297" name="Dependency[ -> LB-ATA44forF1Passagier]" isRelationship="true" icon="index_files/icon_dependency_1470843699.jpg" hasLink="false" hasActiveHyperLink="false"/><dependency refid="_2024x_2_65d022e_1749466234260_426528_8902" refElementId="_2024x_2_65d022e_1749466234260_426528_8902" humanType="Dependency" classType="Dependency" owner="_2024x_2_65d022e_1742058423552_733607_3297" ownerRefId="_2024x_2_65d022e_1742058423552_733607_3297" name="Dependency[ -> LB-ATA44forF2F11]" isRelationship="true" icon="index_files/icon_dependency_1470843699.jpg" hasLink="false" hasActiveHyperLink="false"/><dependency refid="_2024x_2_65d022e_1749466236729_615952_8914" refElementId="_2024x_2_65d022e_1749466236729_615952_8914" humanType="Dependency" classType="Dependency" owner="_2024x_2_65d022e_1742058423552_733607_3297" ownerRefId="_2024x_2_65d022e_1742058423552_733607_3297" name="Dependency[ -> LB-ATA45forF2F11]" isRelationship="true" icon="index_files/icon_dependency_1470843699.jpg" hasLink="false" hasActiveHyperLink="false"/><dependency refid="_2024x_2_65d022e_1749466244992_562129_8944" refElementId="_2024x_2_65d022e_1749466244992_562129_8944" humanType="Dependency" classType="Dependency" owner="_2024x_2_65d022e_1742058423552_733607_3297" ownerRefId="_2024x_2_65d022e_1742058423552_733607_3297" name="Dependency[ -> LB-ATA45forF9F11]" isRelationship="true" icon="index_files/icon_dependency_1470843699.jpg" hasLink="false" hasActiveHyperLink="false"/><dependency refid="_2024x_2_65d022e_1749465971015_956194_8716" refElementId="_2024x_2_65d022e_1749465971015_956194_8716" humanType="Dependency" classType="Dependency" owner="_2024x_2_65d022e_1742058423552_733607_3297" ownerRefId="_2024x_2_65d022e_1742058423552_733607_3297" name="Dependency[ -> LB-ATA244forF3F12]" isRelationship="true" icon="index_files/icon_dependency_1470843699.jpg" hasLink="false" hasActiveHyperLink="false"/><dependency refid="_2024x_2_65d022e_1749465957997_238730_8668" refElementId="_2024x_2_65d022e_1749465957997_238730_8668" humanType="Dependency" classType="Dependency" owner="_2024x_2_65d022e_1742058423552_733607_3297" ownerRefId="_2024x_2_65d022e_1742058423552_733607_3297" name="Dependency[ -> LB-ATA253orF12Bodenstation]" isRelationship="true" icon="index_files/icon_dependency_1470843699.jpg" hasLink="false" hasActiveHyperLink="false"/><dependency refid="_2024x_2_65d022e_1749465439456_362652_8638" refElementId="_2024x_2_65d022e_1749465439456_362652_8638" humanType="Dependency" classType="Dependency" owner="_2024x_2_65d022e_1742058423552_733607_3297" ownerRefId="_2024x_2_65d022e_1742058423552_733607_3297" name="Dependency[L2 MsFct 1: liefere ein human machine interface (HMI) für den Passanger ->  : L2 MsFct 1: liefere ein human machine interface (HMI) für den Passanger]" isRelationship="true" icon="index_files/icon_dependency_1470843699.jpg" hasLink="false" hasActiveHyperLink="false"/><dependency refid="_2024x_2_65d022e_1749465508262_658163_8644" refElementId="_2024x_2_65d022e_1749465508262_658163_8644" humanType="Dependency" classType="Dependency" owner="_2024x_2_65d022e_1742058423552_733607_3297" ownerRefId="_2024x_2_65d022e_1742058423552_733607_3297" name="Dependency[L2 MsFct 1: liefere ein human machine interface (HMI) für den Passanger ->  : L2 MsFct 1: liefere ein human machine interface (HMI) für den Passanger]" isRelationship="true" icon="index_files/icon_dependency_1470843699.jpg" hasLink="false" hasActiveHyperLink="false"/><dependency refid="_2024x_2_65d022e_1749466197808_480934_8824" refElementId="_2024x_2_65d022e_1749466197808_480934_8824" humanType="Dependency" classType="Dependency" owner="_2024x_2_65d022e_1742058423552_733607_3297" ownerRefId="_2024x_2_65d022e_1742058423552_733607_3297" name="Dependency[L2 MsFct 1: liefere ein human machine interface (HMI) für den Passanger ->  : L2 MsFct 1: liefere ein human machine interface (HMI) für den Passanger]" isRelationship="true" icon="index_files/icon_dependency_1470843699.jpg" hasLink="false" hasActiveHyperLink="false"/><dependency refid="_2024x_2_65d022e_1749466225848_664928_8884" refElementId="_2024x_2_65d022e_1749466225848_664928_8884" humanType="Dependency" classType="Dependency" owner="_2024x_2_65d022e_1742058423552_733607_3297" ownerRefId="_2024x_2_65d022e_1742058423552_733607_3297" name="Dependency[L2 MsFct 2: manage Bestellung von Speisen und Getränken ->  : L2 MsFct 2: manage Bestellung von Speisen und Getränken]" isRelationship="true" icon="index_files/icon_dependency_1470843699.jpg" hasLink="false" hasActiveHyperLink="false"/><dependency refid="_2024x_2_65d022e_1749465974351_682535_8734" refElementId="_2024x_2_65d022e_1749465974351_682535_8734" humanType="Dependency" classType="Dependency" owner="_2024x_2_65d022e_1742058423552_733607_3297" ownerRefId="_2024x_2_65d022e_1742058423552_733607_3297" name="Dependency[L2 MsFct 3:  manage passagierbezogene Informationen ->  : L2 MsFct 3:  manage passagierbezogene Informationen]" isRelationship="true" icon="index_files/icon_dependency_1470843699.jpg" hasLink="false" hasActiveHyperLink="false"/><dependency refid="_2024x_2_65d022e_1749465990555_52634_8740" refElementId="_2024x_2_65d022e_1749465990555_52634_8740" humanType="Dependency" classType="Dependency" owner="_2024x_2_65d022e_1742058423552_733607_3297" ownerRefId="_2024x_2_65d022e_1742058423552_733607_3297" name="Dependency[L2 MsFct 3:  manage passagierbezogene Informationen ->  : L2 MsFct 3:  manage passagierbezogene Informationen]" isRelationship="true" icon="index_files/icon_dependency_1470843699.jpg" hasLink="false" hasActiveHyperLink="false"/><dependency refid="_2024x_2_65d022e_1749466202119_70084_8848" refElementId="_2024x_2_65d022e_1749466202119_70084_8848" humanType="Dependency" classType="Dependency" owner="_2024x_2_65d022e_1742058423552_733607_3297" ownerRefId="_2024x_2_65d022e_1742058423552_733607_3297" name="Dependency[L2 MsFct 4: authentifiziere Bediener ->  : L2 MsFct 4: authentifiziere Bediener]" isRelationship="true" icon="index_files/icon_dependency_1470843699.jpg" hasLink="false" hasActiveHyperLink="false"/><dependency refid="_2024x_2_65d022e_1749466253977_344493_8974" refElementId="_2024x_2_65d022e_1749466253977_344493_8974" humanType="Dependency" classType="Dependency" owner="_2024x_2_65d022e_1742058423552_733607_3297" ownerRefId="_2024x_2_65d022e_1742058423552_733607_3297" name="Dependency[L2 MsFct 9: liefere Flugzeugdaten ->  : L2 MsFct 9: liefere Flugzeugdaten]" isRelationship="true" icon="index_files/icon_dependency_1470843699.jpg" hasLink="false" hasActiveHyperLink="false"/><dependency refid="_2024x_2_65d022e_1749466240213_687480_8926" refElementId="_2024x_2_65d022e_1749466240213_687480_8926" humanType="Dependency" classType="Dependency" owner="_2024x_2_65d022e_1742058423552_733607_3297" ownerRefId="_2024x_2_65d022e_1742058423552_733607_3297" name="Dependency[L2 MsFct 11: liefere Auswertung der flugbezogenen Verbrauchsdaten ->  : L2 MsFct 11: liefere Auswertung der flugbezogenen Verbrauchsdaten]" isRelationship="true" icon="index_files/icon_dependency_1470843699.jpg" hasLink="false" hasActiveHyperLink="false"/><dependency refid="_2024x_2_65d022e_1749465961531_553048_8686" refElementId="_2024x_2_65d022e_1749465961531_553048_8686" humanType="Dependency" classType="Dependency" owner="_2024x_2_65d022e_1742058423552_733607_3297" ownerRefId="_2024x_2_65d022e_1742058423552_733607_3297" name="Dependency[L2 MsFct 12: liefere Bodenkonnektivität ->  : L2 MsFct 12: liefere Bodenkonnektivität]" isRelationship="true" icon="index_files/icon_dependency_1470843699.jpg" hasLink="false" hasActiveHyperLink="false"/></ownedElement></package>