<?xml version='1.0' encoding='UTF-8'?><package refid="_2024x_2_65d022e_1742058423551_287190_3270" refElementId="_2024x_2_65d022e_1742058423551_287190_3270" humanType="Package" classType="Package" owner="_2024x_2_65d022e_1742058423556_374087_3340" ownerRefId="_2024x_2_65d022e_1742058423556_374087_3340" name="02 - Attack Paths" hasChild="true" hasLink="false" hasActiveHyperLink="false"><ownedElement><attackpath refid="_2024x_2_65d022e_1749478321773_354211_9026" refElementId="_2024x_2_65d022e_1749478321773_354211_9026" humanType="AttackPath" classType="Class" owner="_2024x_2_65d022e_1742058423551_287190_3270" ownerRefId="_2024x_2_65d022e_1742058423551_287190_3270" name="Post AP-2 Mitigated" icon="index_files/icon_attackpath_281848217.jpg" hasChild="true" hasLink="false" hasActiveHyperLink="false"/><association refid="_2024x_2_65d022e_1749478462509_883149_9032" refElementId="_2024x_2_65d022e_1749478462509_883149_9032" humanType="Association" classType="Association" owner="_2024x_2_65d022e_1742058423551_287190_3270" ownerRefId="_2024x_2_65d022e_1742058423551_287190_3270" name="Association[Post AP-2 Mitigated -> ]" isRelationship="true" icon="index_files/icon_association_1164290114.jpg" hasChild="true" hasLink="false" hasActiveHyperLink="false"/><association refid="_2024x_2_65d022e_1749478464917_645750_9038" refElementId="_2024x_2_65d022e_1749478464917_645750_9038" humanType="Association" classType="Association" owner="_2024x_2_65d022e_1742058423551_287190_3270" ownerRefId="_2024x_2_65d022e_1742058423551_287190_3270" name="Association[Post AP-2 Mitigated -> ]" isRelationship="true" icon="index_files/icon_association_1164290114.jpg" hasChild="true" hasLink="false" hasActiveHyperLink="false"/><association refid="_2024x_2_65d022e_1749478467249_277306_9044" refElementId="_2024x_2_65d022e_1749478467249_277306_9044" humanType="Association" classType="Association" owner="_2024x_2_65d022e_1742058423551_287190_3270" ownerRefId="_2024x_2_65d022e_1742058423551_287190_3270" name="Association[Post AP-2 Mitigated -> ]" isRelationship="true" icon="index_files/icon_association_1164290114.jpg" hasChild="true" hasLink="false" hasActiveHyperLink="false"/><association refid="_2024x_2_65d022e_1749478468508_737847_9050" refElementId="_2024x_2_65d022e_1749478468508_737847_9050" humanType="Association" classType="Association" owner="_2024x_2_65d022e_1742058423551_287190_3270" ownerRefId="_2024x_2_65d022e_1742058423551_287190_3270" name="Association[Post AP-2 Mitigated -> ]" isRelationship="true" icon="index_files/icon_association_1164290114.jpg" hasChild="true" hasLink="false" hasActiveHyperLink="false"/><association refid="_2024x_2_65d022e_1749478470205_802761_9056" refElementId="_2024x_2_65d022e_1749478470205_802761_9056" humanType="Association" classType="Association" owner="_2024x_2_65d022e_1742058423551_287190_3270" ownerRefId="_2024x_2_65d022e_1742058423551_287190_3270" name="Association[Post AP-2 Mitigated -> ]" isRelationship="true" icon="index_files/icon_association_1164290114.jpg" hasChild="true" hasLink="false" hasActiveHyperLink="false"/><association refid="_2024x_2_65d022e_1749478471489_65059_9062" refElementId="_2024x_2_65d022e_1749478471489_65059_9062" humanType="Association" classType="Association" owner="_2024x_2_65d022e_1742058423551_287190_3270" ownerRefId="_2024x_2_65d022e_1742058423551_287190_3270" name="Association[Post AP-2 Mitigated -> ]" isRelationship="true" icon="index_files/icon_association_1164290114.jpg" hasChild="true" hasLink="false" hasActiveHyperLink="false"/><association refid="_2024x_2_65d022e_1749478476115_599869_9068" refElementId="_2024x_2_65d022e_1749478476115_599869_9068" humanType="Association" classType="Association" owner="_2024x_2_65d022e_1742058423551_287190_3270" ownerRefId="_2024x_2_65d022e_1742058423551_287190_3270" name="Association[Post AP-2 Mitigated -> ]" isRelationship="true" icon="index_files/icon_association_1164290114.jpg" hasChild="true" hasLink="false" hasActiveHyperLink="false"/><association refid="_2024x_2_65d022e_1749478505168_917619_9080" refElementId="_2024x_2_65d022e_1749478505168_917619_9080" humanType="Association" classType="Association" owner="_2024x_2_65d022e_1742058423551_287190_3270" ownerRefId="_2024x_2_65d022e_1742058423551_287190_3270" name="Association[Post AP-2 Mitigated -> ]" isRelationship="true" icon="index_files/icon_association_1164290114.jpg" hasChild="true" hasLink="false" hasActiveHyperLink="false"/><association refid="_2024x_2_65d022e_1749478507189_510018_9086" refElementId="_2024x_2_65d022e_1749478507189_510018_9086" humanType="Association" classType="Association" owner="_2024x_2_65d022e_1742058423551_287190_3270" ownerRefId="_2024x_2_65d022e_1742058423551_287190_3270" name="Association[Post AP-2 Mitigated -> ]" isRelationship="true" icon="index_files/icon_association_1164290114.jpg" hasChild="true" hasLink="false" hasActiveHyperLink="false"/><association refid="_2024x_2_65d022e_1749478540444_707901_9098" refElementId="_2024x_2_65d022e_1749478540444_707901_9098" humanType="Association" classType="Association" owner="_2024x_2_65d022e_1742058423551_287190_3270" ownerRefId="_2024x_2_65d022e_1742058423551_287190_3270" name="Association[Post AP-2 Mitigated -> ]" isRelationship="true" icon="index_files/icon_association_1164290114.jpg" hasChild="true" hasLink="false" hasActiveHyperLink="false"/><association refid="_2024x_2_65d022e_1749478544846_536524_9110" refElementId="_2024x_2_65d022e_1749478544846_536524_9110" humanType="Association" classType="Association" owner="_2024x_2_65d022e_1742058423551_287190_3270" ownerRefId="_2024x_2_65d022e_1742058423551_287190_3270" name="Association[Post AP-2 Mitigated -> ]" isRelationship="true" icon="index_files/icon_association_1164290114.jpg" hasChild="true" hasLink="false" hasActiveHyperLink="false"/><association refid="_2024x_2_65d022e_1749478546190_615637_9116" refElementId="_2024x_2_65d022e_1749478546190_615637_9116" humanType="Association" classType="Association" owner="_2024x_2_65d022e_1742058423551_287190_3270" ownerRefId="_2024x_2_65d022e_1742058423551_287190_3270" name="Association[Post AP-2 Mitigated -> ]" isRelationship="true" icon="index_files/icon_association_1164290114.jpg" hasChild="true" hasLink="false" hasActiveHyperLink="false"/><association refid="_2024x_2_65d022e_1749478547545_328239_9122" refElementId="_2024x_2_65d022e_1749478547545_328239_9122" humanType="Association" classType="Association" owner="_2024x_2_65d022e_1742058423551_287190_3270" ownerRefId="_2024x_2_65d022e_1742058423551_287190_3270" name="Association[Post AP-2 Mitigated -> ]" isRelationship="true" icon="index_files/icon_association_1164290114.jpg" hasChild="true" hasLink="false" hasActiveHyperLink="false"/><association refid="_2024x_2_65d022e_1749478554988_728479_9134" refElementId="_2024x_2_65d022e_1749478554988_728479_9134" humanType="Association" classType="Association" owner="_2024x_2_65d022e_1742058423551_287190_3270" ownerRefId="_2024x_2_65d022e_1742058423551_287190_3270" name="Association[Post AP-2 Mitigated -> ]" isRelationship="true" icon="index_files/icon_association_1164290114.jpg" hasChild="true" hasLink="false" hasActiveHyperLink="false"/><association refid="_2024x_2_65d022e_1749478556343_3464_9140" refElementId="_2024x_2_65d022e_1749478556343_3464_9140" humanType="Association" classType="Association" owner="_2024x_2_65d022e_1742058423551_287190_3270" ownerRefId="_2024x_2_65d022e_1742058423551_287190_3270" name="Association[Post AP-2 Mitigated -> ]" isRelationship="true" icon="index_files/icon_association_1164290114.jpg" hasChild="true" hasLink="false" hasActiveHyperLink="false"/><association refid="_2024x_2_65d022e_1749478557829_350135_9146" refElementId="_2024x_2_65d022e_1749478557829_350135_9146" humanType="Association" classType="Association" owner="_2024x_2_65d022e_1742058423551_287190_3270" ownerRefId="_2024x_2_65d022e_1742058423551_287190_3270" name="Association[Post AP-2 Mitigated -> ]" isRelationship="true" icon="index_files/icon_association_1164290114.jpg" hasChild="true" hasLink="false" hasActiveHyperLink="false"/><association refid="_2024x_2_65d022e_1749478558040_138183_9152" refElementId="_2024x_2_65d022e_1749478558040_138183_9152" humanType="Association" classType="Association" owner="_2024x_2_65d022e_1742058423551_287190_3270" ownerRefId="_2024x_2_65d022e_1742058423551_287190_3270" name="Association[Post AP-2 Mitigated -> ]" isRelationship="true" icon="index_files/icon_association_1164290114.jpg" hasChild="true" hasLink="false" hasActiveHyperLink="false"/><association refid="_2024x_2_65d022e_1749478560324_655092_9164" refElementId="_2024x_2_65d022e_1749478560324_655092_9164" humanType="Association" classType="Association" owner="_2024x_2_65d022e_1742058423551_287190_3270" ownerRefId="_2024x_2_65d022e_1742058423551_287190_3270" name="Association[Post AP-2 Mitigated -> ]" isRelationship="true" icon="index_files/icon_association_1164290114.jpg" hasChild="true" hasLink="false" hasActiveHyperLink="false"/><association refid="_2024x_2_65d022e_1749478565320_410208_9170" refElementId="_2024x_2_65d022e_1749478565320_410208_9170" humanType="Association" classType="Association" owner="_2024x_2_65d022e_1742058423551_287190_3270" ownerRefId="_2024x_2_65d022e_1742058423551_287190_3270" name="Association[Post AP-2 Mitigated -> ]" isRelationship="true" icon="index_files/icon_association_1164290114.jpg" hasChild="true" hasLink="false" hasActiveHyperLink="false"/><association refid="_2024x_2_65d022e_1749478567116_34861_9176" refElementId="_2024x_2_65d022e_1749478567116_34861_9176" humanType="Association" classType="Association" owner="_2024x_2_65d022e_1742058423551_287190_3270" ownerRefId="_2024x_2_65d022e_1742058423551_287190_3270" name="Association[Post AP-2 Mitigated -> ]" isRelationship="true" icon="index_files/icon_association_1164290114.jpg" hasChild="true" hasLink="false" hasActiveHyperLink="false"/><association refid="_2024x_2_65d022e_1749478569910_228178_9188" refElementId="_2024x_2_65d022e_1749478569910_228178_9188" humanType="Association" classType="Association" owner="_2024x_2_65d022e_1742058423551_287190_3270" ownerRefId="_2024x_2_65d022e_1742058423551_287190_3270" name="Association[Post AP-2 Mitigated -> ]" isRelationship="true" icon="index_files/icon_association_1164290114.jpg" hasChild="true" hasLink="false" hasActiveHyperLink="false"/><association refid="_2024x_2_65d022e_1749478570903_753885_9194" refElementId="_2024x_2_65d022e_1749478570903_753885_9194" humanType="Association" classType="Association" owner="_2024x_2_65d022e_1742058423551_287190_3270" ownerRefId="_2024x_2_65d022e_1742058423551_287190_3270" name="Association[Post AP-2 Mitigated -> ]" isRelationship="true" icon="index_files/icon_association_1164290114.jpg" hasChild="true" hasLink="false" hasActiveHyperLink="false"/><association refid="_2024x_2_65d022e_1749478709859_789988_9206" refElementId="_2024x_2_65d022e_1749478709859_789988_9206" humanType="Association" classType="Association" owner="_2024x_2_65d022e_1742058423551_287190_3270" ownerRefId="_2024x_2_65d022e_1742058423551_287190_3270" name="Association[Post AP-2 Mitigated -> ]" isRelationship="true" icon="index_files/icon_association_1164290114.jpg" hasChild="true" hasLink="false" hasActiveHyperLink="false"/><association refid="_2024x_2_65d022e_1749478711213_687451_9212" refElementId="_2024x_2_65d022e_1749478711213_687451_9212" humanType="Association" classType="Association" owner="_2024x_2_65d022e_1742058423551_287190_3270" ownerRefId="_2024x_2_65d022e_1742058423551_287190_3270" name="Association[Post AP-2 Mitigated -> ]" isRelationship="true" icon="index_files/icon_association_1164290114.jpg" hasChild="true" hasLink="false" hasActiveHyperLink="false"/><association refid="_2024x_2_65d022e_1749478712864_130881_9218" refElementId="_2024x_2_65d022e_1749478712864_130881_9218" humanType="Association" classType="Association" owner="_2024x_2_65d022e_1742058423551_287190_3270" ownerRefId="_2024x_2_65d022e_1742058423551_287190_3270" name="Association[Post AP-2 Mitigated -> ]" isRelationship="true" icon="index_files/icon_association_1164290114.jpg" hasChild="true" hasLink="false" hasActiveHyperLink="false"/><association refid="_2024x_2_65d022e_1749478714994_351813_9230" refElementId="_2024x_2_65d022e_1749478714994_351813_9230" humanType="Association" classType="Association" owner="_2024x_2_65d022e_1742058423551_287190_3270" ownerRefId="_2024x_2_65d022e_1742058423551_287190_3270" name="Association[Post AP-2 Mitigated -> ]" isRelationship="true" icon="index_files/icon_association_1164290114.jpg" hasChild="true" hasLink="false" hasActiveHyperLink="false"/><association refid="_2024x_2_65d022e_1749478716158_722947_9236" refElementId="_2024x_2_65d022e_1749478716158_722947_9236" humanType="Association" classType="Association" owner="_2024x_2_65d022e_1742058423551_287190_3270" ownerRefId="_2024x_2_65d022e_1742058423551_287190_3270" name="Association[Post AP-2 Mitigated -> ]" isRelationship="true" icon="index_files/icon_association_1164290114.jpg" hasChild="true" hasLink="false" hasActiveHyperLink="false"/><association refid="_2024x_2_65d022e_1749478717103_159990_9242" refElementId="_2024x_2_65d022e_1749478717103_159990_9242" humanType="Association" classType="Association" owner="_2024x_2_65d022e_1742058423551_287190_3270" ownerRefId="_2024x_2_65d022e_1742058423551_287190_3270" name="Association[Post AP-2 Mitigated -> ]" isRelationship="true" icon="index_files/icon_association_1164290114.jpg" hasChild="true" hasLink="false" hasActiveHyperLink="false"/><association refid="_2024x_2_65d022e_1749478722050_676726_9254" refElementId="_2024x_2_65d022e_1749478722050_676726_9254" humanType="Association" classType="Association" owner="_2024x_2_65d022e_1742058423551_287190_3270" ownerRefId="_2024x_2_65d022e_1742058423551_287190_3270" name="Association[Post AP-2 Mitigated -> ]" isRelationship="true" icon="index_files/icon_association_1164290114.jpg" hasChild="true" hasLink="false" hasActiveHyperLink="false"/><association refid="_2024x_2_65d022e_1749478722924_513525_9260" refElementId="_2024x_2_65d022e_1749478722924_513525_9260" humanType="Association" classType="Association" owner="_2024x_2_65d022e_1742058423551_287190_3270" ownerRefId="_2024x_2_65d022e_1742058423551_287190_3270" name="Association[Post AP-2 Mitigated -> ]" isRelationship="true" icon="index_files/icon_association_1164290114.jpg" hasChild="true" hasLink="false" hasActiveHyperLink="false"/><association refid="_2024x_2_65d022e_1749478724135_862391_9266" refElementId="_2024x_2_65d022e_1749478724135_862391_9266" humanType="Association" classType="Association" owner="_2024x_2_65d022e_1742058423551_287190_3270" ownerRefId="_2024x_2_65d022e_1742058423551_287190_3270" name="Association[Post AP-2 Mitigated -> ]" isRelationship="true" icon="index_files/icon_association_1164290114.jpg" hasChild="true" hasLink="false" hasActiveHyperLink="false"/><association refid="_2024x_2_65d022e_1749478725729_344027_9278" refElementId="_2024x_2_65d022e_1749478725729_344027_9278" humanType="Association" classType="Association" owner="_2024x_2_65d022e_1742058423551_287190_3270" ownerRefId="_2024x_2_65d022e_1742058423551_287190_3270" name="Association[Post AP-2 Mitigated -> ]" isRelationship="true" icon="index_files/icon_association_1164290114.jpg" hasChild="true" hasLink="false" hasActiveHyperLink="false"/><association refid="_2024x_2_65d022e_1749478725951_222380_9284" refElementId="_2024x_2_65d022e_1749478725951_222380_9284" humanType="Association" classType="Association" owner="_2024x_2_65d022e_1742058423551_287190_3270" ownerRefId="_2024x_2_65d022e_1742058423551_287190_3270" name="Association[Post AP-2 Mitigated -> ]" isRelationship="true" icon="index_files/icon_association_1164290114.jpg" hasChild="true" hasLink="false" hasActiveHyperLink="false"/><association refid="_2024x_2_65d022e_1749478726529_312689_9290" refElementId="_2024x_2_65d022e_1749478726529_312689_9290" humanType="Association" classType="Association" owner="_2024x_2_65d022e_1742058423551_287190_3270" ownerRefId="_2024x_2_65d022e_1742058423551_287190_3270" name="Association[Post AP-2 Mitigated -> ]" isRelationship="true" icon="index_files/icon_association_1164290114.jpg" hasChild="true" hasLink="false" hasActiveHyperLink="false"/><association refid="_2024x_2_65d022e_1749478727527_694984_9296" refElementId="_2024x_2_65d022e_1749478727527_694984_9296" humanType="Association" classType="Association" owner="_2024x_2_65d022e_1742058423551_287190_3270" ownerRefId="_2024x_2_65d022e_1742058423551_287190_3270" name="Association[Post AP-2 Mitigated -> ]" isRelationship="true" icon="index_files/icon_association_1164290114.jpg" hasChild="true" hasLink="false" hasActiveHyperLink="false"/><association refid="_2024x_2_65d022e_1749478731977_861261_9308" refElementId="_2024x_2_65d022e_1749478731977_861261_9308" humanType="Association" classType="Association" owner="_2024x_2_65d022e_1742058423551_287190_3270" ownerRefId="_2024x_2_65d022e_1742058423551_287190_3270" name="Association[Post AP-2 Mitigated -> ]" isRelationship="true" icon="index_files/icon_association_1164290114.jpg" hasChild="true" hasLink="false" hasActiveHyperLink="false"/><association refid="_2024x_2_65d022e_1749478732817_606908_9314" refElementId="_2024x_2_65d022e_1749478732817_606908_9314" humanType="Association" classType="Association" owner="_2024x_2_65d022e_1742058423551_287190_3270" ownerRefId="_2024x_2_65d022e_1742058423551_287190_3270" name="Association[Post AP-2 Mitigated -> ]" isRelationship="true" icon="index_files/icon_association_1164290114.jpg" hasChild="true" hasLink="false" hasActiveHyperLink="false"/><association refid="_2024x_2_65d022e_1749478736052_67584_9320" refElementId="_2024x_2_65d022e_1749478736052_67584_9320" humanType="Association" classType="Association" owner="_2024x_2_65d022e_1742058423551_287190_3270" ownerRefId="_2024x_2_65d022e_1742058423551_287190_3270" name="Association[Post AP-2 Mitigated -> ]" isRelationship="true" icon="index_files/icon_association_1164290114.jpg" hasChild="true" hasLink="false" hasActiveHyperLink="false"/><association refid="_2024x_2_65d022e_1749478742301_410128_9332" refElementId="_2024x_2_65d022e_1749478742301_410128_9332" humanType="Association" classType="Association" owner="_2024x_2_65d022e_1742058423551_287190_3270" ownerRefId="_2024x_2_65d022e_1742058423551_287190_3270" name="Association[Post AP-2 Mitigated -> ]" isRelationship="true" icon="index_files/icon_association_1164290114.jpg" hasChild="true" hasLink="false" hasActiveHyperLink="false"/><association refid="_2024x_2_65d022e_1749478743213_596671_9338" refElementId="_2024x_2_65d022e_1749478743213_596671_9338" humanType="Association" classType="Association" owner="_2024x_2_65d022e_1742058423551_287190_3270" ownerRefId="_2024x_2_65d022e_1742058423551_287190_3270" name="Association[Post AP-2 Mitigated -> ]" isRelationship="true" icon="index_files/icon_association_1164290114.jpg" hasChild="true" hasLink="false" hasActiveHyperLink="false"/><association refid="_2024x_2_65d022e_1749478744410_491327_9344" refElementId="_2024x_2_65d022e_1749478744410_491327_9344" humanType="Association" classType="Association" owner="_2024x_2_65d022e_1742058423551_287190_3270" ownerRefId="_2024x_2_65d022e_1742058423551_287190_3270" name="Association[Post AP-2 Mitigated -> ]" isRelationship="true" icon="index_files/icon_association_1164290114.jpg" hasChild="true" hasLink="false" hasActiveHyperLink="false"/><association refid="_2024x_2_65d022e_1749478747529_328955_9356" refElementId="_2024x_2_65d022e_1749478747529_328955_9356" humanType="Association" classType="Association" owner="_2024x_2_65d022e_1742058423551_287190_3270" ownerRefId="_2024x_2_65d022e_1742058423551_287190_3270" name="Association[Post AP-2 Mitigated -> ]" isRelationship="true" icon="index_files/icon_association_1164290114.jpg" hasChild="true" hasLink="false" hasActiveHyperLink="false"/><association refid="_2024x_2_65d022e_1749478748402_88761_9362" refElementId="_2024x_2_65d022e_1749478748402_88761_9362" humanType="Association" classType="Association" owner="_2024x_2_65d022e_1742058423551_287190_3270" ownerRefId="_2024x_2_65d022e_1742058423551_287190_3270" name="Association[Post AP-2 Mitigated -> ]" isRelationship="true" icon="index_files/icon_association_1164290114.jpg" hasChild="true" hasLink="false" hasActiveHyperLink="false"/><association refid="_2024x_2_65d022e_1749478750897_423328_9368" refElementId="_2024x_2_65d022e_1749478750897_423328_9368" humanType="Association" classType="Association" owner="_2024x_2_65d022e_1742058423551_287190_3270" ownerRefId="_2024x_2_65d022e_1742058423551_287190_3270" name="Association[Post AP-2 Mitigated -> ]" isRelationship="true" icon="index_files/icon_association_1164290114.jpg" hasChild="true" hasLink="false" hasActiveHyperLink="false"/><association refid="_2024x_2_65d022e_1749478752915_325099_9374" refElementId="_2024x_2_65d022e_1749478752915_325099_9374" humanType="Association" classType="Association" owner="_2024x_2_65d022e_1742058423551_287190_3270" ownerRefId="_2024x_2_65d022e_1742058423551_287190_3270" name="Association[Post AP-2 Mitigated -> ]" isRelationship="true" icon="index_files/icon_association_1164290114.jpg" hasChild="true" hasLink="false" hasActiveHyperLink="false"/><association refid="_2024x_2_65d022e_1749478753644_848409_9380" refElementId="_2024x_2_65d022e_1749478753644_848409_9380" humanType="Association" classType="Association" owner="_2024x_2_65d022e_1742058423551_287190_3270" ownerRefId="_2024x_2_65d022e_1742058423551_287190_3270" name="Association[Post AP-2 Mitigated -> ]" isRelationship="true" icon="index_files/icon_association_1164290114.jpg" hasChild="true" hasLink="false" hasActiveHyperLink="false"/><association refid="_2024x_2_65d022e_1749478757395_459294_9386" refElementId="_2024x_2_65d022e_1749478757395_459294_9386" humanType="Association" classType="Association" owner="_2024x_2_65d022e_1742058423551_287190_3270" ownerRefId="_2024x_2_65d022e_1742058423551_287190_3270" name="Association[Post AP-2 Mitigated -> ]" isRelationship="true" icon="index_files/icon_association_1164290114.jpg" hasChild="true" hasLink="false" hasActiveHyperLink="false"/><association refid="_2024x_2_65d022e_1749478760255_234916_9398" refElementId="_2024x_2_65d022e_1749478760255_234916_9398" humanType="Association" classType="Association" owner="_2024x_2_65d022e_1742058423551_287190_3270" ownerRefId="_2024x_2_65d022e_1742058423551_287190_3270" name="Association[Post AP-2 Mitigated -> ]" isRelationship="true" icon="index_files/icon_association_1164290114.jpg" hasChild="true" hasLink="false" hasActiveHyperLink="false"/><association refid="_2024x_2_65d022e_1749478761203_676110_9404" refElementId="_2024x_2_65d022e_1749478761203_676110_9404" humanType="Association" classType="Association" owner="_2024x_2_65d022e_1742058423551_287190_3270" ownerRefId="_2024x_2_65d022e_1742058423551_287190_3270" name="Association[Post AP-2 Mitigated -> ]" isRelationship="true" icon="index_files/icon_association_1164290114.jpg" hasChild="true" hasLink="false" hasActiveHyperLink="false"/><association refid="_2024x_2_65d022e_1749478762819_881735_9410" refElementId="_2024x_2_65d022e_1749478762819_881735_9410" humanType="Association" classType="Association" owner="_2024x_2_65d022e_1742058423551_287190_3270" ownerRefId="_2024x_2_65d022e_1742058423551_287190_3270" name="Association[Post AP-2 Mitigated -> ]" isRelationship="true" icon="index_files/icon_association_1164290114.jpg" hasChild="true" hasLink="false" hasActiveHyperLink="false"/><association refid="_2024x_2_65d022e_1749478767051_368301_9422" refElementId="_2024x_2_65d022e_1749478767051_368301_9422" humanType="Association" classType="Association" owner="_2024x_2_65d022e_1742058423551_287190_3270" ownerRefId="_2024x_2_65d022e_1742058423551_287190_3270" name="Association[Post AP-2 Mitigated -> ]" isRelationship="true" icon="index_files/icon_association_1164290114.jpg" hasChild="true" hasLink="false" hasActiveHyperLink="false"/><association refid="_2024x_2_65d022e_1749478768608_5205_9428" refElementId="_2024x_2_65d022e_1749478768608_5205_9428" humanType="Association" classType="Association" owner="_2024x_2_65d022e_1742058423551_287190_3270" ownerRefId="_2024x_2_65d022e_1742058423551_287190_3270" name="Association[Post AP-2 Mitigated -> ]" isRelationship="true" icon="index_files/icon_association_1164290114.jpg" hasChild="true" hasLink="false" hasActiveHyperLink="false"/><association refid="_2024x_2_65d022e_1749478770469_617944_9434" refElementId="_2024x_2_65d022e_1749478770469_617944_9434" humanType="Association" classType="Association" owner="_2024x_2_65d022e_1742058423551_287190_3270" ownerRefId="_2024x_2_65d022e_1742058423551_287190_3270" name="Association[Post AP-2 Mitigated -> ]" isRelationship="true" icon="index_files/icon_association_1164290114.jpg" hasChild="true" hasLink="false" hasActiveHyperLink="false"/><association refid="_2024x_2_65d022e_1749478777129_930461_9446" refElementId="_2024x_2_65d022e_1749478777129_930461_9446" humanType="Association" classType="Association" owner="_2024x_2_65d022e_1742058423551_287190_3270" ownerRefId="_2024x_2_65d022e_1742058423551_287190_3270" name="Association[Post AP-2 Mitigated -> ]" isRelationship="true" icon="index_files/icon_association_1164290114.jpg" hasChild="true" hasLink="false" hasActiveHyperLink="false"/><association refid="_2024x_2_65d022e_1749478777988_961960_9452" refElementId="_2024x_2_65d022e_1749478777988_961960_9452" humanType="Association" classType="Association" owner="_2024x_2_65d022e_1742058423551_287190_3270" ownerRefId="_2024x_2_65d022e_1742058423551_287190_3270" name="Association[Post AP-2 Mitigated -> ]" isRelationship="true" icon="index_files/icon_association_1164290114.jpg" hasChild="true" hasLink="false" hasActiveHyperLink="false"/><association refid="_2024x_2_65d022e_1749478780911_71512_9458" refElementId="_2024x_2_65d022e_1749478780911_71512_9458" humanType="Association" classType="Association" owner="_2024x_2_65d022e_1742058423551_287190_3270" ownerRefId="_2024x_2_65d022e_1742058423551_287190_3270" name="Association[Post AP-2 Mitigated -> ]" isRelationship="true" icon="index_files/icon_association_1164290114.jpg" hasChild="true" hasLink="false" hasActiveHyperLink="false"/><association refid="_2024x_2_65d022e_1749478781096_301065_9464" refElementId="_2024x_2_65d022e_1749478781096_301065_9464" humanType="Association" classType="Association" owner="_2024x_2_65d022e_1742058423551_287190_3270" ownerRefId="_2024x_2_65d022e_1742058423551_287190_3270" name="Association[Post AP-2 Mitigated -> ]" isRelationship="true" icon="index_files/icon_association_1164290114.jpg" hasChild="true" hasLink="false" hasActiveHyperLink="false"/><association refid="_2024x_2_65d022e_1749478783469_879106_9476" refElementId="_2024x_2_65d022e_1749478783469_879106_9476" humanType="Association" classType="Association" owner="_2024x_2_65d022e_1742058423551_287190_3270" ownerRefId="_2024x_2_65d022e_1742058423551_287190_3270" name="Association[Post AP-2 Mitigated -> ]" isRelationship="true" icon="index_files/icon_association_1164290114.jpg" hasChild="true" hasLink="false" hasActiveHyperLink="false"/><association refid="_2024x_2_65d022e_1749478784329_552562_9482" refElementId="_2024x_2_65d022e_1749478784329_552562_9482" humanType="Association" classType="Association" owner="_2024x_2_65d022e_1742058423551_287190_3270" ownerRefId="_2024x_2_65d022e_1742058423551_287190_3270" name="Association[Post AP-2 Mitigated -> ]" isRelationship="true" icon="index_files/icon_association_1164290114.jpg" hasChild="true" hasLink="false" hasActiveHyperLink="false"/><association refid="_2024x_2_65d022e_1749478786567_611411_9488" refElementId="_2024x_2_65d022e_1749478786567_611411_9488" humanType="Association" classType="Association" owner="_2024x_2_65d022e_1742058423551_287190_3270" ownerRefId="_2024x_2_65d022e_1742058423551_287190_3270" name="Association[Post AP-2 Mitigated -> ]" isRelationship="true" icon="index_files/icon_association_1164290114.jpg" hasChild="true" hasLink="false" hasActiveHyperLink="false"/><association refid="_2024x_2_65d022e_1749478791180_31640_9500" refElementId="_2024x_2_65d022e_1749478791180_31640_9500" humanType="Association" classType="Association" owner="_2024x_2_65d022e_1742058423551_287190_3270" ownerRefId="_2024x_2_65d022e_1742058423551_287190_3270" name="Association[Post AP-2 Mitigated -> ]" isRelationship="true" icon="index_files/icon_association_1164290114.jpg" hasChild="true" hasLink="false" hasActiveHyperLink="false"/><association refid="_2024x_2_65d022e_1749478792316_953275_9506" refElementId="_2024x_2_65d022e_1749478792316_953275_9506" humanType="Association" classType="Association" owner="_2024x_2_65d022e_1742058423551_287190_3270" ownerRefId="_2024x_2_65d022e_1742058423551_287190_3270" name="Association[Post AP-2 Mitigated -> ]" isRelationship="true" icon="index_files/icon_association_1164290114.jpg" hasChild="true" hasLink="false" hasActiveHyperLink="false"/><association refid="_2024x_2_65d022e_1749478793392_444040_9512" refElementId="_2024x_2_65d022e_1749478793392_444040_9512" humanType="Association" classType="Association" owner="_2024x_2_65d022e_1742058423551_287190_3270" ownerRefId="_2024x_2_65d022e_1742058423551_287190_3270" name="Association[Post AP-2 Mitigated -> ]" isRelationship="true" icon="index_files/icon_association_1164290114.jpg" hasChild="true" hasLink="false" hasActiveHyperLink="false"/><association refid="_2024x_2_65d022e_1749478795359_721815_9524" refElementId="_2024x_2_65d022e_1749478795359_721815_9524" humanType="Association" classType="Association" owner="_2024x_2_65d022e_1742058423551_287190_3270" ownerRefId="_2024x_2_65d022e_1742058423551_287190_3270" name="Association[Post AP-2 Mitigated -> ]" isRelationship="true" icon="index_files/icon_association_1164290114.jpg" hasChild="true" hasLink="false" hasActiveHyperLink="false"/><association refid="_2024x_2_65d022e_1749478798597_783324_9530" refElementId="_2024x_2_65d022e_1749478798597_783324_9530" humanType="Association" classType="Association" owner="_2024x_2_65d022e_1742058423551_287190_3270" ownerRefId="_2024x_2_65d022e_1742058423551_287190_3270" name="Association[Post AP-2 Mitigated -> ]" isRelationship="true" icon="index_files/icon_association_1164290114.jpg" hasChild="true" hasLink="false" hasActiveHyperLink="false"/><association refid="_2024x_2_65d022e_1749478800754_583243_9536" refElementId="_2024x_2_65d022e_1749478800754_583243_9536" humanType="Association" classType="Association" owner="_2024x_2_65d022e_1742058423551_287190_3270" ownerRefId="_2024x_2_65d022e_1742058423551_287190_3270" name="Association[Post AP-2 Mitigated -> ]" isRelationship="true" icon="index_files/icon_association_1164290114.jpg" hasChild="true" hasLink="false" hasActiveHyperLink="false"/><association refid="_2024x_2_65d022e_1749478803172_850024_9548" refElementId="_2024x_2_65d022e_1749478803172_850024_9548" humanType="Association" classType="Association" owner="_2024x_2_65d022e_1742058423551_287190_3270" ownerRefId="_2024x_2_65d022e_1742058423551_287190_3270" name="Association[Post AP-2 Mitigated -> ]" isRelationship="true" icon="index_files/icon_association_1164290114.jpg" hasChild="true" hasLink="false" hasActiveHyperLink="false"/><association refid="_2024x_2_65d022e_1749478803390_264463_9554" refElementId="_2024x_2_65d022e_1749478803390_264463_9554" humanType="Association" classType="Association" owner="_2024x_2_65d022e_1742058423551_287190_3270" ownerRefId="_2024x_2_65d022e_1742058423551_287190_3270" name="Association[Post AP-2 Mitigated -> ]" isRelationship="true" icon="index_files/icon_association_1164290114.jpg" hasChild="true" hasLink="false" hasActiveHyperLink="false"/><association refid="_2024x_2_65d022e_1749478804457_708945_9560" refElementId="_2024x_2_65d022e_1749478804457_708945_9560" humanType="Association" classType="Association" owner="_2024x_2_65d022e_1742058423551_287190_3270" ownerRefId="_2024x_2_65d022e_1742058423551_287190_3270" name="Association[Post AP-2 Mitigated -> ]" isRelationship="true" icon="index_files/icon_association_1164290114.jpg" hasChild="true" hasLink="false" hasActiveHyperLink="false"/><association refid="_2024x_2_65d022e_1749478806272_174579_9566" refElementId="_2024x_2_65d022e_1749478806272_174579_9566" humanType="Association" classType="Association" owner="_2024x_2_65d022e_1742058423551_287190_3270" ownerRefId="_2024x_2_65d022e_1742058423551_287190_3270" name="Association[Post AP-2 Mitigated -> ]" isRelationship="true" icon="index_files/icon_association_1164290114.jpg" hasChild="true" hasLink="false" hasActiveHyperLink="false"/><association refid="_2024x_2_65d022e_1749478568148_243547_9182" refElementId="_2024x_2_65d022e_1749478568148_243547_9182" humanType="Association" classType="Association" owner="_2024x_2_65d022e_1742058423551_287190_3270" ownerRefId="_2024x_2_65d022e_1742058423551_287190_3270" name="Association[Post AP-2 Mitigated -> L3 SecFct 3.1: liefere Zugangskontrolle :L3 SecFct 3.1: liefere Zugangskontrolle ]" isRelationship="true" icon="index_files/icon_association_1164290114.jpg" hasChild="true" hasLink="false" hasActiveHyperLink="false"/><association refid="_2024x_2_65d022e_1749478728450_908603_9302" refElementId="_2024x_2_65d022e_1749478728450_908603_9302" humanType="Association" classType="Association" owner="_2024x_2_65d022e_1742058423551_287190_3270" ownerRefId="_2024x_2_65d022e_1742058423551_287190_3270" name="Association[Post AP-2 Mitigated -> L3 SecFct 3.1: liefere Zugangskontrolle :L3 SecFct 3.1: liefere Zugangskontrolle ]" isRelationship="true" icon="index_files/icon_association_1164290114.jpg" hasChild="true" hasLink="false" hasActiveHyperLink="false"/><association refid="_2024x_2_65d022e_1749478763485_326833_9416" refElementId="_2024x_2_65d022e_1749478763485_326833_9416" humanType="Association" classType="Association" owner="_2024x_2_65d022e_1742058423551_287190_3270" ownerRefId="_2024x_2_65d022e_1742058423551_287190_3270" name="Association[Post AP-2 Mitigated -> L3 SecFct 3.1: liefere Zugangskontrolle :L3 SecFct 3.1: liefere Zugangskontrolle ]" isRelationship="true" icon="index_files/icon_association_1164290114.jpg" hasChild="true" hasLink="false" hasActiveHyperLink="false"/><association refid="_2024x_2_65d022e_1749478801707_772142_9542" refElementId="_2024x_2_65d022e_1749478801707_772142_9542" humanType="Association" classType="Association" owner="_2024x_2_65d022e_1742058423551_287190_3270" ownerRefId="_2024x_2_65d022e_1742058423551_287190_3270" name="Association[Post AP-2 Mitigated -> L3 SecFct 3.1: liefere Zugangskontrolle :L3 SecFct 3.1: liefere Zugangskontrolle ]" isRelationship="true" icon="index_files/icon_association_1164290114.jpg" hasChild="true" hasLink="false" hasActiveHyperLink="false"/><association refid="_2024x_2_65d022e_1749478781846_55204_9470" refElementId="_2024x_2_65d022e_1749478781846_55204_9470" humanType="Association" classType="Association" owner="_2024x_2_65d022e_1742058423551_287190_3270" ownerRefId="_2024x_2_65d022e_1742058423551_287190_3270" name="Association[Post AP-2 Mitigated -> L3 SecFct 3.2: überprüfe Integrität:L3 SecFct 3.2: überprüfe Integrität]" isRelationship="true" icon="index_files/icon_association_1164290114.jpg" hasChild="true" hasLink="false" hasActiveHyperLink="false"/><association refid="_2024x_2_65d022e_1749478548894_806039_9128" refElementId="_2024x_2_65d022e_1749478548894_806039_9128" humanType="Association" classType="Association" owner="_2024x_2_65d022e_1742058423551_287190_3270" ownerRefId="_2024x_2_65d022e_1742058423551_287190_3270" name="Association[Post AP-2 Mitigated -> L3 SecFct 3.3: liefere Daten Ver- und Entschlüsselung:L3 SecFct 3.3: liefere Daten Ver- und Entschlüsselung]" isRelationship="true" icon="index_files/icon_association_1164290114.jpg" hasChild="true" hasLink="false" hasActiveHyperLink="false"/><association refid="_2024x_2_65d022e_1749478717669_251525_9248" refElementId="_2024x_2_65d022e_1749478717669_251525_9248" humanType="Association" classType="Association" owner="_2024x_2_65d022e_1742058423551_287190_3270" ownerRefId="_2024x_2_65d022e_1742058423551_287190_3270" name="Association[Post AP-2 Mitigated -> L3 SecFct 3.3: liefere Daten Ver- und Entschlüsselung:L3 SecFct 3.3: liefere Daten Ver- und Entschlüsselung]" isRelationship="true" icon="index_files/icon_association_1164290114.jpg" hasChild="true" hasLink="false" hasActiveHyperLink="false"/><association refid="_2024x_2_65d022e_1749478787272_109582_9494" refElementId="_2024x_2_65d022e_1749478787272_109582_9494" humanType="Association" classType="Association" owner="_2024x_2_65d022e_1742058423551_287190_3270" ownerRefId="_2024x_2_65d022e_1742058423551_287190_3270" name="Association[Post AP-2 Mitigated -> L3 SecFct 3.3: liefere Daten Ver- und Entschlüsselung:L3 SecFct 3.3: liefere Daten Ver- und Entschlüsselung]" isRelationship="true" icon="index_files/icon_association_1164290114.jpg" hasChild="true" hasLink="false" hasActiveHyperLink="false"/><association refid="_2024x_2_65d022e_1749478558924_838485_9158" refElementId="_2024x_2_65d022e_1749478558924_838485_9158" humanType="Association" classType="Association" owner="_2024x_2_65d022e_1742058423551_287190_3270" ownerRefId="_2024x_2_65d022e_1742058423551_287190_3270" name="Association[Post AP-2 Mitigated -> L3 SecFct 3.4: validiere Input:L3 SecFct 3.4: validiere Input]" isRelationship="true" icon="index_files/icon_association_1164290114.jpg" hasChild="true" hasLink="false" hasActiveHyperLink="false"/><association refid="_2024x_2_65d022e_1749478724852_254221_9272" refElementId="_2024x_2_65d022e_1749478724852_254221_9272" humanType="Association" classType="Association" owner="_2024x_2_65d022e_1742058423551_287190_3270" ownerRefId="_2024x_2_65d022e_1742058423551_287190_3270" name="Association[Post AP-2 Mitigated -> L3 SecFct 3.4: validiere Input:L3 SecFct 3.4: validiere Input]" isRelationship="true" icon="index_files/icon_association_1164290114.jpg" hasChild="true" hasLink="false" hasActiveHyperLink="false"/><association refid="_2024x_2_65d022e_1749478758586_936765_9392" refElementId="_2024x_2_65d022e_1749478758586_936765_9392" humanType="Association" classType="Association" owner="_2024x_2_65d022e_1742058423551_287190_3270" ownerRefId="_2024x_2_65d022e_1742058423551_287190_3270" name="Association[Post AP-2 Mitigated -> L3 SecFct 3.4: validiere Input:L3 SecFct 3.4: validiere Input]" isRelationship="true" icon="index_files/icon_association_1164290114.jpg" hasChild="true" hasLink="false" hasActiveHyperLink="false"/><association refid="_2024x_2_65d022e_1749478477131_585895_9074" refElementId="_2024x_2_65d022e_1749478477131_585895_9074" humanType="Association" classType="Association" owner="_2024x_2_65d022e_1742058423551_287190_3270" ownerRefId="_2024x_2_65d022e_1742058423551_287190_3270" name="Association[Post AP-2 Mitigated -> L3 SysFct 3.1: manage Kommunikation :L3 SysFct 3.1: manage Kommunikation ]" isRelationship="true" icon="index_files/icon_association_1164290114.jpg" hasChild="true" hasLink="false" hasActiveHyperLink="false"/><association refid="_2024x_2_65d022e_1749478574649_557357_9200" refElementId="_2024x_2_65d022e_1749478574649_557357_9200" humanType="Association" classType="Association" owner="_2024x_2_65d022e_1742058423551_287190_3270" ownerRefId="_2024x_2_65d022e_1742058423551_287190_3270" name="Association[Post AP-2 Mitigated -> L3 SysFct 3.2: frage Informationen bei der Bodenstation ab :L3 SysFct 3.2: frage Informationen bei der Bodenstation ab ]" isRelationship="true" icon="index_files/icon_association_1164290114.jpg" hasChild="true" hasLink="false" hasActiveHyperLink="false"/><association refid="_2024x_2_65d022e_1749478736565_555239_9326" refElementId="_2024x_2_65d022e_1749478736565_555239_9326" humanType="Association" classType="Association" owner="_2024x_2_65d022e_1742058423551_287190_3270" ownerRefId="_2024x_2_65d022e_1742058423551_287190_3270" name="Association[Post AP-2 Mitigated -> L3 SysFct 3.3: speichere passagierbezogene Informationen :L3 SysFct 3.3: speichere passagierbezogene Informationen ]" isRelationship="true" icon="index_files/icon_association_1164290114.jpg" hasChild="true" hasLink="false" hasActiveHyperLink="false"/><association refid="_2024x_2_65d022e_1749478771690_56110_9440" refElementId="_2024x_2_65d022e_1749478771690_56110_9440" humanType="Association" classType="Association" owner="_2024x_2_65d022e_1742058423551_287190_3270" ownerRefId="_2024x_2_65d022e_1742058423551_287190_3270" name="Association[Post AP-2 Mitigated -> L3 SysFct 3.3: speichere passagierbezogene Informationen :L3 SysFct 3.3: speichere passagierbezogene Informationen ]" isRelationship="true" icon="index_files/icon_association_1164290114.jpg" hasChild="true" hasLink="false" hasActiveHyperLink="false"/><association refid="_2024x_2_65d022e_1749478808915_358310_9572" refElementId="_2024x_2_65d022e_1749478808915_358310_9572" humanType="Association" classType="Association" owner="_2024x_2_65d022e_1742058423551_287190_3270" ownerRefId="_2024x_2_65d022e_1742058423551_287190_3270" name="Association[Post AP-2 Mitigated -> L3 SysFct 3.3: speichere passagierbezogene Informationen :L3 SysFct 3.3: speichere passagierbezogene Informationen ]" isRelationship="true" icon="index_files/icon_association_1164290114.jpg" hasChild="true" hasLink="false" hasActiveHyperLink="false"/><association refid="_2024x_2_65d022e_1749478872861_433473_9578" refElementId="_2024x_2_65d022e_1749478872861_433473_9578" humanType="Association" classType="Association" owner="_2024x_2_65d022e_1742058423551_287190_3270" ownerRefId="_2024x_2_65d022e_1742058423551_287190_3270" name="Association[Post AP-2 Mitigated -> L3 SysFct 3.3: speichere passagierbezogene Informationen :L3 SysFct 3.3: speichere passagierbezogene Informationen ]" isRelationship="true" icon="index_files/icon_association_1164290114.jpg" hasChild="true" hasLink="false" hasActiveHyperLink="false"/><association refid="_2024x_2_65d022e_1749478542108_58335_9104" refElementId="_2024x_2_65d022e_1749478542108_58335_9104" humanType="Association" classType="Association" owner="_2024x_2_65d022e_1742058423551_287190_3270" ownerRefId="_2024x_2_65d022e_1742058423551_287190_3270" name="Association[Post AP-2 Mitigated -> L3 SysFct 3.4: erhalte Konnektivitätsinformationen :L3 SysFct 3.4: erhalte Konnektivitätsinformationen ]" isRelationship="true" icon="index_files/icon_association_1164290114.jpg" hasChild="true" hasLink="false" hasActiveHyperLink="false"/><association refid="_2024x_2_65d022e_1749478713928_160639_9224" refElementId="_2024x_2_65d022e_1749478713928_160639_9224" humanType="Association" classType="Association" owner="_2024x_2_65d022e_1742058423551_287190_3270" ownerRefId="_2024x_2_65d022e_1742058423551_287190_3270" name="Association[Post AP-2 Mitigated -> L3 SysFct 3.5: erhalte Informationen von der Bodenstation:L3 SysFct 3.5: erhalte Informationen von der Bodenstation]" isRelationship="true" icon="index_files/icon_association_1164290114.jpg" hasChild="true" hasLink="false" hasActiveHyperLink="false"/><association refid="_2024x_2_65d022e_1749478745526_837455_9350" refElementId="_2024x_2_65d022e_1749478745526_837455_9350" humanType="Association" classType="Association" owner="_2024x_2_65d022e_1742058423551_287190_3270" ownerRefId="_2024x_2_65d022e_1742058423551_287190_3270" name="Association[Post AP-2 Mitigated -> L3 SysFct 3.6: erhalte Bezahlinformationen:L3 SysFct 3.6: erhalte Bezahlinformationen]" isRelationship="true" icon="index_files/icon_association_1164290114.jpg" hasChild="true" hasLink="false" hasActiveHyperLink="false"/><association refid="_2024x_2_65d022e_1749478794116_102588_9518" refElementId="_2024x_2_65d022e_1749478794116_102588_9518" humanType="Association" classType="Association" owner="_2024x_2_65d022e_1742058423551_287190_3270" ownerRefId="_2024x_2_65d022e_1742058423551_287190_3270" name="Association[Post AP-2 Mitigated -> L3 SysFct 3.7: verarbeite Anfragen :L3 SysFct 3.7: verarbeite Anfragen ]" isRelationship="true" icon="index_files/icon_association_1164290114.jpg" hasChild="true" hasLink="false" hasActiveHyperLink="false"/><dependency refid="_2024x_2_65d022e_1749478464891_940549_9036" refElementId="_2024x_2_65d022e_1749478464891_940549_9036" humanType="Dependency" classType="Dependency" owner="_2024x_2_65d022e_1742058423551_287190_3270" ownerRefId="_2024x_2_65d022e_1742058423551_287190_3270" name="Dependency[ -> ]" isRelationship="true" icon="index_files/icon_dependency_1470843699.jpg" hasLink="false" hasActiveHyperLink="false"/><dependency refid="_2024x_2_65d022e_1749478468479_952132_9048" refElementId="_2024x_2_65d022e_1749478468479_952132_9048" humanType="Dependency" classType="Dependency" owner="_2024x_2_65d022e_1742058423551_287190_3270" ownerRefId="_2024x_2_65d022e_1742058423551_287190_3270" name="Dependency[ -> ]" isRelationship="true" icon="index_files/icon_dependency_1470843699.jpg" hasLink="false" hasActiveHyperLink="false"/><dependency refid="_2024x_2_65d022e_1749478471461_51736_9060" refElementId="_2024x_2_65d022e_1749478471461_51736_9060" humanType="Dependency" classType="Dependency" owner="_2024x_2_65d022e_1742058423551_287190_3270" ownerRefId="_2024x_2_65d022e_1742058423551_287190_3270" name="Dependency[ -> ]" isRelationship="true" icon="index_files/icon_dependency_1470843699.jpg" hasLink="false" hasActiveHyperLink="false"/><dependency refid="_2024x_2_65d022e_1749478507162_73060_9084" refElementId="_2024x_2_65d022e_1749478507162_73060_9084" humanType="Dependency" classType="Dependency" owner="_2024x_2_65d022e_1742058423551_287190_3270" ownerRefId="_2024x_2_65d022e_1742058423551_287190_3270" name="Dependency[ -> ]" isRelationship="true" icon="index_files/icon_dependency_1470843699.jpg" hasLink="false" hasActiveHyperLink="false"/><dependency refid="_2024x_2_65d022e_1749478546161_159245_9114" refElementId="_2024x_2_65d022e_1749478546161_159245_9114" humanType="Dependency" classType="Dependency" owner="_2024x_2_65d022e_1742058423551_287190_3270" ownerRefId="_2024x_2_65d022e_1742058423551_287190_3270" name="Dependency[ -> ]" isRelationship="true" icon="index_files/icon_dependency_1470843699.jpg" hasLink="false" hasActiveHyperLink="false"/><dependency refid="_2024x_2_65d022e_1749478556314_763704_9138" refElementId="_2024x_2_65d022e_1749478556314_763704_9138" humanType="Dependency" classType="Dependency" owner="_2024x_2_65d022e_1742058423551_287190_3270" ownerRefId="_2024x_2_65d022e_1742058423551_287190_3270" name="Dependency[ -> ]" isRelationship="true" icon="index_files/icon_dependency_1470843699.jpg" hasLink="false" hasActiveHyperLink="false"/><dependency refid="_2024x_2_65d022e_1749478565291_12622_9168" refElementId="_2024x_2_65d022e_1749478565291_12622_9168" humanType="Dependency" classType="Dependency" owner="_2024x_2_65d022e_1742058423551_287190_3270" ownerRefId="_2024x_2_65d022e_1742058423551_287190_3270" name="Dependency[ -> ]" isRelationship="true" icon="index_files/icon_dependency_1470843699.jpg" hasLink="false" hasActiveHyperLink="false"/><dependency refid="_2024x_2_65d022e_1749478570873_779556_9192" refElementId="_2024x_2_65d022e_1749478570873_779556_9192" humanType="Dependency" classType="Dependency" owner="_2024x_2_65d022e_1742058423551_287190_3270" ownerRefId="_2024x_2_65d022e_1742058423551_287190_3270" name="Dependency[ -> ]" isRelationship="true" icon="index_files/icon_dependency_1470843699.jpg" hasLink="false" hasActiveHyperLink="false"/><dependency refid="_2024x_2_65d022e_1749478711183_293118_9210" refElementId="_2024x_2_65d022e_1749478711183_293118_9210" humanType="Dependency" classType="Dependency" owner="_2024x_2_65d022e_1742058423551_287190_3270" ownerRefId="_2024x_2_65d022e_1742058423551_287190_3270" name="Dependency[ -> ]" isRelationship="true" icon="index_files/icon_dependency_1470843699.jpg" hasLink="false" hasActiveHyperLink="false"/><dependency refid="_2024x_2_65d022e_1749478716128_513305_9234" refElementId="_2024x_2_65d022e_1749478716128_513305_9234" humanType="Dependency" classType="Dependency" owner="_2024x_2_65d022e_1742058423551_287190_3270" ownerRefId="_2024x_2_65d022e_1742058423551_287190_3270" name="Dependency[ -> ]" isRelationship="true" icon="index_files/icon_dependency_1470843699.jpg" hasLink="false" hasActiveHyperLink="false"/><dependency refid="_2024x_2_65d022e_1749478722891_278283_9258" refElementId="_2024x_2_65d022e_1749478722891_278283_9258" humanType="Dependency" classType="Dependency" owner="_2024x_2_65d022e_1742058423551_287190_3270" ownerRefId="_2024x_2_65d022e_1742058423551_287190_3270" name="Dependency[ -> ]" isRelationship="true" icon="index_files/icon_dependency_1470843699.jpg" hasLink="false" hasActiveHyperLink="false"/><dependency refid="_2024x_2_65d022e_1749478726500_574134_9288" refElementId="_2024x_2_65d022e_1749478726500_574134_9288" humanType="Dependency" classType="Dependency" owner="_2024x_2_65d022e_1742058423551_287190_3270" ownerRefId="_2024x_2_65d022e_1742058423551_287190_3270" name="Dependency[ -> ]" isRelationship="true" icon="index_files/icon_dependency_1470843699.jpg" hasLink="false" hasActiveHyperLink="false"/><dependency refid="_2024x_2_65d022e_1749478732785_67475_9312" refElementId="_2024x_2_65d022e_1749478732785_67475_9312" humanType="Dependency" classType="Dependency" owner="_2024x_2_65d022e_1742058423551_287190_3270" ownerRefId="_2024x_2_65d022e_1742058423551_287190_3270" name="Dependency[ -> ]" isRelationship="true" icon="index_files/icon_dependency_1470843699.jpg" hasLink="false" hasActiveHyperLink="false"/><dependency refid="_2024x_2_65d022e_1749478743180_171898_9336" refElementId="_2024x_2_65d022e_1749478743180_171898_9336" humanType="Dependency" classType="Dependency" owner="_2024x_2_65d022e_1742058423551_287190_3270" ownerRefId="_2024x_2_65d022e_1742058423551_287190_3270" name="Dependency[ -> ]" isRelationship="true" icon="index_files/icon_dependency_1470843699.jpg" hasLink="false" hasActiveHyperLink="false"/><dependency refid="_2024x_2_65d022e_1749478748370_37831_9360" refElementId="_2024x_2_65d022e_1749478748370_37831_9360" humanType="Dependency" classType="Dependency" owner="_2024x_2_65d022e_1742058423551_287190_3270" ownerRefId="_2024x_2_65d022e_1742058423551_287190_3270" name="Dependency[ -> ]" isRelationship="true" icon="index_files/icon_dependency_1470843699.jpg" hasLink="false" hasActiveHyperLink="false"/><dependency refid="_2024x_2_65d022e_1749478753612_290214_9378" refElementId="_2024x_2_65d022e_1749478753612_290214_9378" humanType="Dependency" classType="Dependency" owner="_2024x_2_65d022e_1742058423551_287190_3270" ownerRefId="_2024x_2_65d022e_1742058423551_287190_3270" name="Dependency[ -> ]" isRelationship="true" icon="index_files/icon_dependency_1470843699.jpg" hasLink="false" hasActiveHyperLink="false"/><dependency refid="_2024x_2_65d022e_1749478761171_92447_9402" refElementId="_2024x_2_65d022e_1749478761171_92447_9402" humanType="Dependency" classType="Dependency" owner="_2024x_2_65d022e_1742058423551_287190_3270" ownerRefId="_2024x_2_65d022e_1742058423551_287190_3270" name="Dependency[ -> ]" isRelationship="true" icon="index_files/icon_dependency_1470843699.jpg" hasLink="false" hasActiveHyperLink="false"/><dependency refid="_2024x_2_65d022e_1749478768575_109458_9426" refElementId="_2024x_2_65d022e_1749478768575_109458_9426" humanType="Dependency" classType="Dependency" owner="_2024x_2_65d022e_1742058423551_287190_3270" ownerRefId="_2024x_2_65d022e_1742058423551_287190_3270" name="Dependency[ -> ]" isRelationship="true" icon="index_files/icon_dependency_1470843699.jpg" hasLink="false" hasActiveHyperLink="false"/><dependency refid="_2024x_2_65d022e_1749478777953_531479_9450" refElementId="_2024x_2_65d022e_1749478777953_531479_9450" humanType="Dependency" classType="Dependency" owner="_2024x_2_65d022e_1742058423551_287190_3270" ownerRefId="_2024x_2_65d022e_1742058423551_287190_3270" name="Dependency[ -> ]" isRelationship="true" icon="index_files/icon_dependency_1470843699.jpg" hasLink="false" hasActiveHyperLink="false"/><dependency refid="_2024x_2_65d022e_1749478784295_123078_9480" refElementId="_2024x_2_65d022e_1749478784295_123078_9480" humanType="Dependency" classType="Dependency" owner="_2024x_2_65d022e_1742058423551_287190_3270" ownerRefId="_2024x_2_65d022e_1742058423551_287190_3270" name="Dependency[ -> ]" isRelationship="true" icon="index_files/icon_dependency_1470843699.jpg" hasLink="false" hasActiveHyperLink="false"/><dependency refid="_2024x_2_65d022e_1749478792282_182221_9504" refElementId="_2024x_2_65d022e_1749478792282_182221_9504" humanType="Dependency" classType="Dependency" owner="_2024x_2_65d022e_1742058423551_287190_3270" ownerRefId="_2024x_2_65d022e_1742058423551_287190_3270" name="Dependency[ -> ]" isRelationship="true" icon="index_files/icon_dependency_1470843699.jpg" hasLink="false" hasActiveHyperLink="false"/><dependency refid="_2024x_2_65d022e_1749478798553_275840_9528" refElementId="_2024x_2_65d022e_1749478798553_275840_9528" humanType="Dependency" classType="Dependency" owner="_2024x_2_65d022e_1742058423551_287190_3270" ownerRefId="_2024x_2_65d022e_1742058423551_287190_3270" name="Dependency[ -> ]" isRelationship="true" icon="index_files/icon_dependency_1470843699.jpg" hasLink="false" hasActiveHyperLink="false"/><dependency refid="_2024x_2_65d022e_1749478804423_935876_9558" refElementId="_2024x_2_65d022e_1749478804423_935876_9558" humanType="Dependency" classType="Dependency" owner="_2024x_2_65d022e_1742058423551_287190_3270" ownerRefId="_2024x_2_65d022e_1742058423551_287190_3270" name="Dependency[ -> ]" isRelationship="true" icon="index_files/icon_dependency_1470843699.jpg" hasLink="false" hasActiveHyperLink="false"/><dependency refid="_2024x_2_65d022e_1749478505131_225234_9078" refElementId="_2024x_2_65d022e_1749478505131_225234_9078" humanType="Dependency" classType="Dependency" owner="_2024x_2_65d022e_1742058423551_287190_3270" ownerRefId="_2024x_2_65d022e_1742058423551_287190_3270" name="Dependency[ -> F3.1PortF3.4]" isRelationship="true" icon="index_files/icon_dependency_1470843699.jpg" hasLink="false" hasActiveHyperLink="false"/><dependency refid="_2024x_2_65d022e_1749478709819_30139_9204" refElementId="_2024x_2_65d022e_1749478709819_30139_9204" humanType="Dependency" classType="Dependency" owner="_2024x_2_65d022e_1742058423551_287190_3270" ownerRefId="_2024x_2_65d022e_1742058423551_287190_3270" name="Dependency[ -> F3.1PortF3.5]" isRelationship="true" icon="index_files/icon_dependency_1470843699.jpg" hasLink="false" hasActiveHyperLink="false"/><dependency refid="_2024x_2_65d022e_1749478742268_528690_9330" refElementId="_2024x_2_65d022e_1749478742268_528690_9330" humanType="Dependency" classType="Dependency" owner="_2024x_2_65d022e_1742058423551_287190_3270" ownerRefId="_2024x_2_65d022e_1742058423551_287190_3270" name="Dependency[ -> F3.1PortF3.6]" isRelationship="true" icon="index_files/icon_dependency_1470843699.jpg" hasLink="false" hasActiveHyperLink="false"/><dependency refid="_2024x_2_65d022e_1749478777084_883654_9444" refElementId="_2024x_2_65d022e_1749478777084_883654_9444" humanType="Dependency" classType="Dependency" owner="_2024x_2_65d022e_1742058423551_287190_3270" ownerRefId="_2024x_2_65d022e_1742058423551_287190_3270" name="Dependency[ -> F3.1PortF3.7]" isRelationship="true" icon="index_files/icon_dependency_1470843699.jpg" hasLink="false" hasActiveHyperLink="false"/><dependency refid="_2024x_2_65d022e_1749478476088_178714_9066" refElementId="_2024x_2_65d022e_1749478476088_178714_9066" humanType="Dependency" classType="Dependency" owner="_2024x_2_65d022e_1742058423551_287190_3270" ownerRefId="_2024x_2_65d022e_1742058423551_287190_3270" name="Dependency[ -> F3.1PortF3F12]" isRelationship="true" icon="index_files/icon_dependency_1470843699.jpg" hasLink="false" hasActiveHyperLink="false"/><dependency refid="_2024x_2_65d022e_1749478736020_828536_9318" refElementId="_2024x_2_65d022e_1749478736020_828536_9318" humanType="Dependency" classType="Dependency" owner="_2024x_2_65d022e_1742058423551_287190_3270" ownerRefId="_2024x_2_65d022e_1742058423551_287190_3270" name="Dependency[ -> F3.3PortSF3.1F3.5]" isRelationship="true" icon="index_files/icon_dependency_1470843699.jpg" hasLink="false" hasActiveHyperLink="false"/><dependency refid="_2024x_2_65d022e_1749478770436_106954_9432" refElementId="_2024x_2_65d022e_1749478770436_106954_9432" humanType="Dependency" classType="Dependency" owner="_2024x_2_65d022e_1742058423551_287190_3270" ownerRefId="_2024x_2_65d022e_1742058423551_287190_3270" name="Dependency[ -> F3.3PortSF3.1F3.6]" isRelationship="true" icon="index_files/icon_dependency_1470843699.jpg" hasLink="false" hasActiveHyperLink="false"/><dependency refid="_2024x_2_65d022e_1749478806236_144984_9564" refElementId="_2024x_2_65d022e_1749478806236_144984_9564" humanType="Dependency" classType="Dependency" owner="_2024x_2_65d022e_1742058423551_287190_3270" ownerRefId="_2024x_2_65d022e_1742058423551_287190_3270" name="Dependency[ -> F3.3PortSF3.1F3.7]" isRelationship="true" icon="index_files/icon_dependency_1470843699.jpg" hasLink="false" hasActiveHyperLink="false"/><dependency refid="_2024x_2_65d022e_1749478540415_950711_9096" refElementId="_2024x_2_65d022e_1749478540415_950711_9096" humanType="Dependency" classType="Dependency" owner="_2024x_2_65d022e_1742058423551_287190_3270" ownerRefId="_2024x_2_65d022e_1742058423551_287190_3270" name="Dependency[ -> F3.4PortF3.1]" isRelationship="true" icon="index_files/icon_dependency_1470843699.jpg" hasLink="false" hasActiveHyperLink="false"/><dependency refid="_2024x_2_65d022e_1749478544818_988973_9108" refElementId="_2024x_2_65d022e_1749478544818_988973_9108" humanType="Dependency" classType="Dependency" owner="_2024x_2_65d022e_1742058423551_287190_3270" ownerRefId="_2024x_2_65d022e_1742058423551_287190_3270" name="Dependency[ -> F3.4PortSF3.2]" isRelationship="true" icon="index_files/icon_dependency_1470843699.jpg" hasLink="false" hasActiveHyperLink="false"/><dependency refid="_2024x_2_65d022e_1749478712834_414954_9216" refElementId="_2024x_2_65d022e_1749478712834_414954_9216" humanType="Dependency" classType="Dependency" owner="_2024x_2_65d022e_1742058423551_287190_3270" ownerRefId="_2024x_2_65d022e_1742058423551_287190_3270" name="Dependency[ -> F3.5PortF3.1]" isRelationship="true" icon="index_files/icon_dependency_1470843699.jpg" hasLink="false" hasActiveHyperLink="false"/><dependency refid="_2024x_2_65d022e_1749478714963_963019_9228" refElementId="_2024x_2_65d022e_1749478714963_963019_9228" humanType="Dependency" classType="Dependency" owner="_2024x_2_65d022e_1742058423551_287190_3270" ownerRefId="_2024x_2_65d022e_1742058423551_287190_3270" name="Dependency[ -> F3.5PortF3.3]" isRelationship="true" icon="index_files/icon_dependency_1470843699.jpg" hasLink="false" hasActiveHyperLink="false"/><dependency refid="_2024x_2_65d022e_1749478744376_843411_9342" refElementId="_2024x_2_65d022e_1749478744376_843411_9342" humanType="Dependency" classType="Dependency" owner="_2024x_2_65d022e_1742058423551_287190_3270" ownerRefId="_2024x_2_65d022e_1742058423551_287190_3270" name="Dependency[ -> F3.6PortF3.1]" isRelationship="true" icon="index_files/icon_dependency_1470843699.jpg" hasLink="false" hasActiveHyperLink="false"/><dependency refid="_2024x_2_65d022e_1749478747497_243188_9354" refElementId="_2024x_2_65d022e_1749478747497_243188_9354" humanType="Dependency" classType="Dependency" owner="_2024x_2_65d022e_1742058423551_287190_3270" ownerRefId="_2024x_2_65d022e_1742058423551_287190_3270" name="Dependency[ -> F3.6PortF3.3]" isRelationship="true" icon="index_files/icon_dependency_1470843699.jpg" hasLink="false" hasActiveHyperLink="false"/><dependency refid="_2024x_2_65d022e_1749478795324_564916_9522" refElementId="_2024x_2_65d022e_1749478795324_564916_9522" humanType="Dependency" classType="Dependency" owner="_2024x_2_65d022e_1742058423551_287190_3270" ownerRefId="_2024x_2_65d022e_1742058423551_287190_3270" name="Dependency[ -> F3.7PortF3.3]" isRelationship="true" icon="index_files/icon_dependency_1470843699.jpg" hasLink="false" hasActiveHyperLink="false"/><dependency refid="_2024x_2_65d022e_1749478793357_431393_9510" refElementId="_2024x_2_65d022e_1749478793357_431393_9510" humanType="Dependency" classType="Dependency" owner="_2024x_2_65d022e_1742058423551_287190_3270" ownerRefId="_2024x_2_65d022e_1742058423551_287190_3270" name="Dependency[ -> F3.7PortSF3.3]" isRelationship="true" icon="index_files/icon_dependency_1470843699.jpg" hasLink="false" hasActiveHyperLink="false"/><dependency refid="_2024x_2_65d022e_1749478470177_859520_9054" refElementId="_2024x_2_65d022e_1749478470177_859520_9054" humanType="Dependency" classType="Dependency" owner="_2024x_2_65d022e_1742058423551_287190_3270" ownerRefId="_2024x_2_65d022e_1742058423551_287190_3270" name="Dependency[ -> F3PortF12]" isRelationship="true" icon="index_files/icon_dependency_1470843699.jpg" hasLink="false" hasActiveHyperLink="false"/><dependency refid="_2024x_2_65d022e_1749478462475_57245_9030" refElementId="_2024x_2_65d022e_1749478462475_57245_9030" humanType="Dependency" classType="Dependency" owner="_2024x_2_65d022e_1742058423551_287190_3270" ownerRefId="_2024x_2_65d022e_1742058423551_287190_3270" name="Dependency[ -> LB-ATA244forF3F12]" isRelationship="true" icon="index_files/icon_dependency_1470843699.jpg" hasLink="false" hasActiveHyperLink="false"/><dependency refid="_2024x_2_65d022e_1749478467221_104257_9042" refElementId="_2024x_2_65d022e_1749478467221_104257_9042" humanType="Dependency" classType="Dependency" owner="_2024x_2_65d022e_1742058423551_287190_3270" ownerRefId="_2024x_2_65d022e_1742058423551_287190_3270" name="Dependency[ -> LB-ComInfItemF3F12]" isRelationship="true" icon="index_files/icon_dependency_1470843699.jpg" hasLink="false" hasActiveHyperLink="false"/><dependency refid="_2024x_2_65d022e_1749478569880_370259_9186" refElementId="_2024x_2_65d022e_1749478569880_370259_9186" humanType="Dependency" classType="Dependency" owner="_2024x_2_65d022e_1742058423551_287190_3270" ownerRefId="_2024x_2_65d022e_1742058423551_287190_3270" name="Dependency[ -> SF3.1PortF3.2F3.4]" isRelationship="true" icon="index_files/icon_dependency_1470843699.jpg" hasLink="false" hasActiveHyperLink="false"/><dependency refid="_2024x_2_65d022e_1749478731946_13033_9306" refElementId="_2024x_2_65d022e_1749478731946_13033_9306" humanType="Dependency" classType="Dependency" owner="_2024x_2_65d022e_1742058423551_287190_3270" ownerRefId="_2024x_2_65d022e_1742058423551_287190_3270" name="Dependency[ -> SF3.1PortF3.3F3.5]" isRelationship="true" icon="index_files/icon_dependency_1470843699.jpg" hasLink="false" hasActiveHyperLink="false"/><dependency refid="_2024x_2_65d022e_1749478767017_494037_9420" refElementId="_2024x_2_65d022e_1749478767017_494037_9420" humanType="Dependency" classType="Dependency" owner="_2024x_2_65d022e_1742058423551_287190_3270" ownerRefId="_2024x_2_65d022e_1742058423551_287190_3270" name="Dependency[ -> SF3.1PortF3.3F3.6]" isRelationship="true" icon="index_files/icon_dependency_1470843699.jpg" hasLink="false" hasActiveHyperLink="false"/><dependency refid="_2024x_2_65d022e_1749478803136_106958_9546" refElementId="_2024x_2_65d022e_1749478803136_106958_9546" humanType="Dependency" classType="Dependency" owner="_2024x_2_65d022e_1742058423551_287190_3270" ownerRefId="_2024x_2_65d022e_1742058423551_287190_3270" name="Dependency[ -> SF3.1PortF3.3F3.7]" isRelationship="true" icon="index_files/icon_dependency_1470843699.jpg" hasLink="false" hasActiveHyperLink="false"/><dependency refid="_2024x_2_65d022e_1749478803354_416265_9552" refElementId="_2024x_2_65d022e_1749478803354_416265_9552" humanType="Dependency" classType="Dependency" owner="_2024x_2_65d022e_1742058423551_287190_3270" ownerRefId="_2024x_2_65d022e_1742058423551_287190_3270" name="Dependency[ -> SF3.1PortF3.3F3.7]" isRelationship="true" icon="index_files/icon_dependency_1470843699.jpg" hasLink="false" hasActiveHyperLink="false"/><dependency refid="_2024x_2_65d022e_1749478800718_439083_9534" refElementId="_2024x_2_65d022e_1749478800718_439083_9534" humanType="Dependency" classType="Dependency" owner="_2024x_2_65d022e_1742058423551_287190_3270" ownerRefId="_2024x_2_65d022e_1742058423551_287190_3270" name="Dependency[ -> SF3.1PortF3.7]" isRelationship="true" icon="index_files/icon_dependency_1470843699.jpg" hasLink="false" hasActiveHyperLink="false"/><dependency refid="_2024x_2_65d022e_1749478567085_834796_9174" refElementId="_2024x_2_65d022e_1749478567085_834796_9174" humanType="Dependency" classType="Dependency" owner="_2024x_2_65d022e_1742058423551_287190_3270" ownerRefId="_2024x_2_65d022e_1742058423551_287190_3270" name="Dependency[ -> SF3.1PortSF3.4F3.4]" isRelationship="true" icon="index_files/icon_dependency_1470843699.jpg" hasLink="false" hasActiveHyperLink="false"/><dependency refid="_2024x_2_65d022e_1749478727485_27718_9294" refElementId="_2024x_2_65d022e_1749478727485_27718_9294" humanType="Dependency" classType="Dependency" owner="_2024x_2_65d022e_1742058423551_287190_3270" ownerRefId="_2024x_2_65d022e_1742058423551_287190_3270" name="Dependency[ -> SF3.1PortSF3.4F3.5]" isRelationship="true" icon="index_files/icon_dependency_1470843699.jpg" hasLink="false" hasActiveHyperLink="false"/><dependency refid="_2024x_2_65d022e_1749478762785_264678_9408" refElementId="_2024x_2_65d022e_1749478762785_264678_9408" humanType="Dependency" classType="Dependency" owner="_2024x_2_65d022e_1742058423551_287190_3270" ownerRefId="_2024x_2_65d022e_1742058423551_287190_3270" name="Dependency[ -> SF3.1PortSF3.4F3.6]" isRelationship="true" icon="index_files/icon_dependency_1470843699.jpg" hasLink="false" hasActiveHyperLink="false"/><dependency refid="_2024x_2_65d022e_1749478780876_432545_9456" refElementId="_2024x_2_65d022e_1749478780876_432545_9456" humanType="Dependency" classType="Dependency" owner="_2024x_2_65d022e_1742058423551_287190_3270" ownerRefId="_2024x_2_65d022e_1742058423551_287190_3270" name="Dependency[ -> SF3.2PortF3.1]" isRelationship="true" icon="index_files/icon_dependency_1470843699.jpg" hasLink="false" hasActiveHyperLink="false"/><dependency refid="_2024x_2_65d022e_1749478781060_103022_9462" refElementId="_2024x_2_65d022e_1749478781060_103022_9462" humanType="Dependency" classType="Dependency" owner="_2024x_2_65d022e_1742058423551_287190_3270" ownerRefId="_2024x_2_65d022e_1742058423551_287190_3270" name="Dependency[ -> SF3.2PortF3.1]" isRelationship="true" icon="index_files/icon_dependency_1470843699.jpg" hasLink="false" hasActiveHyperLink="false"/><dependency refid="_2024x_2_65d022e_1749478783435_118247_9474" refElementId="_2024x_2_65d022e_1749478783435_118247_9474" humanType="Dependency" classType="Dependency" owner="_2024x_2_65d022e_1742058423551_287190_3270" ownerRefId="_2024x_2_65d022e_1742058423551_287190_3270" name="Dependency[ -> SF3.2PortSF3.3]" isRelationship="true" icon="index_files/icon_dependency_1470843699.jpg" hasLink="false" hasActiveHyperLink="false"/><dependency refid="_2024x_2_65d022e_1749478547517_124017_9120" refElementId="_2024x_2_65d022e_1749478547517_124017_9120" humanType="Dependency" classType="Dependency" owner="_2024x_2_65d022e_1742058423551_287190_3270" ownerRefId="_2024x_2_65d022e_1742058423551_287190_3270" name="Dependency[ -> SF3.3PortF3.4]" isRelationship="true" icon="index_files/icon_dependency_1470843699.jpg" hasLink="false" hasActiveHyperLink="false"/><dependency refid="_2024x_2_65d022e_1749478717070_714633_9240" refElementId="_2024x_2_65d022e_1749478717070_714633_9240" humanType="Dependency" classType="Dependency" owner="_2024x_2_65d022e_1742058423551_287190_3270" ownerRefId="_2024x_2_65d022e_1742058423551_287190_3270" name="Dependency[ -> SF3.3PortF3.5]" isRelationship="true" icon="index_files/icon_dependency_1470843699.jpg" hasLink="false" hasActiveHyperLink="false"/><dependency refid="_2024x_2_65d022e_1749478750866_15932_9366" refElementId="_2024x_2_65d022e_1749478750866_15932_9366" humanType="Dependency" classType="Dependency" owner="_2024x_2_65d022e_1742058423551_287190_3270" ownerRefId="_2024x_2_65d022e_1742058423551_287190_3270" name="Dependency[ -> SF3.3PortF3.6]" isRelationship="true" icon="index_files/icon_dependency_1470843699.jpg" hasLink="false" hasActiveHyperLink="false"/><dependency refid="_2024x_2_65d022e_1749478791145_632155_9498" refElementId="_2024x_2_65d022e_1749478791145_632155_9498" humanType="Dependency" classType="Dependency" owner="_2024x_2_65d022e_1742058423551_287190_3270" ownerRefId="_2024x_2_65d022e_1742058423551_287190_3270" name="Dependency[ -> SF3.3PortF3.7]" isRelationship="true" icon="index_files/icon_dependency_1470843699.jpg" hasLink="false" hasActiveHyperLink="false"/><dependency refid="_2024x_2_65d022e_1749478786533_823497_9486" refElementId="_2024x_2_65d022e_1749478786533_823497_9486" humanType="Dependency" classType="Dependency" owner="_2024x_2_65d022e_1742058423551_287190_3270" ownerRefId="_2024x_2_65d022e_1742058423551_287190_3270" name="Dependency[ -> SF3.3PortSF3.2]" isRelationship="true" icon="index_files/icon_dependency_1470843699.jpg" hasLink="false" hasActiveHyperLink="false"/><dependency refid="_2024x_2_65d022e_1749478554947_225251_9132" refElementId="_2024x_2_65d022e_1749478554947_225251_9132" humanType="Dependency" classType="Dependency" owner="_2024x_2_65d022e_1742058423551_287190_3270" ownerRefId="_2024x_2_65d022e_1742058423551_287190_3270" name="Dependency[ -> SF3.3PortSF3.4F3.2]" isRelationship="true" icon="index_files/icon_dependency_1470843699.jpg" hasLink="false" hasActiveHyperLink="false"/><dependency refid="_2024x_2_65d022e_1749478722020_496960_9252" refElementId="_2024x_2_65d022e_1749478722020_496960_9252" humanType="Dependency" classType="Dependency" owner="_2024x_2_65d022e_1742058423551_287190_3270" ownerRefId="_2024x_2_65d022e_1742058423551_287190_3270" name="Dependency[ -> SF3.3PortSF3.4F3.5]" isRelationship="true" icon="index_files/icon_dependency_1470843699.jpg" hasLink="false" hasActiveHyperLink="false"/><dependency refid="_2024x_2_65d022e_1749478752874_315279_9372" refElementId="_2024x_2_65d022e_1749478752874_315279_9372" humanType="Dependency" classType="Dependency" owner="_2024x_2_65d022e_1742058423551_287190_3270" ownerRefId="_2024x_2_65d022e_1742058423551_287190_3270" name="Dependency[ -> SF3.3PortSF3.4F3.6]" isRelationship="true" icon="index_files/icon_dependency_1470843699.jpg" hasLink="false" hasActiveHyperLink="false"/><dependency refid="_2024x_2_65d022e_1749478560295_505669_9162" refElementId="_2024x_2_65d022e_1749478560295_505669_9162" humanType="Dependency" classType="Dependency" owner="_2024x_2_65d022e_1742058423551_287190_3270" ownerRefId="_2024x_2_65d022e_1742058423551_287190_3270" name="Dependency[ -> SF3.4PortSF3.1F3.2]" isRelationship="true" icon="index_files/icon_dependency_1470843699.jpg" hasLink="false" hasActiveHyperLink="false"/><dependency refid="_2024x_2_65d022e_1749478725697_974346_9276" refElementId="_2024x_2_65d022e_1749478725697_974346_9276" humanType="Dependency" classType="Dependency" owner="_2024x_2_65d022e_1742058423551_287190_3270" ownerRefId="_2024x_2_65d022e_1742058423551_287190_3270" name="Dependency[ -> SF3.4PortSF3.1F3.5]" isRelationship="true" icon="index_files/icon_dependency_1470843699.jpg" hasLink="false" hasActiveHyperLink="false"/><dependency refid="_2024x_2_65d022e_1749478725918_100255_9282" refElementId="_2024x_2_65d022e_1749478725918_100255_9282" humanType="Dependency" classType="Dependency" owner="_2024x_2_65d022e_1742058423551_287190_3270" ownerRefId="_2024x_2_65d022e_1742058423551_287190_3270" name="Dependency[ -> SF3.4PortSF3.1F3.5]" isRelationship="true" icon="index_files/icon_dependency_1470843699.jpg" hasLink="false" hasActiveHyperLink="false"/><dependency refid="_2024x_2_65d022e_1749478760222_932236_9396" refElementId="_2024x_2_65d022e_1749478760222_932236_9396" humanType="Dependency" classType="Dependency" owner="_2024x_2_65d022e_1742058423551_287190_3270" ownerRefId="_2024x_2_65d022e_1742058423551_287190_3270" name="Dependency[ -> SF3.4PortSF3.1F3.6]" isRelationship="true" icon="index_files/icon_dependency_1470843699.jpg" hasLink="false" hasActiveHyperLink="false"/><dependency refid="_2024x_2_65d022e_1749478557801_407955_9144" refElementId="_2024x_2_65d022e_1749478557801_407955_9144" humanType="Dependency" classType="Dependency" owner="_2024x_2_65d022e_1742058423551_287190_3270" ownerRefId="_2024x_2_65d022e_1742058423551_287190_3270" name="Dependency[ -> SF3.4PortSF3.3F3.4]" isRelationship="true" icon="index_files/icon_dependency_1470843699.jpg" hasLink="false" hasActiveHyperLink="false"/><dependency refid="_2024x_2_65d022e_1749478558010_825382_9150" refElementId="_2024x_2_65d022e_1749478558010_825382_9150" humanType="Dependency" classType="Dependency" owner="_2024x_2_65d022e_1742058423551_287190_3270" ownerRefId="_2024x_2_65d022e_1742058423551_287190_3270" name="Dependency[ -> SF3.4PortSF3.3F3.4]" isRelationship="true" icon="index_files/icon_dependency_1470843699.jpg" hasLink="false" hasActiveHyperLink="false"/><dependency refid="_2024x_2_65d022e_1749478724104_292488_9264" refElementId="_2024x_2_65d022e_1749478724104_292488_9264" humanType="Dependency" classType="Dependency" owner="_2024x_2_65d022e_1742058423551_287190_3270" ownerRefId="_2024x_2_65d022e_1742058423551_287190_3270" name="Dependency[ -> SF3.4PortSF3.3F3.5]" isRelationship="true" icon="index_files/icon_dependency_1470843699.jpg" hasLink="false" hasActiveHyperLink="false"/><dependency refid="_2024x_2_65d022e_1749478757363_238366_9384" refElementId="_2024x_2_65d022e_1749478757363_238366_9384" humanType="Dependency" classType="Dependency" owner="_2024x_2_65d022e_1742058423551_287190_3270" ownerRefId="_2024x_2_65d022e_1742058423551_287190_3270" name="Dependency[ -> SF3.4PortSF3.3F3.6]" isRelationship="true" icon="index_files/icon_dependency_1470843699.jpg" hasLink="false" hasActiveHyperLink="false"/><dependency refid="_2024x_2_65d022e_1749478568080_236562_9180" refElementId="_2024x_2_65d022e_1749478568080_236562_9180" humanType="Dependency" classType="Dependency" owner="_2024x_2_65d022e_1742058423551_287190_3270" ownerRefId="_2024x_2_65d022e_1742058423551_287190_3270" name="Dependency[L3 SecFct 3.1: liefere Zugangskontrolle  ->  : L3 SecFct 3.1: liefere Zugangskontrolle ]" isRelationship="true" icon="index_files/icon_dependency_1470843699.jpg" hasLink="false" hasActiveHyperLink="false"/><dependency refid="_2024x_2_65d022e_1749478728383_483202_9300" refElementId="_2024x_2_65d022e_1749478728383_483202_9300" humanType="Dependency" classType="Dependency" owner="_2024x_2_65d022e_1742058423551_287190_3270" ownerRefId="_2024x_2_65d022e_1742058423551_287190_3270" name="Dependency[L3 SecFct 3.1: liefere Zugangskontrolle  ->  : L3 SecFct 3.1: liefere Zugangskontrolle ]" isRelationship="true" icon="index_files/icon_dependency_1470843699.jpg" hasLink="false" hasActiveHyperLink="false"/><dependency refid="_2024x_2_65d022e_1749478763415_321520_9414" refElementId="_2024x_2_65d022e_1749478763415_321520_9414" humanType="Dependency" classType="Dependency" owner="_2024x_2_65d022e_1742058423551_287190_3270" ownerRefId="_2024x_2_65d022e_1742058423551_287190_3270" name="Dependency[L3 SecFct 3.1: liefere Zugangskontrolle  ->  : L3 SecFct 3.1: liefere Zugangskontrolle ]" isRelationship="true" icon="index_files/icon_dependency_1470843699.jpg" hasLink="false" hasActiveHyperLink="false"/><dependency refid="_2024x_2_65d022e_1749478801632_361196_9540" refElementId="_2024x_2_65d022e_1749478801632_361196_9540" humanType="Dependency" classType="Dependency" owner="_2024x_2_65d022e_1742058423551_287190_3270" ownerRefId="_2024x_2_65d022e_1742058423551_287190_3270" name="Dependency[L3 SecFct 3.1: liefere Zugangskontrolle  ->  : L3 SecFct 3.1: liefere Zugangskontrolle ]" isRelationship="true" icon="index_files/icon_dependency_1470843699.jpg" hasLink="false" hasActiveHyperLink="false"/><dependency refid="_2024x_2_65d022e_1749478781776_483789_9468" refElementId="_2024x_2_65d022e_1749478781776_483789_9468" humanType="Dependency" classType="Dependency" owner="_2024x_2_65d022e_1742058423551_287190_3270" ownerRefId="_2024x_2_65d022e_1742058423551_287190_3270" name="Dependency[L3 SecFct 3.2: überprüfe Integrität ->  : L3 SecFct 3.2: überprüfe Integrität]" isRelationship="true" icon="index_files/icon_dependency_1470843699.jpg" hasLink="false" hasActiveHyperLink="false"/><dependency refid="_2024x_2_65d022e_1749478548829_199119_9126" refElementId="_2024x_2_65d022e_1749478548829_199119_9126" humanType="Dependency" classType="Dependency" owner="_2024x_2_65d022e_1742058423551_287190_3270" ownerRefId="_2024x_2_65d022e_1742058423551_287190_3270" name="Dependency[L3 SecFct 3.3: liefere Daten Ver- und Entschlüsselung ->  : L3 SecFct 3.3: liefere Daten Ver- und Entschlüsselung]" isRelationship="true" icon="index_files/icon_dependency_1470843699.jpg" hasLink="false" hasActiveHyperLink="false"/><dependency refid="_2024x_2_65d022e_1749478717603_342517_9246" refElementId="_2024x_2_65d022e_1749478717603_342517_9246" humanType="Dependency" classType="Dependency" owner="_2024x_2_65d022e_1742058423551_287190_3270" ownerRefId="_2024x_2_65d022e_1742058423551_287190_3270" name="Dependency[L3 SecFct 3.3: liefere Daten Ver- und Entschlüsselung ->  : L3 SecFct 3.3: liefere Daten Ver- und Entschlüsselung]" isRelationship="true" icon="index_files/icon_dependency_1470843699.jpg" hasLink="false" hasActiveHyperLink="false"/><dependency refid="_2024x_2_65d022e_1749478787201_882220_9492" refElementId="_2024x_2_65d022e_1749478787201_882220_9492" humanType="Dependency" classType="Dependency" owner="_2024x_2_65d022e_1742058423551_287190_3270" ownerRefId="_2024x_2_65d022e_1742058423551_287190_3270" name="Dependency[L3 SecFct 3.3: liefere Daten Ver- und Entschlüsselung ->  : L3 SecFct 3.3: liefere Daten Ver- und Entschlüsselung]" isRelationship="true" icon="index_files/icon_dependency_1470843699.jpg" hasLink="false" hasActiveHyperLink="false"/><dependency refid="_2024x_2_65d022e_1749478558859_375948_9156" refElementId="_2024x_2_65d022e_1749478558859_375948_9156" humanType="Dependency" classType="Dependency" owner="_2024x_2_65d022e_1742058423551_287190_3270" ownerRefId="_2024x_2_65d022e_1742058423551_287190_3270" name="Dependency[L3 SecFct 3.4: validiere Input ->  : L3 SecFct 3.4: validiere Input]" isRelationship="true" icon="index_files/icon_dependency_1470843699.jpg" hasLink="false" hasActiveHyperLink="false"/><dependency refid="_2024x_2_65d022e_1749478724784_929934_9270" refElementId="_2024x_2_65d022e_1749478724784_929934_9270" humanType="Dependency" classType="Dependency" owner="_2024x_2_65d022e_1742058423551_287190_3270" ownerRefId="_2024x_2_65d022e_1742058423551_287190_3270" name="Dependency[L3 SecFct 3.4: validiere Input ->  : L3 SecFct 3.4: validiere Input]" isRelationship="true" icon="index_files/icon_dependency_1470843699.jpg" hasLink="false" hasActiveHyperLink="false"/><dependency refid="_2024x_2_65d022e_1749478758516_878028_9390" refElementId="_2024x_2_65d022e_1749478758516_878028_9390" humanType="Dependency" classType="Dependency" owner="_2024x_2_65d022e_1742058423551_287190_3270" ownerRefId="_2024x_2_65d022e_1742058423551_287190_3270" name="Dependency[L3 SecFct 3.4: validiere Input ->  : L3 SecFct 3.4: validiere Input]" isRelationship="true" icon="index_files/icon_dependency_1470843699.jpg" hasLink="false" hasActiveHyperLink="false"/><dependency refid="_2024x_2_65d022e_1749478477066_806214_9072" refElementId="_2024x_2_65d022e_1749478477066_806214_9072" humanType="Dependency" classType="Dependency" owner="_2024x_2_65d022e_1742058423551_287190_3270" ownerRefId="_2024x_2_65d022e_1742058423551_287190_3270" name="Dependency[L3 SysFct 3.1: manage Kommunikation  -> L3 SysFct 3.1: manage Kommunikation ]" isRelationship="true" icon="index_files/icon_dependency_1470843699.jpg" hasLink="false" hasActiveHyperLink="false"/><dependency refid="_2024x_2_65d022e_1749478574583_781882_9198" refElementId="_2024x_2_65d022e_1749478574583_781882_9198" humanType="Dependency" classType="Dependency" owner="_2024x_2_65d022e_1742058423551_287190_3270" ownerRefId="_2024x_2_65d022e_1742058423551_287190_3270" name="Dependency[L3 SysFct 3.2: frage Informationen bei der Bodenstation ab  -> L3 SysFct 3.2: frage Informationen bei der Bodenstation ab ]" isRelationship="true" icon="index_files/icon_dependency_1470843699.jpg" hasLink="false" hasActiveHyperLink="false"/><dependency refid="_2024x_2_65d022e_1749478736497_98736_9324" refElementId="_2024x_2_65d022e_1749478736497_98736_9324" humanType="Dependency" classType="Dependency" owner="_2024x_2_65d022e_1742058423551_287190_3270" ownerRefId="_2024x_2_65d022e_1742058423551_287190_3270" name="Dependency[L3 SysFct 3.3: speichere passagierbezogene Informationen  -> L3 SysFct 3.3: speichere passagierbezogene Informationen ]" isRelationship="true" icon="index_files/icon_dependency_1470843699.jpg" hasLink="false" hasActiveHyperLink="false"/><dependency refid="_2024x_2_65d022e_1749478771618_809683_9438" refElementId="_2024x_2_65d022e_1749478771618_809683_9438" humanType="Dependency" classType="Dependency" owner="_2024x_2_65d022e_1742058423551_287190_3270" ownerRefId="_2024x_2_65d022e_1742058423551_287190_3270" name="Dependency[L3 SysFct 3.3: speichere passagierbezogene Informationen  -> L3 SysFct 3.3: speichere passagierbezogene Informationen ]" isRelationship="true" icon="index_files/icon_dependency_1470843699.jpg" hasLink="false" hasActiveHyperLink="false"/><dependency refid="_2024x_2_65d022e_1749478808839_558791_9570" refElementId="_2024x_2_65d022e_1749478808839_558791_9570" humanType="Dependency" classType="Dependency" owner="_2024x_2_65d022e_1742058423551_287190_3270" ownerRefId="_2024x_2_65d022e_1742058423551_287190_3270" name="Dependency[L3 SysFct 3.3: speichere passagierbezogene Informationen  -> L3 SysFct 3.3: speichere passagierbezogene Informationen ]" isRelationship="true" icon="index_files/icon_dependency_1470843699.jpg" hasLink="false" hasActiveHyperLink="false"/><dependency refid="_2024x_2_65d022e_1749478872788_552366_9576" refElementId="_2024x_2_65d022e_1749478872788_552366_9576" humanType="Dependency" classType="Dependency" owner="_2024x_2_65d022e_1742058423551_287190_3270" ownerRefId="_2024x_2_65d022e_1742058423551_287190_3270" name="Dependency[L3 SysFct 3.3: speichere passagierbezogene Informationen  -> L3 SysFct 3.3: speichere passagierbezogene Informationen ]" isRelationship="true" icon="index_files/icon_dependency_1470843699.jpg" hasLink="false" hasActiveHyperLink="false"/><dependency refid="_2024x_2_65d022e_1749478542043_251217_9102" refElementId="_2024x_2_65d022e_1749478542043_251217_9102" humanType="Dependency" classType="Dependency" owner="_2024x_2_65d022e_1742058423551_287190_3270" ownerRefId="_2024x_2_65d022e_1742058423551_287190_3270" name="Dependency[L3 SysFct 3.4: erhalte Konnektivitätsinformationen  -> L3 SysFct 3.4: erhalte Konnektivitätsinformationen ]" isRelationship="true" icon="index_files/icon_dependency_1470843699.jpg" hasLink="false" hasActiveHyperLink="false"/><dependency refid="_2024x_2_65d022e_1749478713861_994301_9222" refElementId="_2024x_2_65d022e_1749478713861_994301_9222" humanType="Dependency" classType="Dependency" owner="_2024x_2_65d022e_1742058423551_287190_3270" ownerRefId="_2024x_2_65d022e_1742058423551_287190_3270" name="Dependency[L3 SysFct 3.5: erhalte Informationen von der Bodenstation -> L3 SysFct 3.5: erhalte Informationen von der Bodenstation]" isRelationship="true" icon="index_files/icon_dependency_1470843699.jpg" hasLink="false" hasActiveHyperLink="false"/><dependency refid="_2024x_2_65d022e_1749478745455_888129_9348" refElementId="_2024x_2_65d022e_1749478745455_888129_9348" humanType="Dependency" classType="Dependency" owner="_2024x_2_65d022e_1742058423551_287190_3270" ownerRefId="_2024x_2_65d022e_1742058423551_287190_3270" name="Dependency[L3 SysFct 3.6: erhalte Bezahlinformationen -> L3 SysFct 3.6: erhalte Bezahlinformationen]" isRelationship="true" icon="index_files/icon_dependency_1470843699.jpg" hasLink="false" hasActiveHyperLink="false"/><dependency refid="_2024x_2_65d022e_1749478794044_47423_9516" refElementId="_2024x_2_65d022e_1749478794044_47423_9516" humanType="Dependency" classType="Dependency" owner="_2024x_2_65d022e_1742058423551_287190_3270" ownerRefId="_2024x_2_65d022e_1742058423551_287190_3270" name="Dependency[L3 SysFct 3.7: verarbeite Anfragen  -> L3 SysFct 3.7: verarbeite Anfragen ]" isRelationship="true" icon="index_files/icon_dependency_1470843699.jpg" hasLink="false" hasActiveHyperLink="false"/></ownedElement></package>