<?xml version='1.0' encoding='UTF-8'?><package refid="_2024x_2_65d022e_1742058423554_738475_3323" refElementId="_2024x_2_65d022e_1742058423554_738475_3323" humanType="Package" classType="Package" owner="_2024x_2_65d022e_1742058423551_932232_3258" ownerRefId="_2024x_2_65d022e_1742058423551_932232_3258" name="02 - Pre-Threat Scenarios" hasChild="true" hasLink="false" hasActiveHyperLink="false"><ownedElement><diagram refid="_2024x_2_65d022e_1750788539496_355617_3744" refElementId="_2024x_2_65d022e_1750788539496_355617_3744" humanType="Diagram" classType="Diagram" diagramType="sysmlblockdefinitiondiagram" owner="_2024x_2_65d022e_1742058423554_738475_3323" ownerRefId="_2024x_2_65d022e_1742058423554_738475_3323" name="02 - Pre-Threat Scenarios" icon="index_files/icon_SysML Block Definition Diagram_731139631.jpg" hasLink="false" hasActiveHyperLink="false"/><diagram refid="_2024x_2_65d022e_1742058423557_49587_3365" refElementId="_2024x_2_65d022e_1742058423557_49587_3365" humanType="Diagram" classType="Diagram" diagramType="sysml4secthreatscenariotable" owner="_2024x_2_65d022e_1742058423554_738475_3323" ownerRefId="_2024x_2_65d022e_1742058423554_738475_3323" name="02 - Pre-Threat Scenarios" icon="index_files/icon_SysML4Sec Threat Scenario Table_793278690.jpg" hasLink="false" hasActiveHyperLink="false"/><threatscenario refid="_2024x_2_65d022e_1747679090371_653490_248" refElementId="_2024x_2_65d022e_1747679090371_653490_248" humanType="ThreatScenario" classType="Class" owner="_2024x_2_65d022e_1742058423554_738475_3323" ownerRefId="_2024x_2_65d022e_1742058423554_738475_3323" name="Fkt. 1 liefere ein human machine interface (HMI) für den Passagier" icon="index_files/icon_threatscenario_168288208.jpg" hasChild="true" hasLink="false" hasActiveHyperLink="false"/><threatscenario refid="_2024x_2_65d022e_1747679415639_162936_253" refElementId="_2024x_2_65d022e_1747679415639_162936_253" humanType="ThreatScenario" classType="Class" owner="_2024x_2_65d022e_1742058423554_738475_3323" ownerRefId="_2024x_2_65d022e_1742058423554_738475_3323" name="Fkt. 3 manage passagierbezogene Informationen" icon="index_files/icon_threatscenario_168288208.jpg" hasChild="true" hasLink="false" hasActiveHyperLink="false"/><threatscenario refid="_2024x_2_65d022e_1747679442881_633164_256" refElementId="_2024x_2_65d022e_1747679442881_633164_256" humanType="ThreatScenario" classType="Class" owner="_2024x_2_65d022e_1742058423554_738475_3323" ownerRefId="_2024x_2_65d022e_1742058423554_738475_3323" name="Fkt. 9 liefere Flugzeugdaten" icon="index_files/icon_threatscenario_168288208.jpg" hasChild="true" hasLink="false" hasActiveHyperLink="false"/><association refid="_2024x_2_65d022e_1749465815177_311454_8659" refElementId="_2024x_2_65d022e_1749465815177_311454_8659" humanType="Association" classType="Association" owner="_2024x_2_65d022e_1742058423554_738475_3323" ownerRefId="_2024x_2_65d022e_1742058423554_738475_3323" name="Association[Fkt. 1 liefere ein human machine interface (HMI) für den Passagier -> attackPath-Bestellen von Speisen und Getränken am Passagiersitz unterbinden/verhindern:Bestellen von Speisen und Getränken am Passagiersitz unterbinden/verhindern]" isRelationship="true" icon="index_files/icon_association_1169510737.jpg" hasChild="true" hasLink="false" hasActiveHyperLink="false"/><association refid="_2024x_2_65d022e_1749464774127_677518_8481" refElementId="_2024x_2_65d022e_1749464774127_677518_8481" humanType="Association" classType="Association" owner="_2024x_2_65d022e_1742058423554_738475_3323" ownerRefId="_2024x_2_65d022e_1742058423554_738475_3323" name="Association[Fkt. 1 liefere ein human machine interface (HMI) für den Passagier -> threatCondition-L1 AcFct 1: liefere ein human  machine interface (HMI)  für den Passagier Accountability Impact:L1 AcFct 1: liefere ein human  machine interface (HMI)  für den Passagier Accountability Impact]" isRelationship="true" icon="index_files/icon_association_1169510737.jpg" hasChild="true" hasLink="false" hasActiveHyperLink="false"/><association refid="_2024x_2_65d022e_1749464774139_541804_8486" refElementId="_2024x_2_65d022e_1749464774139_541804_8486" humanType="Association" classType="Association" owner="_2024x_2_65d022e_1742058423554_738475_3323" ownerRefId="_2024x_2_65d022e_1742058423554_738475_3323" name="Association[Fkt. 1 liefere ein human machine interface (HMI) für den Passagier -> threatCondition-L1 AcFct 1: liefere ein human  machine interface (HMI)  für den Passagier Availability Impact:L1 AcFct 1: liefere ein human  machine interface (HMI)  für den Passagier Availability Impact]" isRelationship="true" icon="index_files/icon_association_1169510737.jpg" hasChild="true" hasLink="false" hasActiveHyperLink="false"/><association refid="_2024x_2_65d022e_1749464774142_469856_8491" refElementId="_2024x_2_65d022e_1749464774142_469856_8491" humanType="Association" classType="Association" owner="_2024x_2_65d022e_1742058423554_738475_3323" ownerRefId="_2024x_2_65d022e_1742058423554_738475_3323" name="Association[Fkt. 1 liefere ein human machine interface (HMI) für den Passagier -> threatCondition-L1 AcFct 1: liefere ein human  machine interface (HMI)  für den Passagier Confidentiality Impact:L1 AcFct 1: liefere ein human  machine interface (HMI)  für den Passagier Confidentiality Impact]" isRelationship="true" icon="index_files/icon_association_1169510737.jpg" hasChild="true" hasLink="false" hasActiveHyperLink="false"/><association refid="_2024x_2_65d022e_1749464774144_491888_8496" refElementId="_2024x_2_65d022e_1749464774144_491888_8496" humanType="Association" classType="Association" owner="_2024x_2_65d022e_1742058423554_738475_3323" ownerRefId="_2024x_2_65d022e_1742058423554_738475_3323" name="Association[Fkt. 1 liefere ein human machine interface (HMI) für den Passagier -> threatCondition-L1 AcFct 1: liefere ein human  machine interface (HMI)  für den Passagier Integrity Impact:L1 AcFct 1: liefere ein human  machine interface (HMI)  für den Passagier Integrity Impact]" isRelationship="true" icon="index_files/icon_association_1169510737.jpg" hasChild="true" hasLink="false" hasActiveHyperLink="false"/><association refid="_2024x_2_65d022e_1749464774146_754165_8501" refElementId="_2024x_2_65d022e_1749464774146_754165_8501" humanType="Association" classType="Association" owner="_2024x_2_65d022e_1742058423554_738475_3323" ownerRefId="_2024x_2_65d022e_1742058423554_738475_3323" name="Association[Fkt. 1 liefere ein human machine interface (HMI) für den Passagier -> threatCondition-L1 AcFct 1: liefere ein human  machine interface (HMI)  für den Passagier Privacy Impact:L1 AcFct 1: liefere ein human  machine interface (HMI)  für den Passagier Privacy Impact]" isRelationship="true" icon="index_files/icon_association_1169510737.jpg" hasChild="true" hasLink="false" hasActiveHyperLink="false"/><association refid="_2024x_2_65d022e_1749466089803_183294_8755" refElementId="_2024x_2_65d022e_1749466089803_183294_8755" humanType="Association" classType="Association" owner="_2024x_2_65d022e_1742058423554_738475_3323" ownerRefId="_2024x_2_65d022e_1742058423554_738475_3323" name="Association[Fkt. 3 manage passagierbezogene Informationen -> attackPath-Bestellen von Speisen und Getränken am Passagiersitz mit Hilfe einer falschen Identität:Bestellen von Speisen und Getränken am Passagiersitz mit Hilfe einer falschen Identität]" isRelationship="true" icon="index_files/icon_association_1169510737.jpg" hasChild="true" hasLink="false" hasActiveHyperLink="false"/><association refid="_2024x_2_65d022e_1749464784012_99506_8506" refElementId="_2024x_2_65d022e_1749464784012_99506_8506" humanType="Association" classType="Association" owner="_2024x_2_65d022e_1742058423554_738475_3323" ownerRefId="_2024x_2_65d022e_1742058423554_738475_3323" name="Association[Fkt. 3 manage passagierbezogene Informationen -> threatCondition-L1 AcFct 3: manage  passagierbezogene  Informationen Accountability Impact:L1 AcFct 3: manage  passagierbezogene  Informationen Accountability Impact]" isRelationship="true" icon="index_files/icon_association_1169510737.jpg" hasChild="true" hasLink="false" hasActiveHyperLink="false"/><association refid="_2024x_2_65d022e_1749464784015_853749_8511" refElementId="_2024x_2_65d022e_1749464784015_853749_8511" humanType="Association" classType="Association" owner="_2024x_2_65d022e_1742058423554_738475_3323" ownerRefId="_2024x_2_65d022e_1742058423554_738475_3323" name="Association[Fkt. 3 manage passagierbezogene Informationen -> threatCondition-L1 AcFct 3: manage  passagierbezogene  Informationen Availability Impact:L1 AcFct 3: manage  passagierbezogene  Informationen Availability Impact]" isRelationship="true" icon="index_files/icon_association_1169510737.jpg" hasChild="true" hasLink="false" hasActiveHyperLink="false"/><association refid="_2024x_2_65d022e_1749464784017_75627_8516" refElementId="_2024x_2_65d022e_1749464784017_75627_8516" humanType="Association" classType="Association" owner="_2024x_2_65d022e_1742058423554_738475_3323" ownerRefId="_2024x_2_65d022e_1742058423554_738475_3323" name="Association[Fkt. 3 manage passagierbezogene Informationen -> threatCondition-L1 AcFct 3: manage  passagierbezogene  Informationen Confidentiality Impact:L1 AcFct 3: manage  passagierbezogene  Informationen Confidentiality Impact]" isRelationship="true" icon="index_files/icon_association_1169510737.jpg" hasChild="true" hasLink="false" hasActiveHyperLink="false"/><association refid="_2024x_2_65d022e_1749464784020_666325_8521" refElementId="_2024x_2_65d022e_1749464784020_666325_8521" humanType="Association" classType="Association" owner="_2024x_2_65d022e_1742058423554_738475_3323" ownerRefId="_2024x_2_65d022e_1742058423554_738475_3323" name="Association[Fkt. 3 manage passagierbezogene Informationen -> threatCondition-L1 AcFct 3: manage  passagierbezogene  Informationen Integrity Impact:L1 AcFct 3: manage  passagierbezogene  Informationen Integrity Impact]" isRelationship="true" icon="index_files/icon_association_1169510737.jpg" hasChild="true" hasLink="false" hasActiveHyperLink="false"/><association refid="_2024x_2_65d022e_1749464784022_865937_8526" refElementId="_2024x_2_65d022e_1749464784022_865937_8526" humanType="Association" classType="Association" owner="_2024x_2_65d022e_1742058423554_738475_3323" ownerRefId="_2024x_2_65d022e_1742058423554_738475_3323" name="Association[Fkt. 3 manage passagierbezogene Informationen -> threatCondition-L1 AcFct 3: manage  passagierbezogene  Informationen Privacy Impact:L1 AcFct 3: manage  passagierbezogene  Informationen Privacy Impact]" isRelationship="true" icon="index_files/icon_association_1169510737.jpg" hasChild="true" hasLink="false" hasActiveHyperLink="false"/><association refid="_2024x_2_65d022e_1749466327991_855700_8989" refElementId="_2024x_2_65d022e_1749466327991_855700_8989" humanType="Association" classType="Association" owner="_2024x_2_65d022e_1742058423554_738475_3323" ownerRefId="_2024x_2_65d022e_1742058423554_738475_3323" name="Association[Fkt. 9 liefere Flugzeugdaten -> attackPath-Manipulation personenbezogenen Verbrauchsdaten:Manipulation personenbezogenen Verbrauchsdaten]" isRelationship="true" icon="index_files/icon_association_1169510737.jpg" hasChild="true" hasLink="false" hasActiveHyperLink="false"/><association refid="_2024x_2_65d022e_1749464795304_355726_8531" refElementId="_2024x_2_65d022e_1749464795304_355726_8531" humanType="Association" classType="Association" owner="_2024x_2_65d022e_1742058423554_738475_3323" ownerRefId="_2024x_2_65d022e_1742058423554_738475_3323" name="Association[Fkt. 9 liefere Flugzeugdaten -> threatCondition-L1 AcFct 9: Liefere  Flugzeugdaten Accountability Impact:L1 AcFct 9: Liefere  Flugzeugdaten Accountability Impact]" isRelationship="true" icon="index_files/icon_association_1169510737.jpg" hasChild="true" hasLink="false" hasActiveHyperLink="false"/><association refid="_2024x_2_65d022e_1749464795306_677592_8536" refElementId="_2024x_2_65d022e_1749464795306_677592_8536" humanType="Association" classType="Association" owner="_2024x_2_65d022e_1742058423554_738475_3323" ownerRefId="_2024x_2_65d022e_1742058423554_738475_3323" name="Association[Fkt. 9 liefere Flugzeugdaten -> threatCondition-L1 AcFct 9: Liefere  Flugzeugdaten Availability Impact:L1 AcFct 9: Liefere  Flugzeugdaten Availability Impact]" isRelationship="true" icon="index_files/icon_association_1169510737.jpg" hasChild="true" hasLink="false" hasActiveHyperLink="false"/><association refid="_2024x_2_65d022e_1749464795308_996772_8541" refElementId="_2024x_2_65d022e_1749464795308_996772_8541" humanType="Association" classType="Association" owner="_2024x_2_65d022e_1742058423554_738475_3323" ownerRefId="_2024x_2_65d022e_1742058423554_738475_3323" name="Association[Fkt. 9 liefere Flugzeugdaten -> threatCondition-L1 AcFct 9: Liefere  Flugzeugdaten Confidentiality Impact:L1 AcFct 9: Liefere  Flugzeugdaten Confidentiality Impact]" isRelationship="true" icon="index_files/icon_association_1169510737.jpg" hasChild="true" hasLink="false" hasActiveHyperLink="false"/><association refid="_2024x_2_65d022e_1749464795310_201416_8546" refElementId="_2024x_2_65d022e_1749464795310_201416_8546" humanType="Association" classType="Association" owner="_2024x_2_65d022e_1742058423554_738475_3323" ownerRefId="_2024x_2_65d022e_1742058423554_738475_3323" name="Association[Fkt. 9 liefere Flugzeugdaten -> threatCondition-L1 AcFct 9: Liefere  Flugzeugdaten Integrity Impact:L1 AcFct 9: Liefere  Flugzeugdaten Integrity Impact]" isRelationship="true" icon="index_files/icon_association_1169510737.jpg" hasChild="true" hasLink="false" hasActiveHyperLink="false"/><association refid="_2024x_2_65d022e_1749464795312_200971_8551" refElementId="_2024x_2_65d022e_1749464795312_200971_8551" humanType="Association" classType="Association" owner="_2024x_2_65d022e_1742058423554_738475_3323" ownerRefId="_2024x_2_65d022e_1742058423554_738475_3323" name="Association[Fkt. 9 liefere Flugzeugdaten -> threatCondition-L1 AcFct 9: Liefere  Flugzeugdaten Privacy Impact:L1 AcFct 9: Liefere  Flugzeugdaten Privacy Impact]" isRelationship="true" icon="index_files/icon_association_1169510737.jpg" hasChild="true" hasLink="false" hasActiveHyperLink="false"/><association refid="_2024x_2_65d022e_1750826386951_805116_4263" refElementId="_2024x_2_65d022e_1750826386951_805116_4263" humanType="Association" classType="Association" owner="_2024x_2_65d022e_1742058423554_738475_3323" ownerRefId="_2024x_2_65d022e_1742058423554_738475_3323" name="Association[misuseCase:Bestellen von Speisen und Getränken am Passagiersitz mit Hilfe einer falschen Identität &lt;- Fkt. 3 manage passagierbezogene Informationen]" isRelationship="true" icon="index_files/icon_association_1169510737.jpg" hasChild="true" hasLink="false" hasActiveHyperLink="false"/><association refid="_2024x_2_65d022e_1750826266582_559219_4191" refElementId="_2024x_2_65d022e_1750826266582_559219_4191" humanType="Association" classType="Association" owner="_2024x_2_65d022e_1742058423554_738475_3323" ownerRefId="_2024x_2_65d022e_1742058423554_738475_3323" name="Association[threatSource:Bodenstation &lt;- Fkt. 3 manage passagierbezogene Informationen]" isRelationship="true" icon="index_files/icon_association_1169510737.jpg" hasChild="true" hasLink="false" hasActiveHyperLink="false"/><association refid="_2024x_2_65d022e_1750826270321_741839_4227" refElementId="_2024x_2_65d022e_1750826270321_741839_4227" humanType="Association" classType="Association" owner="_2024x_2_65d022e_1742058423554_738475_3323" ownerRefId="_2024x_2_65d022e_1742058423554_738475_3323" name="Association[vulnerability:unzurechender Schutz Passagierkontoinformationen &lt;- Fkt. 3 manage passagierbezogene Informationen]" isRelationship="true" icon="index_files/icon_association_1169510737.jpg" hasChild="true" hasLink="false" hasActiveHyperLink="false"/><dependency refid="_2024x_2_65d022e_1749477135443_279205_9009" refElementId="_2024x_2_65d022e_1749477135443_279205_9009" humanType="Dependency" classType="Dependency" owner="_2024x_2_65d022e_1742058423554_738475_3323" ownerRefId="_2024x_2_65d022e_1742058423554_738475_3323" name="Dependency[Fkt. 1 liefere ein human machine interface (HMI) für den Passagier -> SR-FKT1-0001]" isRelationship="true" icon="index_files/icon_dependency_1470843699.jpg" hasLink="false" hasActiveHyperLink="false"/><dependency refid="_2024x_2_65d022e_1749477142373_122992_9010" refElementId="_2024x_2_65d022e_1749477142373_122992_9010" humanType="Dependency" classType="Dependency" owner="_2024x_2_65d022e_1742058423554_738475_3323" ownerRefId="_2024x_2_65d022e_1742058423554_738475_3323" name="Dependency[Fkt. 3 manage passagierbezogene Informationen -> SR-FKT3-0001]" isRelationship="true" icon="index_files/icon_dependency_1470843699.jpg" hasLink="false" hasActiveHyperLink="false"/><dependency refid="_2024x_2_65d022e_1749477152023_845422_9011" refElementId="_2024x_2_65d022e_1749477152023_845422_9011" humanType="Dependency" classType="Dependency" owner="_2024x_2_65d022e_1742058423554_738475_3323" ownerRefId="_2024x_2_65d022e_1742058423554_738475_3323" name="Dependency[Fkt. 9 liefere Flugzeugdaten -> SR-FKT9-0001]" isRelationship="true" icon="index_files/icon_dependency_1470843699.jpg" hasLink="false" hasActiveHyperLink="false"/></ownedElement></package>