<?xml version='1.0' encoding='UTF-8'?><threatscenario refid="_2024x_2_1b700d9_1722873073358_934432_3292" refElementId="_2024x_2_1b700d9_1722873073358_934432_3292" humanType="ThreatScenario" classType="Class" owner="_2024x_2_156c03bb_1720472191512_597856_2850" ownerRefId="_2024x_2_156c03bb_1720472191512_597856_2850" name="AbstractThreatScenario" hasChild="true" hasLink="false" hasActiveHyperLink="false"><ownedElement><referenceproperty refid="_2024x_2_1b700d9_1722873423302_804695_3379" refElementId="_2024x_2_1b700d9_1722873423302_804695_3379" humanType="Reference Property" classType="Property" owner="_2024x_2_1b700d9_1722873073358_934432_3292" ownerRefId="_2024x_2_1b700d9_1722873073358_934432_3292" name="vulnerability : Vulnerability [0..1]" icon="index_files/icon_referenceproperty_2075171238.jpg" hasLink="false" hasActiveHyperLink="false"/><referenceproperty refid="_2024x_2_1b700d9_1722876946977_546784_3147" refElementId="_2024x_2_1b700d9_1722876946977_546784_3147" humanType="Reference Property" classType="Property" owner="_2024x_2_1b700d9_1722873073358_934432_3292" ownerRefId="_2024x_2_1b700d9_1722873073358_934432_3292" name="attackPath : AbstractAttackPath [0..*]" icon="index_files/icon_referenceproperty_2075171238.jpg" hasLink="false" hasActiveHyperLink="false"/><referenceproperty refid="_2024x_2_1b700d9_1722876994601_229938_3151" refElementId="_2024x_2_1b700d9_1722876994601_229938_3151" humanType="Reference Property" classType="Property" owner="_2024x_2_1b700d9_1722873073358_934432_3292" ownerRefId="_2024x_2_1b700d9_1722873073358_934432_3292" name="misuseCase : AbstractMisuseCase [0..1]" icon="index_files/icon_referenceproperty_2075171238.jpg" hasLink="false" hasActiveHyperLink="false"/><referenceproperty refid="_2024x_2_1b700d9_1722877032075_121580_3155" refElementId="_2024x_2_1b700d9_1722877032075_121580_3155" humanType="Reference Property" classType="Property" owner="_2024x_2_1b700d9_1722873073358_934432_3292" ownerRefId="_2024x_2_1b700d9_1722873073358_934432_3292" name="threatCondition : AbstractThreatCondition [0..*]" icon="index_files/icon_referenceproperty_2075171238.jpg" hasLink="false" hasActiveHyperLink="false"/><referenceproperty refid="_2024x_3_156c03bb_1731473436560_85114_3085" refElementId="_2024x_3_156c03bb_1731473436560_85114_3085" humanType="Reference Property" classType="Property" owner="_2024x_2_1b700d9_1722873073358_934432_3292" ownerRefId="_2024x_2_1b700d9_1722873073358_934432_3292" name="threatSource : Class [0..1]" icon="index_files/icon_referenceproperty_2075171238.jpg" hasLink="false" hasActiveHyperLink="false"/><property refid="_2024x_3_1b700d9_1733158195763_975724_3175" refElementId="_2024x_3_1b700d9_1733158195763_975724_3175" humanType="Property" classType="Property" owner="_2024x_2_1b700d9_1722873073358_934432_3292" ownerRefId="_2024x_2_1b700d9_1722873073358_934432_3292" name="localImpact : EnumerationLiteral [0..1]" icon="index_files/icon_property_514738438.jpg" hasLink="false" hasActiveHyperLink="false"/><generalization refid="_2024x_2_1b700d9_1722879072141_966682_3438" refElementId="_2024x_2_1b700d9_1722879072141_966682_3438" humanType="Generalization" classType="Generalization" owner="_2024x_2_1b700d9_1722873073358_934432_3292" ownerRefId="_2024x_2_1b700d9_1722873073358_934432_3292" name="Generalization[AbstractThreatScenario -> AbstractEvent]" isRelationship="true" icon="index_files/icon_generalization_467937204.jpg" hasLink="false" hasActiveHyperLink="false"/><generalization refid="_2024x_2_1b700d9_1722879075140_740010_3441" refElementId="_2024x_2_1b700d9_1722879075140_740010_3441" humanType="Generalization" classType="Generalization" owner="_2024x_2_1b700d9_1722873073358_934432_3292" ownerRefId="_2024x_2_1b700d9_1722873073358_934432_3292" name="Generalization[AbstractThreatScenario -> Scenario]" isRelationship="true" icon="index_files/icon_generalization_467937204.jpg" hasLink="false" hasActiveHyperLink="false"/></ownedElement></threatscenario>