<?xml version='1.0' encoding='UTF-8'?><package refid="_2024x_2_65d022e_1742058423556_980844_3344" refElementId="_2024x_2_65d022e_1742058423556_980844_3344" humanType="Package" classType="Package" owner="_2024x_2_65d022e_1742058423556_374087_3340" ownerRefId="_2024x_2_65d022e_1742058423556_374087_3340" name="01 - Post-Threat Scenarios" hasChild="true" hasLink="false" hasActiveHyperLink="false"><ownedElement><diagram refid="_2024x_2_65d022e_1751128653095_467119_3743" refElementId="_2024x_2_65d022e_1751128653095_467119_3743" humanType="Diagram" classType="Diagram" diagramType="sysmlblockdefinitiondiagram" owner="_2024x_2_65d022e_1742058423556_980844_3344" ownerRefId="_2024x_2_65d022e_1742058423556_980844_3344" name="01 - Post-Threat Scenarios" icon="index_files/icon_SysML Block Definition Diagram_731139631.jpg" hasLink="false" hasActiveHyperLink="false"/><diagram refid="_2024x_2_65d022e_1742058423553_487275_3313" refElementId="_2024x_2_65d022e_1742058423553_487275_3313" humanType="Diagram" classType="Diagram" diagramType="sysml4secthreatscenariotable" owner="_2024x_2_65d022e_1742058423556_980844_3344" ownerRefId="_2024x_2_65d022e_1742058423556_980844_3344" name="01 - Post-Threat Scenarios" icon="index_files/icon_SysML4Sec Threat Scenario Table_793278690.jpg" hasLink="false" hasActiveHyperLink="false"/><threatscenario refid="_2024x_2_65d022e_1749477226077_648128_9012" refElementId="_2024x_2_65d022e_1749477226077_648128_9012" humanType="ThreatScenario" classType="Class" owner="_2024x_2_65d022e_1742058423556_980844_3344" ownerRefId="_2024x_2_65d022e_1742058423556_980844_3344" name="Post TS-1 Fkt. 1 liefere ein human machine interface (HMI) für den Passagier" icon="index_files/icon_threatscenario_168288208.jpg" hasChild="true" hasLink="false" hasActiveHyperLink="false"/><threatscenario refid="_2024x_2_65d022e_1749477328322_652129_9016" refElementId="_2024x_2_65d022e_1749477328322_652129_9016" humanType="ThreatScenario" classType="Class" owner="_2024x_2_65d022e_1742058423556_980844_3344" ownerRefId="_2024x_2_65d022e_1742058423556_980844_3344" name="Post TS-2 Fkt. 3 Fkt. 3 manage passagierbezogene Informationen" icon="index_files/icon_threatscenario_1034586027.jpg" hasChild="true" hasLink="false" hasActiveHyperLink="false"/><threatscenario refid="_2024x_2_65d022e_1749477345821_263016_9020" refElementId="_2024x_2_65d022e_1749477345821_263016_9020" humanType="ThreatScenario" classType="Class" owner="_2024x_2_65d022e_1742058423556_980844_3344" ownerRefId="_2024x_2_65d022e_1742058423556_980844_3344" name="Post TS-3 Fkt. 9 liefere Flugzeugdaten" icon="index_files/icon_threatscenario_168288208.jpg" hasChild="true" hasLink="false" hasActiveHyperLink="false"/><abstraction refid="_2024x_2_65d022e_1749477226078_810810_9014" refElementId="_2024x_2_65d022e_1749477226078_810810_9014" humanType="Abstraction" classType="Abstraction" owner="_2024x_2_65d022e_1742058423556_980844_3344" ownerRefId="_2024x_2_65d022e_1742058423556_980844_3344" name="Abstraction[Post TS-1 Fkt. 1 liefere ein human machine interface (HMI) für den Passagier -> Fkt. 1 liefere ein human machine interface (HMI) für den Passagier]" isRelationship="true" icon="index_files/icon_abstraction_1490523257.jpg" hasLink="false" hasActiveHyperLink="false"/><abstraction refid="_2024x_2_65d022e_1749477328323_339571_9018" refElementId="_2024x_2_65d022e_1749477328323_339571_9018" humanType="Abstraction" classType="Abstraction" owner="_2024x_2_65d022e_1742058423556_980844_3344" ownerRefId="_2024x_2_65d022e_1742058423556_980844_3344" name="Abstraction[Post TS-2 Fkt. 3 Fkt. 3 manage passagierbezogene Informationen -> Fkt. 3 manage passagierbezogene Informationen]" isRelationship="true" icon="index_files/icon_abstraction_1490523257.jpg" hasLink="false" hasActiveHyperLink="false"/><abstraction refid="_2024x_2_65d022e_1751181502743_22286_3915" refElementId="_2024x_2_65d022e_1751181502743_22286_3915" humanType="Abstraction" classType="Abstraction" owner="_2024x_2_65d022e_1742058423556_980844_3344" ownerRefId="_2024x_2_65d022e_1742058423556_980844_3344" name="Abstraction[Post TS-2 Fkt. 3 Fkt. 3 manage passagierbezogene Informationen -> SecFKT3.1 (SM3.1): liefere Zugriffskontrolle]" isRelationship="true" icon="index_files/icon_abstraction_1490523257.jpg" hasLink="false" hasActiveHyperLink="false"/><abstraction refid="_2024x_2_65d022e_1751181571193_259322_3924" refElementId="_2024x_2_65d022e_1751181571193_259322_3924" humanType="Abstraction" classType="Abstraction" owner="_2024x_2_65d022e_1742058423556_980844_3344" ownerRefId="_2024x_2_65d022e_1742058423556_980844_3344" name="Abstraction[Post TS-2 Fkt. 3 Fkt. 3 manage passagierbezogene Informationen -> SecFKT3.2 (SM3.2): überprüfe Integrität]" isRelationship="true" icon="index_files/icon_abstraction_1490523257.jpg" hasLink="false" hasActiveHyperLink="false"/><abstraction refid="_2024x_2_65d022e_1751181574426_653156_3933" refElementId="_2024x_2_65d022e_1751181574426_653156_3933" humanType="Abstraction" classType="Abstraction" owner="_2024x_2_65d022e_1742058423556_980844_3344" ownerRefId="_2024x_2_65d022e_1742058423556_980844_3344" name="Abstraction[Post TS-2 Fkt. 3 Fkt. 3 manage passagierbezogene Informationen -> SecFKT3.3 (SM3.3): liefere Daten Ver- &amp; Entschlüsselung]" isRelationship="true" icon="index_files/icon_abstraction_1490523257.jpg" hasLink="false" hasActiveHyperLink="false"/><abstraction refid="_2024x_2_65d022e_1751181577515_324377_3942" refElementId="_2024x_2_65d022e_1751181577515_324377_3942" humanType="Abstraction" classType="Abstraction" owner="_2024x_2_65d022e_1742058423556_980844_3344" ownerRefId="_2024x_2_65d022e_1742058423556_980844_3344" name="Abstraction[Post TS-2 Fkt. 3 Fkt. 3 manage passagierbezogene Informationen -> SecFKT3.4 (SM3.4): validiere Input]" isRelationship="true" icon="index_files/icon_abstraction_1490523257.jpg" hasLink="false" hasActiveHyperLink="false"/><abstraction refid="_2024x_2_65d022e_1749477345822_95720_9022" refElementId="_2024x_2_65d022e_1749477345822_95720_9022" humanType="Abstraction" classType="Abstraction" owner="_2024x_2_65d022e_1742058423556_980844_3344" ownerRefId="_2024x_2_65d022e_1742058423556_980844_3344" name="Abstraction[Post TS-3 Fkt. 9 liefere Flugzeugdaten -> Fkt. 9 liefere Flugzeugdaten]" isRelationship="true" icon="index_files/icon_abstraction_1490523257.jpg" hasLink="false" hasActiveHyperLink="false"/><association refid="_2024x_2_65d022e_1749479948968_837859_9661" refElementId="_2024x_2_65d022e_1749479948968_837859_9661" humanType="Association" classType="Association" owner="_2024x_2_65d022e_1742058423556_980844_3344" ownerRefId="_2024x_2_65d022e_1742058423556_980844_3344" name="Association[Post TS-2 Fkt. 3 Fkt. 3 manage passagierbezogene Informationen -> attackPath-Post AP-2 Mitigated:Post AP-2 Mitigated]" isRelationship="true" icon="index_files/icon_association_1169510737.jpg" hasChild="true" hasLink="false" hasActiveHyperLink="false"/><dependency refid="_2024x_2_65d022e_1749481446963_237159_9715" refElementId="_2024x_2_65d022e_1749481446963_237159_9715" humanType="Dependency" classType="Dependency" owner="_2024x_2_65d022e_1742058423556_980844_3344" ownerRefId="_2024x_2_65d022e_1742058423556_980844_3344" name="Dependency[Post TS-1 Fkt. 1 liefere ein human machine interface (HMI) für den Passagier -> SR-FKT1-0001]" isRelationship="true" icon="index_files/icon_dependency_1470843699.jpg" hasLink="false" hasActiveHyperLink="false"/><dependency refid="_2024x_2_65d022e_1749481452893_403618_9716" refElementId="_2024x_2_65d022e_1749481452893_403618_9716" humanType="Dependency" classType="Dependency" owner="_2024x_2_65d022e_1742058423556_980844_3344" ownerRefId="_2024x_2_65d022e_1742058423556_980844_3344" name="Dependency[Post TS-2 Fkt. 3 Fkt. 3 manage passagierbezogene Informationen -> SR-FKT3-0001]" isRelationship="true" icon="index_files/icon_dependency_1470843699.jpg" hasLink="false" hasActiveHyperLink="false"/><dependency refid="_2024x_2_65d022e_1749481459526_530567_9717" refElementId="_2024x_2_65d022e_1749481459526_530567_9717" humanType="Dependency" classType="Dependency" owner="_2024x_2_65d022e_1742058423556_980844_3344" ownerRefId="_2024x_2_65d022e_1742058423556_980844_3344" name="Dependency[Post TS-3 Fkt. 9 liefere Flugzeugdaten -> SR-FKT9-0001]" isRelationship="true" icon="index_files/icon_dependency_1470843699.jpg" hasLink="false" hasActiveHyperLink="false"/><securitymeasuremitigation refid="_2024x_2_65d022e_1749564874146_435680_9729" refElementId="_2024x_2_65d022e_1749564874146_435680_9729" humanType="SecurityMeasureMitigation" classType="Dependency" owner="_2024x_2_65d022e_1742058423556_980844_3344" ownerRefId="_2024x_2_65d022e_1742058423556_980844_3344" name="SecurityMeasureMitigation[Post TS-2 Fkt. 3 Fkt. 3 manage passagierbezogene Informationen -> Kenntnis des proprietären Kommunikationsprotokolls]" isRelationship="true" icon="index_files/icon_securitymeasuremitigation_1470843699.jpg" hasLink="false" hasActiveHyperLink="false"/><securitymeasuremitigation refid="_2024x_2_65d022e_1749564860344_59061_9720" refElementId="_2024x_2_65d022e_1749564860344_59061_9720" humanType="SecurityMeasureMitigation" classType="Dependency" owner="_2024x_2_65d022e_1742058423556_980844_3344" ownerRefId="_2024x_2_65d022e_1742058423556_980844_3344" name="SecurityMeasureMitigation[Post TS-2 Fkt. 3 Fkt. 3 manage passagierbezogene Informationen -> L3 SecFct 3.1: liefere Zugangskontrolle ]" isRelationship="true" icon="index_files/icon_securitymeasuremitigation_1470843699.jpg" hasLink="false" hasActiveHyperLink="false"/><securitymeasuremitigation refid="_2024x_2_65d022e_1749564860350_324663_9723" refElementId="_2024x_2_65d022e_1749564860350_324663_9723" humanType="SecurityMeasureMitigation" classType="Dependency" owner="_2024x_2_65d022e_1742058423556_980844_3344" ownerRefId="_2024x_2_65d022e_1742058423556_980844_3344" name="SecurityMeasureMitigation[Post TS-2 Fkt. 3 Fkt. 3 manage passagierbezogene Informationen -> L3 SecFct 3.1: liefere Zugangskontrolle ]" isRelationship="true" icon="index_files/icon_securitymeasuremitigation_1470843699.jpg" hasLink="false" hasActiveHyperLink="false"/><securitymeasuremitigation refid="_2024x_2_65d022e_1749564860354_222240_9725" refElementId="_2024x_2_65d022e_1749564860354_222240_9725" humanType="SecurityMeasureMitigation" classType="Dependency" owner="_2024x_2_65d022e_1742058423556_980844_3344" ownerRefId="_2024x_2_65d022e_1742058423556_980844_3344" name="SecurityMeasureMitigation[Post TS-2 Fkt. 3 Fkt. 3 manage passagierbezogene Informationen -> L3 SecFct 3.1: liefere Zugangskontrolle ]" isRelationship="true" icon="index_files/icon_securitymeasuremitigation_1470843699.jpg" hasLink="false" hasActiveHyperLink="false"/><securitymeasuremitigation refid="_2024x_2_65d022e_1749564860362_292332_9728" refElementId="_2024x_2_65d022e_1749564860362_292332_9728" humanType="SecurityMeasureMitigation" classType="Dependency" owner="_2024x_2_65d022e_1742058423556_980844_3344" ownerRefId="_2024x_2_65d022e_1742058423556_980844_3344" name="SecurityMeasureMitigation[Post TS-2 Fkt. 3 Fkt. 3 manage passagierbezogene Informationen -> L3 SecFct 3.1: liefere Zugangskontrolle ]" isRelationship="true" icon="index_files/icon_securitymeasuremitigation_1470843699.jpg" hasLink="false" hasActiveHyperLink="false"/><securitymeasuremitigation refid="_2024x_2_65d022e_1749564860357_330339_9726" refElementId="_2024x_2_65d022e_1749564860357_330339_9726" humanType="SecurityMeasureMitigation" classType="Dependency" owner="_2024x_2_65d022e_1742058423556_980844_3344" ownerRefId="_2024x_2_65d022e_1742058423556_980844_3344" name="SecurityMeasureMitigation[Post TS-2 Fkt. 3 Fkt. 3 manage passagierbezogene Informationen -> L3 SecFct 3.2: überprüfe Integrität]" isRelationship="true" icon="index_files/icon_securitymeasuremitigation_1470843699.jpg" hasLink="false" hasActiveHyperLink="false"/><securitymeasuremitigation refid="_2024x_2_65d022e_1749564860314_359796_9718" refElementId="_2024x_2_65d022e_1749564860314_359796_9718" humanType="SecurityMeasureMitigation" classType="Dependency" owner="_2024x_2_65d022e_1742058423556_980844_3344" ownerRefId="_2024x_2_65d022e_1742058423556_980844_3344" name="SecurityMeasureMitigation[Post TS-2 Fkt. 3 Fkt. 3 manage passagierbezogene Informationen -> L3 SecFct 3.3: liefere Daten Ver- und Entschlüsselung]" isRelationship="true" icon="index_files/icon_securitymeasuremitigation_1470843699.jpg" hasLink="false" hasActiveHyperLink="false"/><securitymeasuremitigation refid="_2024x_2_65d022e_1749564860346_608891_9721" refElementId="_2024x_2_65d022e_1749564860346_608891_9721" humanType="SecurityMeasureMitigation" classType="Dependency" owner="_2024x_2_65d022e_1742058423556_980844_3344" ownerRefId="_2024x_2_65d022e_1742058423556_980844_3344" name="SecurityMeasureMitigation[Post TS-2 Fkt. 3 Fkt. 3 manage passagierbezogene Informationen -> L3 SecFct 3.3: liefere Daten Ver- und Entschlüsselung]" isRelationship="true" icon="index_files/icon_securitymeasuremitigation_1470843699.jpg" hasLink="false" hasActiveHyperLink="false"/><securitymeasuremitigation refid="_2024x_2_65d022e_1749564860359_564508_9727" refElementId="_2024x_2_65d022e_1749564860359_564508_9727" humanType="SecurityMeasureMitigation" classType="Dependency" owner="_2024x_2_65d022e_1742058423556_980844_3344" ownerRefId="_2024x_2_65d022e_1742058423556_980844_3344" name="SecurityMeasureMitigation[Post TS-2 Fkt. 3 Fkt. 3 manage passagierbezogene Informationen -> L3 SecFct 3.3: liefere Daten Ver- und Entschlüsselung]" isRelationship="true" icon="index_files/icon_securitymeasuremitigation_1470843699.jpg" hasLink="false" hasActiveHyperLink="false"/><securitymeasuremitigation refid="_2024x_2_65d022e_1749564860341_260051_9719" refElementId="_2024x_2_65d022e_1749564860341_260051_9719" humanType="SecurityMeasureMitigation" classType="Dependency" owner="_2024x_2_65d022e_1742058423556_980844_3344" ownerRefId="_2024x_2_65d022e_1742058423556_980844_3344" name="SecurityMeasureMitigation[Post TS-2 Fkt. 3 Fkt. 3 manage passagierbezogene Informationen -> L3 SecFct 3.4: validiere Input]" isRelationship="true" icon="index_files/icon_securitymeasuremitigation_1470843699.jpg" hasLink="false" hasActiveHyperLink="false"/><securitymeasuremitigation refid="_2024x_2_65d022e_1749564860347_96039_9722" refElementId="_2024x_2_65d022e_1749564860347_96039_9722" humanType="SecurityMeasureMitigation" classType="Dependency" owner="_2024x_2_65d022e_1742058423556_980844_3344" ownerRefId="_2024x_2_65d022e_1742058423556_980844_3344" name="SecurityMeasureMitigation[Post TS-2 Fkt. 3 Fkt. 3 manage passagierbezogene Informationen -> L3 SecFct 3.4: validiere Input]" isRelationship="true" icon="index_files/icon_securitymeasuremitigation_1470843699.jpg" hasLink="false" hasActiveHyperLink="false"/><securitymeasuremitigation refid="_2024x_2_65d022e_1749564860352_577722_9724" refElementId="_2024x_2_65d022e_1749564860352_577722_9724" humanType="SecurityMeasureMitigation" classType="Dependency" owner="_2024x_2_65d022e_1742058423556_980844_3344" ownerRefId="_2024x_2_65d022e_1742058423556_980844_3344" name="SecurityMeasureMitigation[Post TS-2 Fkt. 3 Fkt. 3 manage passagierbezogene Informationen -> L3 SecFct 3.4: validiere Input]" isRelationship="true" icon="index_files/icon_securitymeasuremitigation_1470843699.jpg" hasLink="false" hasActiveHyperLink="false"/></ownedElement></package>