<?xml version='1.0' encoding='UTF-8'?><package refid="_2024x_2_65d022e_1742491320102_279530_45" refElementId="_2024x_2_65d022e_1742491320102_279530_45" humanType="Package" classType="Package" owner="_2024x_2_65d022e_1742060189000_770295_43" ownerRefId="_2024x_2_65d022e_1742060189000_770295_43" name="03 L3 System Level" hasChild="true" hasLink="false" hasActiveHyperLink="false"><ownedElement><package refid="_2024x_2_65d022e_1748924174110_526447_13" refElementId="_2024x_2_65d022e_1748924174110_526447_13" humanType="Package" classType="Package" owner="_2024x_2_65d022e_1742491320102_279530_45" ownerRefId="_2024x_2_65d022e_1742491320102_279530_45" name="01 System Level Functions" icon="index_files/icon_package_1954448985.jpg" hasChild="true" hasLink="false" hasActiveHyperLink="false"/><package refid="_2024x_2_65d022e_1748924203385_568092_14" refElementId="_2024x_2_65d022e_1748924203385_568092_14" humanType="Package" classType="Package" owner="_2024x_2_65d022e_1742491320102_279530_45" ownerRefId="_2024x_2_65d022e_1742491320102_279530_45" name="02 System Level Interface Flows" icon="index_files/icon_package_1954448985.jpg" hasChild="true" hasLink="false" hasActiveHyperLink="false"/><package refid="_2024x_2_65d022e_1748939323662_803465_62" refElementId="_2024x_2_65d022e_1748939323662_803465_62" humanType="Package" classType="Package" owner="_2024x_2_65d022e_1742491320102_279530_45" ownerRefId="_2024x_2_65d022e_1742491320102_279530_45" name="03 System Level Logical Items" icon="index_files/icon_package_1954448985.jpg" hasChild="true" hasLink="false" hasActiveHyperLink="false"/><package refid="_2024x_2_65d022e_1748939260286_701261_61" refElementId="_2024x_2_65d022e_1748939260286_701261_61" humanType="Package" classType="Package" owner="_2024x_2_65d022e_1742491320102_279530_45" ownerRefId="_2024x_2_65d022e_1742491320102_279530_45" name="04 System Level Security Functions" icon="index_files/icon_package_1954448985.jpg" hasChild="true" hasLink="false" hasActiveHyperLink="false"/><block refid="_2024x_2_65d022e_1748935393766_563773_25" refElementId="_2024x_2_65d022e_1748935393766_563773_25" humanType="Block" classType="Class" owner="_2024x_2_65d022e_1742491320102_279530_45" ownerRefId="_2024x_2_65d022e_1742491320102_279530_45" name="System Level horizontal functional architecture" icon="index_files/icon_block_1003246410.jpg" hasChild="true" hasLink="true" hasActiveHyperLink="false"/><block refid="_2024x_2_65d022e_1748935577941_779639_26" refElementId="_2024x_2_65d022e_1748935577941_779639_26" humanType="Block" classType="Class" owner="_2024x_2_65d022e_1742491320102_279530_45" ownerRefId="_2024x_2_65d022e_1742491320102_279530_45" name="System Level logical architecture" icon="index_files/icon_block_1003246410.jpg" hasChild="true" hasLink="false" hasActiveHyperLink="false"/><block refid="_2024x_2_65d022e_1748935359827_951282_24" refElementId="_2024x_2_65d022e_1748935359827_951282_24" humanType="Block" classType="Class" owner="_2024x_2_65d022e_1742491320102_279530_45" ownerRefId="_2024x_2_65d022e_1742491320102_279530_45" name="System Level vertical functional architecture" icon="index_files/icon_block_1003246410.jpg" hasChild="true" hasLink="true" hasActiveHyperLink="false"/><association refid="_2024x_2_65d022e_1748948230189_787416_659" refElementId="_2024x_2_65d022e_1748948230189_787416_659" humanType="Association" classType="Association" owner="_2024x_2_65d022e_1742491320102_279530_45" ownerRefId="_2024x_2_65d022e_1742491320102_279530_45" name="Association[System Level horizontal functional architecture -> L3 SysFct 3: manage passagierbezogene Informationen ]" isRelationship="true" icon="index_files/icon_association_1164290114.jpg" hasChild="true" hasLink="false" hasActiveHyperLink="false"/></ownedElement></package>