<?xml version='1.0' encoding='UTF-8'?><package refid="_2024x_2_156c03bb_1720472179846_246262_2849" refElementId="_2024x_2_156c03bb_1720472179846_246262_2849" humanType="Package" classType="Package" owner="_2024x_2_156c03bb_1720472029083_848928_1323" ownerRefId="_2024x_2_156c03bb_1720472029083_848928_1323" name="SysML4Sec Profile" hasChild="true" hasLink="false" hasActiveHyperLink="false"><ownedElement><diagram refid="_2024x_2_156c03bb_1720686614692_384380_3283" refElementId="_2024x_2_156c03bb_1720686614692_384380_3283" humanType="Diagram" classType="Diagram" diagramType="profilediagram" owner="_2024x_2_156c03bb_1720472179846_246262_2849" ownerRefId="_2024x_2_156c03bb_1720472179846_246262_2849" name="SysML4Sec Profile - L1 - Solution" icon="index_files/icon_Profile Diagram_1212581766.jpg" hasLink="false" hasActiveHyperLink="false"/><diagram refid="_2024x_2_1b700d9_1722870173107_785872_3370" refElementId="_2024x_2_1b700d9_1722870173107_785872_3370" humanType="Diagram" classType="Diagram" diagramType="profilediagram" owner="_2024x_2_156c03bb_1720472179846_246262_2849" ownerRefId="_2024x_2_156c03bb_1720472179846_246262_2849" name="SysML4Sec Profile - L2 - Multi-System" icon="index_files/icon_Profile Diagram_1212581766.jpg" hasLink="false" hasActiveHyperLink="false"/><diagram refid="_2024x_3_1b700d9_1727099085578_653888_3507" refElementId="_2024x_3_1b700d9_1727099085578_653888_3507" humanType="Diagram" classType="Diagram" diagramType="profilediagram" owner="_2024x_2_156c03bb_1720472179846_246262_2849" ownerRefId="_2024x_2_156c03bb_1720472179846_246262_2849" name="SysML4Sec Profile - L3 - System" icon="index_files/icon_Profile Diagram_1212581766.jpg" hasLink="false" hasActiveHyperLink="false"/><diagram refid="_2024x_3_1b700d9_1733757173013_347127_3210" refElementId="_2024x_3_1b700d9_1733757173013_347127_3210" humanType="Diagram" classType="Diagram" diagramType="profilediagram" owner="_2024x_2_156c03bb_1720472179846_246262_2849" ownerRefId="_2024x_2_156c03bb_1720472179846_246262_2849" name="SysML4Sec Profile - Packages" icon="index_files/icon_Profile Diagram_1212581766.jpg" hasLink="false" hasActiveHyperLink="false"/><customization refid="_2024x_2_1b700d9_1723118660826_18161_3385" refElementId="_2024x_2_1b700d9_1723118660826_18161_3385" humanType="Customization" classType="Class" owner="_2024x_2_156c03bb_1720472179846_246262_2849" ownerRefId="_2024x_2_156c03bb_1720472179846_246262_2849" name="AttackPathCustomization" icon="index_files/icon_customization_131656998.jpg" hasChild="true" hasLink="false" hasActiveHyperLink="false"/><customization refid="_2024x_2_1b700d9_1721749371887_281978_2960" refElementId="_2024x_2_1b700d9_1721749371887_281978_2960" humanType="Customization" classType="Class" owner="_2024x_2_156c03bb_1720472179846_246262_2849" ownerRefId="_2024x_2_156c03bb_1720472179846_246262_2849" name="LossOfSecurityAttributeCustomization" icon="index_files/icon_customization_131656998.jpg" hasChild="true" hasLink="false" hasActiveHyperLink="false"/><customization refid="_2024x_2_1b700d9_1722870414762_37320_3492" refElementId="_2024x_2_1b700d9_1722870414762_37320_3492" humanType="Customization" classType="Class" owner="_2024x_2_156c03bb_1720472179846_246262_2849" ownerRefId="_2024x_2_156c03bb_1720472179846_246262_2849" name="MisuseCaseCustomization" icon="index_files/icon_customization_131656998.jpg" hasChild="true" hasLink="false" hasActiveHyperLink="false"/><customization refid="_2024x_2_156c03bb_1720691113186_806587_3626" refElementId="_2024x_2_156c03bb_1720691113186_806587_3626" humanType="Customization" classType="Class" owner="_2024x_2_156c03bb_1720472179846_246262_2849" ownerRefId="_2024x_2_156c03bb_1720472179846_246262_2849" name="SecurityImpactCustomization" icon="index_files/icon_customization_131656998.jpg" hasLink="false" hasActiveHyperLink="false"/><customization refid="_2024x_3_1b700d9_1732553314352_186890_3109" refElementId="_2024x_3_1b700d9_1732553314352_186890_3109" humanType="Customization" classType="Class" owner="_2024x_2_156c03bb_1720472179846_246262_2849" ownerRefId="_2024x_2_156c03bb_1720472179846_246262_2849" name="SecurityMeasureMitigationCustomization" icon="index_files/icon_customization_131656998.jpg" hasLink="false" hasActiveHyperLink="false"/><customization refid="_2024x_2_1b700d9_1721833101993_117074_2934" refElementId="_2024x_2_1b700d9_1721833101993_117074_2934" humanType="Customization" classType="Class" owner="_2024x_2_156c03bb_1720472179846_246262_2849" ownerRefId="_2024x_2_156c03bb_1720472179846_246262_2849" name="ThreatConditionCustomization" icon="index_files/icon_customization_131656998.jpg" hasChild="true" hasLink="false" hasActiveHyperLink="false"/><customization refid="_2024x_2_1b700d9_1722872967884_367540_3266" refElementId="_2024x_2_1b700d9_1722872967884_367540_3266" humanType="Customization" classType="Class" owner="_2024x_2_156c03bb_1720472179846_246262_2849" ownerRefId="_2024x_2_156c03bb_1720472179846_246262_2849" name="ThreatScenarioCustomization" icon="index_files/icon_customization_131656998.jpg" hasChild="true" hasLink="false" hasActiveHyperLink="false"/><customization refid="_2024x_3_1b700d9_1733138348858_249889_3346" refElementId="_2024x_3_1b700d9_1733138348858_249889_3346" humanType="Customization" classType="Class" owner="_2024x_2_156c03bb_1720472179846_246262_2849" ownerRefId="_2024x_2_156c03bb_1720472179846_246262_2849" name="ThreatSourceCustomization" icon="index_files/icon_customization_131656998.jpg" hasLink="false" hasActiveHyperLink="false"/><valuetype refid="_2024x_3_1b700d9_1727105309810_209348_3607" refElementId="_2024x_3_1b700d9_1727105309810_209348_3607" humanType="Value Type" classType="Enumeration" owner="_2024x_2_156c03bb_1720472179846_246262_2849" ownerRefId="_2024x_2_156c03bb_1720472179846_246262_2849" name="EffectCriterion" icon="index_files/icon_valuetype_1479631374.jpg" hasChild="true" hasLink="false" hasActiveHyperLink="false"/><valuetype refid="_2024x_3_1b700d9_1727100076269_553963_3567" refElementId="_2024x_3_1b700d9_1727100076269_553963_3567" humanType="Value Type" classType="Enumeration" owner="_2024x_2_156c03bb_1720472179846_246262_2849" ownerRefId="_2024x_2_156c03bb_1720472179846_246262_2849" name="EvaluationCriterion" icon="index_files/icon_valuetype_1479631374.jpg" hasChild="true" hasLink="false" hasActiveHyperLink="false"/><valuetype refid="_2024x_3_1b700d9_1733158475074_42579_3202" refElementId="_2024x_3_1b700d9_1733158475074_42579_3202" humanType="Value Type" classType="Enumeration" owner="_2024x_2_156c03bb_1720472179846_246262_2849" ownerRefId="_2024x_2_156c03bb_1720472179846_246262_2849" name="RiskEvaluationMethod" icon="index_files/icon_valuetype_1479631374.jpg" hasChild="true" hasLink="false" hasActiveHyperLink="false"/><valuetype refid="_2024x_3_156c03bb_1731489816505_419325_3436" refElementId="_2024x_3_156c03bb_1731489816505_419325_3436" humanType="Value Type" classType="Enumeration" owner="_2024x_2_156c03bb_1720472179846_246262_2849" ownerRefId="_2024x_2_156c03bb_1720472179846_246262_2849" name="ThreatSourceType" icon="index_files/icon_valuetype_1479631374.jpg" hasChild="true" hasLink="false" hasActiveHyperLink="false"/><stereotype refid="_2024x_2_1b700d9_1723118547746_861404_3348" refElementId="_2024x_2_1b700d9_1723118547746_861404_3348" humanType="Stereotype" classType="Stereotype" owner="_2024x_2_156c03bb_1720472179846_246262_2849" ownerRefId="_2024x_2_156c03bb_1720472179846_246262_2849" name="AttackPath [Class]" icon="index_files/icon_stereotype_30413431.jpg" hasChild="true" hasLink="false" hasActiveHyperLink="false"/><stereotype refid="_2024x_3_156c03bb_1732721935932_973840_3106" refElementId="_2024x_3_156c03bb_1732721935932_973840_3106" humanType="Stereotype" classType="Stereotype" owner="_2024x_2_156c03bb_1720472179846_246262_2849" ownerRefId="_2024x_2_156c03bb_1720472179846_246262_2849" name="AttackPathsPackage [Package]" icon="index_files/icon_stereotype_1822202661.jpg" hasChild="true" hasLink="false" hasActiveHyperLink="false"/><stereotype refid="_2024x_2_156c03bb_1720472482636_60848_2875" refElementId="_2024x_2_156c03bb_1720472482636_60848_2875" humanType="Stereotype" classType="Stereotype" owner="_2024x_2_156c03bb_1720472179846_246262_2849" ownerRefId="_2024x_2_156c03bb_1720472179846_246262_2849" name="FlightPhasesPackage [Comment, Package]" icon="index_files/icon_stereotype_1591141018.jpg" hasChild="true" hasLink="false" hasActiveHyperLink="false"/><stereotype refid="_2024x_2_156c03bb_1720472564006_650082_2887" refElementId="_2024x_2_156c03bb_1720472564006_650082_2887" humanType="Stereotype" classType="Stereotype" owner="_2024x_2_156c03bb_1720472179846_246262_2849" ownerRefId="_2024x_2_156c03bb_1720472179846_246262_2849" name="IndirectAssetsPackage [Comment, Package]" icon="index_files/icon_stereotype_55156823.jpg" hasChild="true" hasLink="false" hasActiveHyperLink="false"/><stereotype refid="_2024x_2_156c03bb_1724825353267_361465_3072" refElementId="_2024x_2_156c03bb_1724825353267_361465_3072" humanType="Stereotype" classType="Stereotype" owner="_2024x_2_156c03bb_1720472179846_246262_2849" ownerRefId="_2024x_2_156c03bb_1720472179846_246262_2849" name="IntegerRepresentation [EnumerationLiteral]" icon="index_files/icon_stereotype_273714086.jpg" hasChild="true" hasLink="false" hasActiveHyperLink="false"/><stereotype refid="_2024x_2_1b700d9_1721749360197_391882_2934" refElementId="_2024x_2_1b700d9_1721749360197_391882_2934" humanType="Stereotype" classType="Stereotype" owner="_2024x_2_156c03bb_1720472179846_246262_2849" ownerRefId="_2024x_2_156c03bb_1720472179846_246262_2849" name="LossOfSecurityAttribute [Class]" icon="index_files/icon_stereotype_273714086.jpg" hasChild="true" hasLink="false" hasActiveHyperLink="false"/><stereotype refid="_2024x_2_1b700d9_1722870403100_329268_3466" refElementId="_2024x_2_1b700d9_1722870403100_329268_3466" humanType="Stereotype" classType="Stereotype" owner="_2024x_2_156c03bb_1720472179846_246262_2849" ownerRefId="_2024x_2_156c03bb_1720472179846_246262_2849" name="MisuseCase [Class]" icon="index_files/icon_stereotype_273714086.jpg" hasChild="true" hasLink="false" hasActiveHyperLink="false"/><stereotype refid="_2024x_3_1b700d9_1733932053802_258673_3205" refElementId="_2024x_3_1b700d9_1733932053802_258673_3205" humanType="Stereotype" classType="Stereotype" owner="_2024x_2_156c03bb_1720472179846_246262_2849" ownerRefId="_2024x_2_156c03bb_1720472179846_246262_2849" name="MisuseCasesPackage [Package]" icon="index_files/icon_stereotype_154060943.jpg" hasChild="true" hasLink="false" hasActiveHyperLink="false"/><stereotype refid="_2024x_2_156c03bb_1720688209342_58684_3363" refElementId="_2024x_2_156c03bb_1720688209342_58684_3363" humanType="Stereotype" classType="Stereotype" owner="_2024x_2_156c03bb_1720472179846_246262_2849" ownerRefId="_2024x_2_156c03bb_1720472179846_246262_2849" name="SecurityImpact [Dependency]" icon="index_files/icon_stereotype_273714086.jpg" hasChild="true" hasLink="false" hasActiveHyperLink="false"/><stereotype refid="_2024x_3_1b700d9_1732522928549_306275_3118" refElementId="_2024x_3_1b700d9_1732522928549_306275_3118" humanType="Stereotype" classType="Stereotype" owner="_2024x_2_156c03bb_1720472179846_246262_2849" ownerRefId="_2024x_2_156c03bb_1720472179846_246262_2849" name="SecurityMeasureMitigation [Dependency]" icon="index_files/icon_stereotype_273714086.jpg" hasChild="true" hasLink="false" hasActiveHyperLink="false"/><stereotype refid="_2024x_3_1b700d9_1733336072566_854266_3156" refElementId="_2024x_3_1b700d9_1733336072566_854266_3156" humanType="Stereotype" classType="Stereotype" owner="_2024x_2_156c03bb_1720472179846_246262_2849" ownerRefId="_2024x_2_156c03bb_1720472179846_246262_2849" name="SecurityMeasuresPackage [Package]" icon="index_files/icon_stereotype_1330386507.jpg" hasChild="true" hasLink="false" hasActiveHyperLink="false"/><stereotype refid="_2024x_3_156c03bb_1732080821678_769419_3113" refElementId="_2024x_3_156c03bb_1732080821678_769419_3113" humanType="Stereotype" classType="Stereotype" owner="_2024x_2_156c03bb_1720472179846_246262_2849" ownerRefId="_2024x_2_156c03bb_1720472179846_246262_2849" name="SecurityModelPackage [Package]" icon="index_files/icon_stereotype_2132794572.jpg" hasChild="true" hasLink="false" hasActiveHyperLink="false"/><stereotype refid="_2024x_2_156c03bb_1721821487948_379339_2880" refElementId="_2024x_2_156c03bb_1721821487948_379339_2880" humanType="Stereotype" classType="Stereotype" owner="_2024x_2_156c03bb_1720472179846_246262_2849" ownerRefId="_2024x_2_156c03bb_1720472179846_246262_2849" name="ThreatCondition [Class]" icon="index_files/icon_stereotype_273714086.jpg" hasChild="true" hasLink="false" hasActiveHyperLink="false"/><stereotype refid="_2024x_2_1b700d9_1722872930853_889810_3229" refElementId="_2024x_2_1b700d9_1722872930853_889810_3229" humanType="Stereotype" classType="Stereotype" owner="_2024x_2_156c03bb_1720472179846_246262_2849" ownerRefId="_2024x_2_156c03bb_1720472179846_246262_2849" name="ThreatScenario [Class]" icon="index_files/icon_stereotype_168288208.jpg" hasChild="true" hasLink="false" hasActiveHyperLink="false"/><stereotype refid="_2024x_3_156c03bb_1732721921208_707182_3100" refElementId="_2024x_3_156c03bb_1732721921208_707182_3100" humanType="Stereotype" classType="Stereotype" owner="_2024x_2_156c03bb_1720472179846_246262_2849" ownerRefId="_2024x_2_156c03bb_1720472179846_246262_2849" name="ThreatScenariosPackage [Package]" icon="index_files/icon_stereotype_1064218580.jpg" hasChild="true" hasLink="false" hasActiveHyperLink="false"/><stereotype refid="_2024x_3_156c03bb_1731490059433_443298_3440" refElementId="_2024x_3_156c03bb_1731490059433_443298_3440" humanType="Stereotype" classType="Stereotype" owner="_2024x_2_156c03bb_1720472179846_246262_2849" ownerRefId="_2024x_2_156c03bb_1720472179846_246262_2849" name="ThreatSource [Class]" icon="index_files/icon_stereotype_823826848.jpg" hasChild="true" hasLink="false" hasActiveHyperLink="false"/><stereotype refid="_2024x_3_1b700d9_1733333987794_269444_3185" refElementId="_2024x_3_1b700d9_1733333987794_269444_3185" humanType="Stereotype" classType="Stereotype" owner="_2024x_2_156c03bb_1720472179846_246262_2849" ownerRefId="_2024x_2_156c03bb_1720472179846_246262_2849" name="ThreatSourcesPackage [Package]" icon="index_files/icon_stereotype_1970951101.jpg" hasChild="true" hasLink="false" hasActiveHyperLink="false"/><stereotype refid="_2024x_3_156c03bb_1732274986243_538670_3087" refElementId="_2024x_3_156c03bb_1732274986243_538670_3087" humanType="Stereotype" classType="Stereotype" owner="_2024x_2_156c03bb_1720472179846_246262_2849" ownerRefId="_2024x_2_156c03bb_1720472179846_246262_2849" name="ValuationModelUsagePackage [Package]" icon="index_files/icon_stereotype_273714086.jpg" hasChild="true" hasLink="false" hasActiveHyperLink="false"/><stereotype refid="_2024x_3_1b700d9_1733932017088_266221_3173" refElementId="_2024x_3_1b700d9_1733932017088_266221_3173" humanType="Stereotype" classType="Stereotype" owner="_2024x_2_156c03bb_1720472179846_246262_2849" ownerRefId="_2024x_2_156c03bb_1720472179846_246262_2849" name="VulnerabilitiesPackage [Package]" icon="index_files/icon_stereotype_1908078572.jpg" hasChild="true" hasLink="false" hasActiveHyperLink="false"/><association refid="_2024x_3_1b700d9_1732523324722_879635_3235" refElementId="_2024x_3_1b700d9_1732523324722_879635_3235" humanType="Association" classType="Association" owner="_2024x_2_156c03bb_1720472179846_246262_2849" ownerRefId="_2024x_2_156c03bb_1720472179846_246262_2849" name="Association[EffectCriterion:EffectCriterion &lt;- SecurityMeasureMitigation]" isRelationship="true" icon="index_files/icon_association_1169510737.jpg" hasChild="true" hasLink="false" hasActiveHyperLink="false"/><association refid="_2024x_3_1b700d9_1732523320902_843830_3190" refElementId="_2024x_3_1b700d9_1732523320902_843830_3190" humanType="Association" classType="Association" owner="_2024x_2_156c03bb_1720472179846_246262_2849" ownerRefId="_2024x_2_156c03bb_1720472179846_246262_2849" name="Association[Effectiveness:Integer &lt;- SecurityMeasureMitigation]" isRelationship="true" icon="index_files/icon_association_1169510737.jpg" hasChild="true" hasLink="false" hasActiveHyperLink="false"/><association refid="_2024x_3_1b700d9_1732523323094_370410_3221" refElementId="_2024x_3_1b700d9_1732523323094_370410_3221" humanType="Association" classType="Association" owner="_2024x_2_156c03bb_1720472179846_246262_2849" ownerRefId="_2024x_2_156c03bb_1720472179846_246262_2849" name="Association[EvaluationCriterion:EvaluationCriterion &lt;- SecurityMeasureMitigation]" isRelationship="true" icon="index_files/icon_association_1169510737.jpg" hasChild="true" hasLink="false" hasActiveHyperLink="false"/><association refid="_2024x_3_1b700d9_1733750434483_22149_3165" refElementId="_2024x_3_1b700d9_1733750434483_22149_3165" humanType="Association" classType="Association" owner="_2024x_2_156c03bb_1720472179846_246262_2849" ownerRefId="_2024x_2_156c03bb_1720472179846_246262_2849" name="Association[rating:EffectSeverityValue &lt;- SecurityImpact]" isRelationship="true" icon="index_files/icon_association_1169510737.jpg" hasChild="true" hasLink="false" hasActiveHyperLink="false"/><association refid="_2024x_3_1b700d9_1733158585044_982616_3208" refElementId="_2024x_3_1b700d9_1733158585044_982616_3208" humanType="Association" classType="Association" owner="_2024x_2_156c03bb_1720472179846_246262_2849" ownerRefId="_2024x_2_156c03bb_1720472179846_246262_2849" name="Association[riskEvaluationMethod:RiskEvaluationMethod &lt;- SecurityModelPackage]" isRelationship="true" icon="index_files/icon_association_1169510737.jpg" hasChild="true" hasLink="false" hasActiveHyperLink="false"/><association refid="_2024x_3_1b700d9_1733138234018_23432_3264" refElementId="_2024x_3_1b700d9_1733138234018_23432_3264" humanType="Association" classType="Association" owner="_2024x_2_156c03bb_1720472179846_246262_2849" ownerRefId="_2024x_2_156c03bb_1720472179846_246262_2849" name="Association[sourceType:ThreatSourceType &lt;- ThreatSource]" isRelationship="true" icon="index_files/icon_association_1169510737.jpg" hasChild="true" hasLink="false" hasActiveHyperLink="false"/><association refid="_2024x_3_1b700d9_1733757223300_762830_3735" refElementId="_2024x_3_1b700d9_1733757223300_762830_3735" humanType="Association" classType="Association" owner="_2024x_2_156c03bb_1720472179846_246262_2849" ownerRefId="_2024x_2_156c03bb_1720472179846_246262_2849" name="Association[usedModel:SecurityValuationModel &lt;- ValuationModelUsagePackage]" isRelationship="true" icon="index_files/icon_association_1169510737.jpg" hasChild="true" hasLink="false" hasActiveHyperLink="false"/><extension refid="_2024x_2_1b700d9_1723118566817_60266_3375" refElementId="_2024x_2_1b700d9_1723118566817_60266_3375" humanType="Extension" classType="Extension" owner="_2024x_2_156c03bb_1720472179846_246262_2849" ownerRefId="_2024x_2_156c03bb_1720472179846_246262_2849" name="Extension[extension_AttackPath:AttackPath - base_Class:Class]" isRelationship="true" icon="index_files/icon_extension_455221454.jpg" hasChild="true" hasLink="false" hasActiveHyperLink="false"/><extension refid="_2024x_2_156c03bb_1720472546087_170997_2882" refElementId="_2024x_2_156c03bb_1720472546087_170997_2882" humanType="Extension" classType="Extension" owner="_2024x_2_156c03bb_1720472179846_246262_2849" ownerRefId="_2024x_2_156c03bb_1720472179846_246262_2849" name="Extension[extension_FlightPhases:FlightPhasesPackage - base_Comment:Comment]" isRelationship="true" icon="index_files/icon_extension_455221454.jpg" hasChild="true" hasLink="false" hasActiveHyperLink="false"/><extension refid="_2024x_2_156c03bb_1720472583555_309170_2899" refElementId="_2024x_2_156c03bb_1720472583555_309170_2899" humanType="Extension" classType="Extension" owner="_2024x_2_156c03bb_1720472179846_246262_2849" ownerRefId="_2024x_2_156c03bb_1720472179846_246262_2849" name="Extension[extension_IndirectAssets:IndirectAssetsPackage - base_Comment:Comment]" isRelationship="true" icon="index_files/icon_extension_455221454.jpg" hasChild="true" hasLink="false" hasActiveHyperLink="false"/><extension refid="_2024x_2_156c03bb_1720472583554_195143_2894" refElementId="_2024x_2_156c03bb_1720472583554_195143_2894" humanType="Extension" classType="Extension" owner="_2024x_2_156c03bb_1720472179846_246262_2849" ownerRefId="_2024x_2_156c03bb_1720472179846_246262_2849" name="Extension[extension_IndirectAssets:IndirectAssetsPackage - base_Package:Package]" isRelationship="true" icon="index_files/icon_extension_455221454.jpg" hasChild="true" hasLink="false" hasActiveHyperLink="false"/><extension refid="_2024x_2_1b700d9_1721751507518_645608_2892" refElementId="_2024x_2_1b700d9_1721751507518_645608_2892" humanType="Extension" classType="Extension" owner="_2024x_2_156c03bb_1720472179846_246262_2849" ownerRefId="_2024x_2_156c03bb_1720472179846_246262_2849" name="Extension[extension_LossOfSecurityAttribute:LossOfSecurityAttribute - base_Class:Class]" isRelationship="true" icon="index_files/icon_extension_455221454.jpg" hasChild="true" hasLink="false" hasActiveHyperLink="false"/><extension refid="_2024x_2_1b700d9_1722870484840_642890_3608" refElementId="_2024x_2_1b700d9_1722870484840_642890_3608" humanType="Extension" classType="Extension" owner="_2024x_2_156c03bb_1720472179846_246262_2849" ownerRefId="_2024x_2_156c03bb_1720472179846_246262_2849" name="Extension[extension_MisuseCase:MisuseCase - base_Class:Class]" isRelationship="true" icon="index_files/icon_extension_455221454.jpg" hasChild="true" hasLink="false" hasActiveHyperLink="false"/><extension refid="_2024x_2_156c03bb_1720688226776_162224_3390" refElementId="_2024x_2_156c03bb_1720688226776_162224_3390" humanType="Extension" classType="Extension" owner="_2024x_2_156c03bb_1720472179846_246262_2849" ownerRefId="_2024x_2_156c03bb_1720472179846_246262_2849" name="Extension[extension_SecurityImpact:SecurityImpact - base_Dependency:Dependency]" isRelationship="true" icon="index_files/icon_extension_455221454.jpg" hasChild="true" hasLink="false" hasActiveHyperLink="false"/><extension refid="_2024x_3_1b700d9_1732522986199_614735_3171" refElementId="_2024x_3_1b700d9_1732522986199_614735_3171" humanType="Extension" classType="Extension" owner="_2024x_2_156c03bb_1720472179846_246262_2849" ownerRefId="_2024x_2_156c03bb_1720472179846_246262_2849" name="Extension[extension_SecurityMeasureMitigation:SecurityMeasureMitigation - base_Dependency:Dependency]" isRelationship="true" icon="index_files/icon_extension_455221454.jpg" hasChild="true" hasLink="false" hasActiveHyperLink="false"/><extension refid="_2024x_3_1b700d9_1733336098340_817180_3180" refElementId="_2024x_3_1b700d9_1733336098340_817180_3180" humanType="Extension" classType="Extension" owner="_2024x_2_156c03bb_1720472179846_246262_2849" ownerRefId="_2024x_2_156c03bb_1720472179846_246262_2849" name="Extension[extension_SecurityMeasuresPackage:SecurityMeasuresPackage - base_Package:Package]" isRelationship="true" icon="index_files/icon_extension_455221454.jpg" hasChild="true" hasLink="false" hasActiveHyperLink="false"/><extension refid="_2024x_2_156c03bb_1721821487960_703769_2883" refElementId="_2024x_2_156c03bb_1721821487960_703769_2883" humanType="Extension" classType="Extension" owner="_2024x_2_156c03bb_1720472179846_246262_2849" ownerRefId="_2024x_2_156c03bb_1720472179846_246262_2849" name="Extension[extension_ThreatCondition:ThreatCondition - base_Class:Class]" isRelationship="true" icon="index_files/icon_extension_455221454.jpg" hasChild="true" hasLink="false" hasActiveHyperLink="false"/><extension refid="_2024x_2_1b700d9_1722872939833_817136_3256" refElementId="_2024x_2_1b700d9_1722872939833_817136_3256" humanType="Extension" classType="Extension" owner="_2024x_2_156c03bb_1720472179846_246262_2849" ownerRefId="_2024x_2_156c03bb_1720472179846_246262_2849" name="Extension[extension_ThreatScenario:ThreatScenario - base_Class:Class]" isRelationship="true" icon="index_files/icon_extension_455221454.jpg" hasChild="true" hasLink="false" hasActiveHyperLink="false"/><extension refid="_2024x_3_156c03bb_1731490080971_912231_3447" refElementId="_2024x_3_156c03bb_1731490080971_912231_3447" humanType="Extension" classType="Extension" owner="_2024x_2_156c03bb_1720472179846_246262_2849" ownerRefId="_2024x_2_156c03bb_1720472179846_246262_2849" name="Extension[extension_ThreatSource:ThreatSource - base_Classifier:Class]" isRelationship="true" icon="index_files/icon_extension_455221454.jpg" hasChild="true" hasLink="false" hasActiveHyperLink="false"/><extension refid="_2024x_3_1b700d9_1733334011145_8077_3209" refElementId="_2024x_3_1b700d9_1733334011145_8077_3209" humanType="Extension" classType="Extension" owner="_2024x_2_156c03bb_1720472179846_246262_2849" ownerRefId="_2024x_2_156c03bb_1720472179846_246262_2849" name="Extension[extension_ThreatSourcePackage:ThreatSourcesPackage - base_Package:Package]" isRelationship="true" icon="index_files/icon_extension_455221454.jpg" hasChild="true" hasLink="false" hasActiveHyperLink="false"/><extension refid="_2024x_3_156c03bb_1732721935933_823437_3107" refElementId="_2024x_3_156c03bb_1732721935933_823437_3107" humanType="Extension" classType="Extension" owner="_2024x_2_156c03bb_1720472179846_246262_2849" ownerRefId="_2024x_2_156c03bb_1720472179846_246262_2849" name="Extension[extension_unnamed1:AttackPathsPackage - base_Element:Package]" isRelationship="true" icon="index_files/icon_extension_455221454.jpg" hasChild="true" hasLink="false" hasActiveHyperLink="false"/><extension refid="_2024x_2_156c03bb_1720472482636_781280_2876" refElementId="_2024x_2_156c03bb_1720472482636_781280_2876" humanType="Extension" classType="Extension" owner="_2024x_2_156c03bb_1720472179846_246262_2849" ownerRefId="_2024x_2_156c03bb_1720472179846_246262_2849" name="Extension[extension_unnamed1:FlightPhasesPackage - base_Element:Package]" isRelationship="true" icon="index_files/icon_extension_455221454.jpg" hasChild="true" hasLink="false" hasActiveHyperLink="false"/><extension refid="_2024x_2_156c03bb_1724825353274_991629_3073" refElementId="_2024x_2_156c03bb_1724825353274_991629_3073" humanType="Extension" classType="Extension" owner="_2024x_2_156c03bb_1720472179846_246262_2849" ownerRefId="_2024x_2_156c03bb_1720472179846_246262_2849" name="Extension[extension_unnamed1:IntegerRepresentation - base_Element:EnumerationLiteral]" isRelationship="true" icon="index_files/icon_extension_455221454.jpg" hasChild="true" hasLink="false" hasActiveHyperLink="false"/><extension refid="_2024x_3_1b700d9_1733932053804_216847_3208" refElementId="_2024x_3_1b700d9_1733932053804_216847_3208" humanType="Extension" classType="Extension" owner="_2024x_2_156c03bb_1720472179846_246262_2849" ownerRefId="_2024x_2_156c03bb_1720472179846_246262_2849" name="Extension[extension_unnamed1:MisuseCasesPackage - base_Element:Package]" isRelationship="true" icon="index_files/icon_extension_455221454.jpg" hasChild="true" hasLink="false" hasActiveHyperLink="false"/><extension refid="_2024x_3_156c03bb_1732080821680_29752_3114" refElementId="_2024x_3_156c03bb_1732080821680_29752_3114" humanType="Extension" classType="Extension" owner="_2024x_2_156c03bb_1720472179846_246262_2849" ownerRefId="_2024x_2_156c03bb_1720472179846_246262_2849" name="Extension[extension_unnamed1:SecurityModelPackage - base_Element:Package]" isRelationship="true" icon="index_files/icon_extension_455221454.jpg" hasChild="true" hasLink="false" hasActiveHyperLink="false"/><extension refid="_2024x_3_156c03bb_1732721921215_630606_3101" refElementId="_2024x_3_156c03bb_1732721921215_630606_3101" humanType="Extension" classType="Extension" owner="_2024x_2_156c03bb_1720472179846_246262_2849" ownerRefId="_2024x_2_156c03bb_1720472179846_246262_2849" name="Extension[extension_unnamed1:ThreatScenariosPackage - base_Element:Package]" isRelationship="true" icon="index_files/icon_extension_455221454.jpg" hasChild="true" hasLink="false" hasActiveHyperLink="false"/><extension refid="_2024x_3_156c03bb_1732274986248_600053_3088" refElementId="_2024x_3_156c03bb_1732274986248_600053_3088" humanType="Extension" classType="Extension" owner="_2024x_2_156c03bb_1720472179846_246262_2849" ownerRefId="_2024x_2_156c03bb_1720472179846_246262_2849" name="Extension[extension_unnamed1:ValuationModelUsagePackage - base_Element:Package]" isRelationship="true" icon="index_files/icon_extension_455221454.jpg" hasChild="true" hasLink="false" hasActiveHyperLink="false"/><extension refid="_2024x_3_1b700d9_1733932017094_864992_3176" refElementId="_2024x_3_1b700d9_1733932017094_864992_3176" humanType="Extension" classType="Extension" owner="_2024x_2_156c03bb_1720472179846_246262_2849" ownerRefId="_2024x_2_156c03bb_1720472179846_246262_2849" name="Extension[extension_unnamed1:VulnerabilitiesPackage - base_Element:Package]" isRelationship="true" icon="index_files/icon_extension_455221454.jpg" hasChild="true" hasLink="false" hasActiveHyperLink="false"/></ownedElement></package>