<?xml version='1.0' encoding='UTF-8'?><package refid="_2024x_2_65d022e_1742809414297_412384_45" refElementId="_2024x_2_65d022e_1742809414297_412384_45" humanType="Package" classType="Package" owner="_2024x_2_65d022e_1742491223923_240411_43" ownerRefId="_2024x_2_65d022e_1742491223923_240411_43" name="01 Aircraft Level Functions" hasChild="true" hasLink="false" hasActiveHyperLink="false"><ownedElement><block refid="_2024x_2_65d022e_1742810146653_799943_65" refElementId="_2024x_2_65d022e_1742810146653_799943_65" humanType="Block" classType="Class" owner="_2024x_2_65d022e_1742809414297_412384_45" ownerRefId="_2024x_2_65d022e_1742809414297_412384_45" name="Communications" icon="index_files/icon_block_1840986298.jpg" hasChild="true" hasLink="false" hasActiveHyperLink="false"/><block refid="_2024x_2_65d022e_1742809694185_293514_51" refElementId="_2024x_2_65d022e_1742809694185_293514_51" humanType="Block" classType="Class" owner="_2024x_2_65d022e_1742809414297_412384_45" ownerRefId="_2024x_2_65d022e_1742809414297_412384_45" name="L1 AcFct 1: liefere ein human   machine interface (HMI) für den Passagier" icon="index_files/icon_block_1363550624.jpg" hasChild="true" hasLink="false" hasActiveHyperLink="false"/><block refid="_2024x_2_65d022e_1742809809558_538801_52" refElementId="_2024x_2_65d022e_1742809809558_538801_52" humanType="Block" classType="Class" owner="_2024x_2_65d022e_1742809414297_412384_45" ownerRefId="_2024x_2_65d022e_1742809414297_412384_45" name="L1 AcFct 2: manage   Bestellung von  Speisen   und Getränken" icon="index_files/icon_block_1363550624.jpg" hasChild="true" hasLink="false" hasActiveHyperLink="false"/><block refid="_2024x_2_65d022e_1742809832923_886919_54" refElementId="_2024x_2_65d022e_1742809832923_886919_54" humanType="Block" classType="Class" owner="_2024x_2_65d022e_1742809414297_412384_45" ownerRefId="_2024x_2_65d022e_1742809414297_412384_45" name="L1 AcFct 4: authentifiziere Bediener" icon="index_files/icon_block_1363550624.jpg" hasChild="true" hasLink="false" hasActiveHyperLink="false"/><block refid="_2024x_2_65d022e_1742809842665_708617_55" refElementId="_2024x_2_65d022e_1742809842665_708617_55" humanType="Block" classType="Class" owner="_2024x_2_65d022e_1742809414297_412384_45" ownerRefId="_2024x_2_65d022e_1742809414297_412384_45" name="L1 AcFct 5: liefere ein  bargeldloses  Bezahlsystem" icon="index_files/icon_block_1363550624.jpg" hasChild="true" hasLink="false" hasActiveHyperLink="false"/><block refid="_2024x_2_65d022e_1742809853067_841896_56" refElementId="_2024x_2_65d022e_1742809853067_841896_56" humanType="Block" classType="Class" owner="_2024x_2_65d022e_1742809414297_412384_45" ownerRefId="_2024x_2_65d022e_1742809414297_412384_45" name="L1 AcFct 6: manage Bestellung von Speisen und Getränken manage für die Kabinenbesatzung" icon="index_files/icon_block_1363550624.jpg" hasChild="true" hasLink="false" hasActiveHyperLink="false"/><block refid="_2024x_2_65d022e_1742809871482_769307_57" refElementId="_2024x_2_65d022e_1742809871482_769307_57" humanType="Block" classType="Class" owner="_2024x_2_65d022e_1742809414297_412384_45" ownerRefId="_2024x_2_65d022e_1742809414297_412384_45" name="L1 AcFct 7: liefere ein human  machine interface (HMI) für die  Kabinenbesatzung" icon="index_files/icon_block_1363550624.jpg" hasChild="true" hasLink="false" hasActiveHyperLink="false"/><block refid="_2024x_2_65d022e_1742809882921_313898_58" refElementId="_2024x_2_65d022e_1742809882921_313898_58" humanType="Block" classType="Class" owner="_2024x_2_65d022e_1742809414297_412384_45" ownerRefId="_2024x_2_65d022e_1742809414297_412384_45" name="L1 AcFct 8: liefere Überwachung  des Küchengerätestatus" icon="index_files/icon_block_1363550624.jpg" hasChild="true" hasLink="false" hasActiveHyperLink="false"/><block refid="_2024x_2_65d022e_1742809895002_840849_59" refElementId="_2024x_2_65d022e_1742809895002_840849_59" humanType="Block" classType="Class" owner="_2024x_2_65d022e_1742809414297_412384_45" ownerRefId="_2024x_2_65d022e_1742809414297_412384_45" name="L1 AcFct 9: liefere Flugzeugdaten" icon="index_files/icon_block_1363550624.jpg" hasChild="true" hasLink="false" hasActiveHyperLink="false"/><block refid="_2024x_2_65d022e_1742809904009_20338_60" refElementId="_2024x_2_65d022e_1742809904009_20338_60" humanType="Block" classType="Class" owner="_2024x_2_65d022e_1742809414297_412384_45" ownerRefId="_2024x_2_65d022e_1742809414297_412384_45" name="L1 AcFct 10: liefere  Datenspeicherung" icon="index_files/icon_block_1363550624.jpg" hasChild="true" hasLink="false" hasActiveHyperLink="false"/><block refid="_2024x_2_65d022e_1742809912757_62320_61" refElementId="_2024x_2_65d022e_1742809912757_62320_61" humanType="Block" classType="Class" owner="_2024x_2_65d022e_1742809414297_412384_45" ownerRefId="_2024x_2_65d022e_1742809414297_412384_45" name="L1 AcFct 11: liefere Auswertung  der flugbezogenen  Verbrauchsdaten" icon="index_files/icon_block_1363550624.jpg" hasChild="true" hasLink="false" hasActiveHyperLink="false"/><block refid="_2024x_2_65d022e_1742809921247_574635_62" refElementId="_2024x_2_65d022e_1742809921247_574635_62" humanType="Block" classType="Class" owner="_2024x_2_65d022e_1742809414297_412384_45" ownerRefId="_2024x_2_65d022e_1742809414297_412384_45" name="L1 AcFct 12: liefere   Bodenkonnektivität" icon="index_files/icon_block_1363550624.jpg" hasChild="true" hasLink="false" hasActiveHyperLink="false"/><block refid="_2024x_2_65d022e_1742809822292_229011_53" refElementId="_2024x_2_65d022e_1742809822292_229011_53" humanType="Block" classType="Class" owner="_2024x_2_65d022e_1742809414297_412384_45" ownerRefId="_2024x_2_65d022e_1742809414297_412384_45" name="manage   passagierbezogene Informationen" icon="index_files/icon_block_1363550624.jpg" hasChild="true" hasLink="false" hasActiveHyperLink="false"/><block refid="_2024x_2_65d022e_1742810158013_595866_66" refElementId="_2024x_2_65d022e_1742810158013_595866_66" humanType="Block" classType="Class" owner="_2024x_2_65d022e_1742809414297_412384_45" ownerRefId="_2024x_2_65d022e_1742809414297_412384_45" name="Navigation" icon="index_files/icon_block_1840986298.jpg" hasChild="true" hasLink="false" hasActiveHyperLink="false"/><block refid="_2024x_2_65d022e_1742810189217_863337_67" refElementId="_2024x_2_65d022e_1742810189217_863337_67" humanType="Block" classType="Class" owner="_2024x_2_65d022e_1742809414297_412384_45" ownerRefId="_2024x_2_65d022e_1742809414297_412384_45" name="Passenger Comfort" icon="index_files/icon_block_1840986298.jpg" hasChild="true" hasLink="false" hasActiveHyperLink="false"/><association refid="_2024x_2_65d022e_1742822667640_464041_554" refElementId="_2024x_2_65d022e_1742822667640_464041_554" humanType="Association" classType="Association" owner="_2024x_2_65d022e_1742809414297_412384_45" ownerRefId="_2024x_2_65d022e_1742809414297_412384_45" name="Association[Communications -> L1 AcFct 12: liefere   Bodenkonnektivität]" isRelationship="true" icon="index_files/icon_association_1164290114.jpg" hasChild="true" hasLink="false" hasActiveHyperLink="false"/><association refid="_2024x_2_65d022e_1748180634550_874907_359" refElementId="_2024x_2_65d022e_1748180634550_874907_359" humanType="Association" classType="Association" owner="_2024x_2_65d022e_1742809414297_412384_45" ownerRefId="_2024x_2_65d022e_1742809414297_412384_45" name="Association[L1 AcFct 1: liefere ein human  machine interface (HMI)  für den Passagier:L1 AcFct 1: liefere ein human   machine interface (HMI) für den Passagier &lt;- Passenger Comfort]" isRelationship="true" icon="index_files/icon_association_1164290114.jpg" hasChild="true" hasLink="false" hasActiveHyperLink="false"/><association refid="_2024x_2_65d022e_1742822713229_765451_719" refElementId="_2024x_2_65d022e_1742822713229_765451_719" humanType="Association" classType="Association" owner="_2024x_2_65d022e_1742809414297_412384_45" ownerRefId="_2024x_2_65d022e_1742809414297_412384_45" name="Association[Navigation -> L1 AcFct 9: Liefere  Flugzeugdaten:L1 AcFct 9: liefere Flugzeugdaten]" isRelationship="true" icon="index_files/icon_association_1164290114.jpg" hasChild="true" hasLink="false" hasActiveHyperLink="false"/><association refid="_2024x_2_65d022e_1742822683836_605034_584" refElementId="_2024x_2_65d022e_1742822683836_605034_584" humanType="Association" classType="Association" owner="_2024x_2_65d022e_1742809414297_412384_45" ownerRefId="_2024x_2_65d022e_1742809414297_412384_45" name="Association[Passenger Comfort -> L1 AcFct 2: manage Bestellung  von Speisen und Getränken  für den Passagier:L1 AcFct 2: manage   Bestellung von  Speisen   und Getränken]" isRelationship="true" icon="index_files/icon_association_1164290114.jpg" hasChild="true" hasLink="false" hasActiveHyperLink="false"/><association refid="_2024x_2_65d022e_1742822687379_46366_599" refElementId="_2024x_2_65d022e_1742822687379_46366_599" humanType="Association" classType="Association" owner="_2024x_2_65d022e_1742809414297_412384_45" ownerRefId="_2024x_2_65d022e_1742809414297_412384_45" name="Association[Passenger Comfort -> L1 AcFct 3: manage  passagierbezogene  Informationen:manage   passagierbezogene Informationen]" isRelationship="true" icon="index_files/icon_association_1164290114.jpg" hasChild="true" hasLink="false" hasActiveHyperLink="false"/><association refid="_2024x_2_65d022e_1742822690438_73244_614" refElementId="_2024x_2_65d022e_1742822690438_73244_614" humanType="Association" classType="Association" owner="_2024x_2_65d022e_1742809414297_412384_45" ownerRefId="_2024x_2_65d022e_1742809414297_412384_45" name="Association[Passenger Comfort -> L1 AcFct 4: authentifiziere  Bediener:L1 AcFct 4: authentifiziere Bediener]" isRelationship="true" icon="index_files/icon_association_1164290114.jpg" hasChild="true" hasLink="false" hasActiveHyperLink="false"/><association refid="_2024x_2_65d022e_1742822693970_54905_629" refElementId="_2024x_2_65d022e_1742822693970_54905_629" humanType="Association" classType="Association" owner="_2024x_2_65d022e_1742809414297_412384_45" ownerRefId="_2024x_2_65d022e_1742809414297_412384_45" name="Association[Passenger Comfort -> L1 AcFct 5: liefere ein  bargeldloses  Bezahlsystem:L1 AcFct 5: liefere ein  bargeldloses  Bezahlsystem]" isRelationship="true" icon="index_files/icon_association_1164290114.jpg" hasChild="true" hasLink="false" hasActiveHyperLink="false"/><association refid="_2024x_2_65d022e_1742822697194_312183_644" refElementId="_2024x_2_65d022e_1742822697194_312183_644" humanType="Association" classType="Association" owner="_2024x_2_65d022e_1742809414297_412384_45" ownerRefId="_2024x_2_65d022e_1742809414297_412384_45" name="Association[Passenger Comfort -> L1 AcFct 6: manage Bestellung von  Speisen und Getränken manage  für die Kabinenbesatzung:L1 AcFct 6: manage Bestellung von Speisen und Getränken manage für die Kabinenbesatzung]" isRelationship="true" icon="index_files/icon_association_1164290114.jpg" hasChild="true" hasLink="false" hasActiveHyperLink="false"/><association refid="_2024x_2_65d022e_1742822700383_812430_659" refElementId="_2024x_2_65d022e_1742822700383_812430_659" humanType="Association" classType="Association" owner="_2024x_2_65d022e_1742809414297_412384_45" ownerRefId="_2024x_2_65d022e_1742809414297_412384_45" name="Association[Passenger Comfort -> L1 AcFct 7: liefere ein human  machine interface (HMI) für die  Kabinenbesatzung:L1 AcFct 7: liefere ein human  machine interface (HMI) für die  Kabinenbesatzung]" isRelationship="true" icon="index_files/icon_association_1164290114.jpg" hasChild="true" hasLink="false" hasActiveHyperLink="false"/><association refid="_2024x_2_65d022e_1742822704433_196231_674" refElementId="_2024x_2_65d022e_1742822704433_196231_674" humanType="Association" classType="Association" owner="_2024x_2_65d022e_1742809414297_412384_45" ownerRefId="_2024x_2_65d022e_1742809414297_412384_45" name="Association[Passenger Comfort -> L1 AcFct 8: liefere Überwachung  des Küchengerätestatus:L1 AcFct 8: liefere Überwachung  des Küchengerätestatus]" isRelationship="true" icon="index_files/icon_association_1164290114.jpg" hasChild="true" hasLink="false" hasActiveHyperLink="false"/><association refid="_2024x_2_65d022e_1742822707650_229597_689" refElementId="_2024x_2_65d022e_1742822707650_229597_689" humanType="Association" classType="Association" owner="_2024x_2_65d022e_1742809414297_412384_45" ownerRefId="_2024x_2_65d022e_1742809414297_412384_45" name="Association[Passenger Comfort -> L1 AcFct 10: liefere  Datenspeicherung:L1 AcFct 10: liefere  Datenspeicherung]" isRelationship="true" icon="index_files/icon_association_1164290114.jpg" hasChild="true" hasLink="false" hasActiveHyperLink="false"/><association refid="_2024x_2_65d022e_1742822710652_260301_704" refElementId="_2024x_2_65d022e_1742822710652_260301_704" humanType="Association" classType="Association" owner="_2024x_2_65d022e_1742809414297_412384_45" ownerRefId="_2024x_2_65d022e_1742809414297_412384_45" name="Association[Passenger Comfort -> L1 AcFct 11: liefere Auswertung  der flugbezogenen  Verbrauchsdaten:L1 AcFct 11: liefere Auswertung  der flugbezogenen  Verbrauchsdaten]" isRelationship="true" icon="index_files/icon_association_1164290114.jpg" hasChild="true" hasLink="false" hasActiveHyperLink="false"/><itemflow refid="_2024x_2_65d022e_1743331686338_803962_963" refElementId="_2024x_2_65d022e_1743331686338_803962_963" humanType="Item Flow" classType="InformationFlow" owner="_2024x_2_65d022e_1742809414297_412384_45" ownerRefId="_2024x_2_65d022e_1742809414297_412384_45" name="Item Flow:flow for [p2 -> p2]" isRelationship="true" icon="index_files/icon_itemflow_1879180026.jpg" hasLink="false" hasActiveHyperLink="false"/></ownedElement></package>