<?xml version='1.0' encoding='UTF-8'?><block refid="_2024x_2_65d022e_1742810189217_863337_67" refElementId="_2024x_2_65d022e_1742810189217_863337_67" humanType="Block" classType="Class" owner="_2024x_2_65d022e_1742809414297_412384_45" ownerRefId="_2024x_2_65d022e_1742809414297_412384_45" name="Passenger Comfort" hasChild="true" hasLink="false" hasActiveHyperLink="false"><ownedElement><partproperty refid="_2024x_2_65d022e_1742822679960_31544_570" refElementId="_2024x_2_65d022e_1742822679960_31544_570" humanType="Part Property" classType="Property" owner="_2024x_2_65d022e_1742810189217_863337_67" ownerRefId="_2024x_2_65d022e_1742810189217_863337_67" name="L1 AcFct 1: liefere ein human  machine interface (HMI)  für den Passagier : L1 AcFct 1: liefere ein human   machine interface (HMI) für den Passagier" icon="index_files/icon_partproperty_20514805.jpg" hasLink="false" hasActiveHyperLink="false"/><partproperty refid="_2024x_2_65d022e_1742822683837_468925_585" refElementId="_2024x_2_65d022e_1742822683837_468925_585" humanType="Part Property" classType="Property" owner="_2024x_2_65d022e_1742810189217_863337_67" ownerRefId="_2024x_2_65d022e_1742810189217_863337_67" name="L1 AcFct 2: manage Bestellung  von Speisen und Getränken  für den Passagier : L1 AcFct 2: manage   Bestellung von  Speisen   und Getränken" icon="index_files/icon_partproperty_20514805.jpg" hasLink="false" hasActiveHyperLink="false"/><partproperty refid="_2024x_2_65d022e_1742822687381_444611_600" refElementId="_2024x_2_65d022e_1742822687381_444611_600" humanType="Part Property" classType="Property" owner="_2024x_2_65d022e_1742810189217_863337_67" ownerRefId="_2024x_2_65d022e_1742810189217_863337_67" name="L1 AcFct 3: manage  passagierbezogene  Informationen : manage   passagierbezogene Informationen" icon="index_files/icon_partproperty_20514805.jpg" hasLink="false" hasActiveHyperLink="false"/><partproperty refid="_2024x_2_65d022e_1742822690438_248244_615" refElementId="_2024x_2_65d022e_1742822690438_248244_615" humanType="Part Property" classType="Property" owner="_2024x_2_65d022e_1742810189217_863337_67" ownerRefId="_2024x_2_65d022e_1742810189217_863337_67" name="L1 AcFct 4: authentifiziere  Bediener : L1 AcFct 4: authentifiziere Bediener" icon="index_files/icon_partproperty_20514805.jpg" hasLink="false" hasActiveHyperLink="false"/><partproperty refid="_2024x_2_65d022e_1742822693970_132948_630" refElementId="_2024x_2_65d022e_1742822693970_132948_630" humanType="Part Property" classType="Property" owner="_2024x_2_65d022e_1742810189217_863337_67" ownerRefId="_2024x_2_65d022e_1742810189217_863337_67" name="L1 AcFct 5: liefere ein  bargeldloses  Bezahlsystem : L1 AcFct 5: liefere ein  bargeldloses  Bezahlsystem" icon="index_files/icon_partproperty_20514805.jpg" hasLink="false" hasActiveHyperLink="false"/><partproperty refid="_2024x_2_65d022e_1742822697194_191733_645" refElementId="_2024x_2_65d022e_1742822697194_191733_645" humanType="Part Property" classType="Property" owner="_2024x_2_65d022e_1742810189217_863337_67" ownerRefId="_2024x_2_65d022e_1742810189217_863337_67" name="L1 AcFct 6: manage Bestellung von  Speisen und Getränken manage  für die Kabinenbesatzung : L1 AcFct 6: manage Bestellung von Speisen und Getränken manage für die Kabinenbesatzung" icon="index_files/icon_partproperty_20514805.jpg" hasLink="false" hasActiveHyperLink="false"/><partproperty refid="_2024x_2_65d022e_1742822700383_769707_660" refElementId="_2024x_2_65d022e_1742822700383_769707_660" humanType="Part Property" classType="Property" owner="_2024x_2_65d022e_1742810189217_863337_67" ownerRefId="_2024x_2_65d022e_1742810189217_863337_67" name="L1 AcFct 7: liefere ein human  machine interface (HMI) für die  Kabinenbesatzung : L1 AcFct 7: liefere ein human  machine interface (HMI) für die  Kabinenbesatzung" icon="index_files/icon_partproperty_20514805.jpg" hasLink="false" hasActiveHyperLink="false"/><partproperty refid="_2024x_2_65d022e_1742822704433_139164_675" refElementId="_2024x_2_65d022e_1742822704433_139164_675" humanType="Part Property" classType="Property" owner="_2024x_2_65d022e_1742810189217_863337_67" ownerRefId="_2024x_2_65d022e_1742810189217_863337_67" name="L1 AcFct 8: liefere Überwachung  des Küchengerätestatus : L1 AcFct 8: liefere Überwachung  des Küchengerätestatus" icon="index_files/icon_partproperty_20514805.jpg" hasLink="false" hasActiveHyperLink="false"/><partproperty refid="_2024x_2_65d022e_1742822707650_798043_690" refElementId="_2024x_2_65d022e_1742822707650_798043_690" humanType="Part Property" classType="Property" owner="_2024x_2_65d022e_1742810189217_863337_67" ownerRefId="_2024x_2_65d022e_1742810189217_863337_67" name="L1 AcFct 10: liefere  Datenspeicherung : L1 AcFct 10: liefere  Datenspeicherung" icon="index_files/icon_partproperty_20514805.jpg" hasLink="false" hasActiveHyperLink="false"/><partproperty refid="_2024x_2_65d022e_1742822710652_828798_705" refElementId="_2024x_2_65d022e_1742822710652_828798_705" humanType="Part Property" classType="Property" owner="_2024x_2_65d022e_1742810189217_863337_67" ownerRefId="_2024x_2_65d022e_1742810189217_863337_67" name="L1 AcFct 11: liefere Auswertung  der flugbezogenen  Verbrauchsdaten : L1 AcFct 11: liefere Auswertung  der flugbezogenen  Verbrauchsdaten" icon="index_files/icon_partproperty_20514805.jpg" hasLink="false" hasActiveHyperLink="false"/></ownedElement></block>