<?xml version='1.0' encoding='UTF-8'?><package refid="_2024x_2_1b700d9_1722952904169_947654_3936" refElementId="_2024x_2_1b700d9_1722952904169_947654_3936" humanType="Package" classType="Package" owner="_2024x_2_156c03bb_1722441112517_438483_2882" ownerRefId="_2024x_2_156c03bb_1722441112517_438483_2882" name="Valuation Model" hasChild="true" hasLink="false" hasActiveHyperLink="false"><ownedElement><riskmatrix refid="_2024x_3_1b700d9_1732907421821_702398_3020" refElementId="_2024x_3_1b700d9_1732907421821_702398_3020" humanType="RiskMatrix" classType="Class" owner="_2024x_2_1b700d9_1722952904169_947654_3936" ownerRefId="_2024x_2_1b700d9_1722952904169_947654_3936" name="DefaultEffectivenessMatrix" icon="index_files/icon_riskmatrix_573825503.jpg" hasChild="true" hasLink="false" hasActiveHyperLink="false"/><riskmatrix refid="_2024x_2_1b700d9_1722967497402_701960_3382" refElementId="_2024x_2_1b700d9_1722967497402_701960_3382" humanType="RiskMatrix" classType="Class" owner="_2024x_2_1b700d9_1722952904169_947654_3936" ownerRefId="_2024x_2_1b700d9_1722952904169_947654_3936" name="DefaultRiskMatrix" icon="index_files/icon_riskmatrix_573825503.jpg" hasChild="true" hasLink="false" hasActiveHyperLink="false"/><securityvaluationmodel refid="_2024x_2_1b700d9_1721994945897_894723_6949" refElementId="_2024x_2_1b700d9_1721994945897_894723_6949" humanType="SecurityValuationModel" classType="Class" owner="_2024x_2_1b700d9_1722952904169_947654_3936" ownerRefId="_2024x_2_1b700d9_1722952904169_947654_3936" name="DefaultSecurityValuationModel" icon="index_files/icon_securityvaluationmodel_1842247667.jpg" hasLink="false" hasActiveHyperLink="false"/><effectseverity refid="_2024x_2_1b700d9_1722967497402_567133_3379" refElementId="_2024x_2_1b700d9_1722967497402_567133_3379" humanType="EffectSeverity" classType="Enumeration" owner="_2024x_2_1b700d9_1722952904169_947654_3936" ownerRefId="_2024x_2_1b700d9_1722952904169_947654_3936" name="DefaultEffectSeverity" icon="index_files/icon_effectseverity_1035878194.jpg" hasChild="true" hasLink="false" hasActiveHyperLink="false"/><levelofthreat refid="_2024x_2_1b700d9_1722967497402_805185_3381" refElementId="_2024x_2_1b700d9_1722967497402_805185_3381" humanType="LevelOfThreat" classType="Enumeration" owner="_2024x_2_1b700d9_1722952904169_947654_3936" ownerRefId="_2024x_2_1b700d9_1722952904169_947654_3936" name="DefaultLevelOfThreat" icon="index_files/icon_levelofthreat_478606923.jpg" hasChild="true" hasLink="false" hasActiveHyperLink="false"/><risk refid="_2024x_2_1b700d9_1722967497402_633758_3380" refElementId="_2024x_2_1b700d9_1722967497402_633758_3380" humanType="Risk" classType="Enumeration" owner="_2024x_2_1b700d9_1722952904169_947654_3936" ownerRefId="_2024x_2_1b700d9_1722952904169_947654_3936" name="DefaultRisk" icon="index_files/icon_risk_162298383.jpg" hasChild="true" hasLink="false" hasActiveHyperLink="false"/><association refid="_2024x_3_1b700d9_1733126304109_914916_3486" refElementId="_2024x_3_1b700d9_1733126304109_914916_3486" humanType="Association" classType="Association" owner="_2024x_2_1b700d9_1722952904169_947654_3936" ownerRefId="_2024x_2_1b700d9_1722952904169_947654_3936" name="Association[DefaultEffectivenessMatrix - 0-NoEffect]" isRelationship="true" icon="index_files/icon_association_455221454.jpg" hasLink="false" hasActiveHyperLink="false"/><association refid="_2024x_3_1b700d9_1733126309126_249502_3512" refElementId="_2024x_3_1b700d9_1733126309126_249502_3512" humanType="Association" classType="Association" owner="_2024x_2_1b700d9_1722952904169_947654_3936" ownerRefId="_2024x_2_1b700d9_1722952904169_947654_3936" name="Association[DefaultEffectivenessMatrix - 1.1-Minor-Acceptable]" isRelationship="true" icon="index_files/icon_association_455221454.jpg" hasLink="false" hasActiveHyperLink="false"/><association refid="_2024x_3_1b700d9_1733126306454_115449_3499" refElementId="_2024x_3_1b700d9_1733126306454_115449_3499" humanType="Association" classType="Association" owner="_2024x_2_1b700d9_1722952904169_947654_3936" ownerRefId="_2024x_2_1b700d9_1722952904169_947654_3936" name="Association[DefaultEffectivenessMatrix - 1.2-Minor-Negotiable]" isRelationship="true" icon="index_files/icon_association_455221454.jpg" hasLink="false" hasActiveHyperLink="false"/><association refid="_2024x_3_1b700d9_1733126314597_408338_3538" refElementId="_2024x_3_1b700d9_1733126314597_408338_3538" humanType="Association" classType="Association" owner="_2024x_2_1b700d9_1722952904169_947654_3936" ownerRefId="_2024x_2_1b700d9_1722952904169_947654_3936" name="Association[DefaultEffectivenessMatrix - 2.1-Major-Acceptable]" isRelationship="true" icon="index_files/icon_association_455221454.jpg" hasLink="false" hasActiveHyperLink="false"/><association refid="_2024x_3_1b700d9_1733126312005_994440_3525" refElementId="_2024x_3_1b700d9_1733126312005_994440_3525" humanType="Association" classType="Association" owner="_2024x_2_1b700d9_1722952904169_947654_3936" ownerRefId="_2024x_2_1b700d9_1722952904169_947654_3936" name="Association[DefaultEffectivenessMatrix - 2.2-Major-Negotiable]" isRelationship="true" icon="index_files/icon_association_455221454.jpg" hasLink="false" hasActiveHyperLink="false"/><association refid="_2024x_3_1b700d9_1733126325900_129726_3564" refElementId="_2024x_3_1b700d9_1733126325900_129726_3564" humanType="Association" classType="Association" owner="_2024x_2_1b700d9_1722952904169_947654_3936" ownerRefId="_2024x_2_1b700d9_1722952904169_947654_3936" name="Association[DefaultEffectivenessMatrix - 3.2-Hazardous-Negotiable]" isRelationship="true" icon="index_files/icon_association_455221454.jpg" hasLink="false" hasActiveHyperLink="false"/><association refid="_2024x_3_1b700d9_1733126322236_740144_3551" refElementId="_2024x_3_1b700d9_1733126322236_740144_3551" humanType="Association" classType="Association" owner="_2024x_2_1b700d9_1722952904169_947654_3936" ownerRefId="_2024x_2_1b700d9_1722952904169_947654_3936" name="Association[DefaultEffectivenessMatrix - 3.3-Hazardous-Unacceptable]" isRelationship="true" icon="index_files/icon_association_455221454.jpg" hasLink="false" hasActiveHyperLink="false"/><association refid="_2024x_3_1b700d9_1733126337685_633051_3616" refElementId="_2024x_3_1b700d9_1733126337685_633051_3616" humanType="Association" classType="Association" owner="_2024x_2_1b700d9_1722952904169_947654_3936" ownerRefId="_2024x_2_1b700d9_1722952904169_947654_3936" name="Association[DefaultEffectivenessMatrix - 4.1-Catastrophic-Acceptable]" isRelationship="true" icon="index_files/icon_association_455221454.jpg" hasLink="false" hasActiveHyperLink="false"/><association refid="_2024x_3_1b700d9_1733126334172_266878_3603" refElementId="_2024x_3_1b700d9_1733126334172_266878_3603" humanType="Association" classType="Association" owner="_2024x_2_1b700d9_1722952904169_947654_3936" ownerRefId="_2024x_2_1b700d9_1722952904169_947654_3936" name="Association[DefaultEffectivenessMatrix - 4.2-Catastrophic-Negotiable]" isRelationship="true" icon="index_files/icon_association_455221454.jpg" hasLink="false" hasActiveHyperLink="false"/><association refid="_2024x_3_1b700d9_1733126331733_994425_3590" refElementId="_2024x_3_1b700d9_1733126331733_994425_3590" humanType="Association" classType="Association" owner="_2024x_2_1b700d9_1722952904169_947654_3936" ownerRefId="_2024x_2_1b700d9_1722952904169_947654_3936" name="Association[DefaultEffectivenessMatrix - 4.3-Catastrophic-Unacceptable]" isRelationship="true" icon="index_files/icon_association_455221454.jpg" hasLink="false" hasActiveHyperLink="false"/><association refid="_2024x_3_1b700d9_1733126328974_459933_3577" refElementId="_2024x_3_1b700d9_1733126328974_459933_3577" humanType="Association" classType="Association" owner="_2024x_2_1b700d9_1722952904169_947654_3936" ownerRefId="_2024x_2_1b700d9_1722952904169_947654_3936" name="Association:²[DefaultEffectivenessMatrix - 3.1-Hazardous-Acceptable]" isRelationship="true" icon="index_files/icon_association_455221454.jpg" hasLink="false" hasActiveHyperLink="false"/></ownedElement></package>