<?xml version='1.0' encoding='UTF-8'?><valuetype refid="_2024x_2_156c03bb_1724638424607_467621_3063" refElementId="_2024x_2_156c03bb_1724638424607_467621_3063" humanType="Value Type" classType="Enumeration" owner="_2024x_2_156c03bb_1720472191512_597856_2850" ownerRefId="_2024x_2_156c03bb_1720472191512_597856_2850" name="ElapsedTime" hasChild="true" hasLink="false" hasActiveHyperLink="false"><ownedElement><enumerationliteral refid="_2024x_2_156c03bb_1724638424609_535356_3067" refElementId="_2024x_2_156c03bb_1724638424609_535356_3067" humanType="Enumeration Literal" classType="EnumerationLiteral" owner="_2024x_2_156c03bb_1724638424607_467621_3063" ownerRefId="_2024x_2_156c03bb_1724638424607_467621_3063" name="&lt;= one day" icon="index_files/icon_enumerationliteral_2070756046.jpg" hasLink="false" hasActiveHyperLink="false"/><enumerationliteral refid="_2024x_2_156c03bb_1724638424609_142569_3068" refElementId="_2024x_2_156c03bb_1724638424609_142569_3068" humanType="Enumeration Literal" classType="EnumerationLiteral" owner="_2024x_2_156c03bb_1724638424607_467621_3063" ownerRefId="_2024x_2_156c03bb_1724638424607_467621_3063" name="&lt;= one week" icon="index_files/icon_enumerationliteral_2070756046.jpg" hasLink="false" hasActiveHyperLink="false"/><enumerationliteral refid="_2024x_2_156c03bb_1724834611582_738280_3038" refElementId="_2024x_2_156c03bb_1724834611582_738280_3038" humanType="Enumeration Literal" classType="EnumerationLiteral" owner="_2024x_2_156c03bb_1724638424607_467621_3063" ownerRefId="_2024x_2_156c03bb_1724638424607_467621_3063" name="&lt;= two weeks" icon="index_files/icon_enumerationliteral_2070756046.jpg" hasLink="false" hasActiveHyperLink="false"/><enumerationliteral refid="_2024x_2_156c03bb_1724638424610_615724_3069" refElementId="_2024x_2_156c03bb_1724638424610_615724_3069" humanType="Enumeration Literal" classType="EnumerationLiteral" owner="_2024x_2_156c03bb_1724638424607_467621_3063" ownerRefId="_2024x_2_156c03bb_1724638424607_467621_3063" name="&lt;= one month" icon="index_files/icon_enumerationliteral_2070756046.jpg" hasLink="false" hasActiveHyperLink="false"/><enumerationliteral refid="_2024x_2_156c03bb_1724844999000_832986_3048" refElementId="_2024x_2_156c03bb_1724844999000_832986_3048" humanType="Enumeration Literal" classType="EnumerationLiteral" owner="_2024x_2_156c03bb_1724638424607_467621_3063" ownerRefId="_2024x_2_156c03bb_1724638424607_467621_3063" name="&lt;= two months" icon="index_files/icon_enumerationliteral_2070756046.jpg" hasLink="false" hasActiveHyperLink="false"/><enumerationliteral refid="_2024x_2_156c03bb_1724834659709_176856_3039" refElementId="_2024x_2_156c03bb_1724834659709_176856_3039" humanType="Enumeration Literal" classType="EnumerationLiteral" owner="_2024x_2_156c03bb_1724638424607_467621_3063" ownerRefId="_2024x_2_156c03bb_1724638424607_467621_3063" name="&lt;= three months" icon="index_files/icon_enumerationliteral_2070756046.jpg" hasLink="false" hasActiveHyperLink="false"/><enumerationliteral refid="_2024x_2_156c03bb_1724834676758_227536_3040" refElementId="_2024x_2_156c03bb_1724834676758_227536_3040" humanType="Enumeration Literal" classType="EnumerationLiteral" owner="_2024x_2_156c03bb_1724638424607_467621_3063" ownerRefId="_2024x_2_156c03bb_1724638424607_467621_3063" name="&lt;= four months" icon="index_files/icon_enumerationliteral_2070756046.jpg" hasLink="false" hasActiveHyperLink="false"/><enumerationliteral refid="_2024x_2_156c03bb_1724834680293_104633_3041" refElementId="_2024x_2_156c03bb_1724834680293_104633_3041" humanType="Enumeration Literal" classType="EnumerationLiteral" owner="_2024x_2_156c03bb_1724638424607_467621_3063" ownerRefId="_2024x_2_156c03bb_1724638424607_467621_3063" name="&lt;= five months" icon="index_files/icon_enumerationliteral_2070756046.jpg" hasLink="false" hasActiveHyperLink="false"/><enumerationliteral refid="_2024x_2_156c03bb_1724638424610_205642_3070" refElementId="_2024x_2_156c03bb_1724638424610_205642_3070" humanType="Enumeration Literal" classType="EnumerationLiteral" owner="_2024x_2_156c03bb_1724638424607_467621_3063" ownerRefId="_2024x_2_156c03bb_1724638424607_467621_3063" name="&lt;= six months" icon="index_files/icon_enumerationliteral_2070756046.jpg" hasLink="false" hasActiveHyperLink="false"/><enumerationliteral refid="_2024x_2_156c03bb_1724638424610_650704_3071" refElementId="_2024x_2_156c03bb_1724638424610_650704_3071" humanType="Enumeration Literal" classType="EnumerationLiteral" owner="_2024x_2_156c03bb_1724638424607_467621_3063" ownerRefId="_2024x_2_156c03bb_1724638424607_467621_3063" name="> six months" icon="index_files/icon_enumerationliteral_2070756046.jpg" hasLink="false" hasActiveHyperLink="false"/></ownedElement></valuetype>