<?xml version='1.0' encoding='UTF-8'?><attackpath refid="_2024x_2_1b700d9_1723118702634_126213_3410" refElementId="_2024x_2_1b700d9_1723118702634_126213_3410" humanType="AttackPath" classType="Class" owner="_2024x_2_156c03bb_1720472191512_597856_2850" ownerRefId="_2024x_2_156c03bb_1720472191512_597856_2850" name="AbstractAttackPath" hasChild="true" hasLink="false" hasActiveHyperLink="false"><ownedElement><valueproperty refid="_2024x_2_156c03bb_1724639635962_193935_3128" refElementId="_2024x_2_156c03bb_1724639635962_193935_3128" humanType="Value Property" classType="Property" owner="_2024x_2_1b700d9_1723118702634_126213_3410" ownerRefId="_2024x_2_1b700d9_1723118702634_126213_3410" name="Elapsed Time : ElapsedTime [0..1]" icon="index_files/icon_valueproperty_1098392512.jpg" hasLink="false" hasActiveHyperLink="false"/><valueproperty refid="_2024x_2_156c03bb_1724645751279_586553_3134" refElementId="_2024x_2_156c03bb_1724645751279_586553_3134" humanType="Value Property" classType="Property" owner="_2024x_2_1b700d9_1723118702634_126213_3410" ownerRefId="_2024x_2_1b700d9_1723118702634_126213_3410" name="Expertise : Expertise [0..1]" icon="index_files/icon_valueproperty_1098392512.jpg" hasLink="false" hasActiveHyperLink="false"/><valueproperty refid="_2024x_2_156c03bb_1724645793779_956717_3138" refElementId="_2024x_2_156c03bb_1724645793779_956717_3138" humanType="Value Property" classType="Property" owner="_2024x_2_1b700d9_1723118702634_126213_3410" ownerRefId="_2024x_2_1b700d9_1723118702634_126213_3410" name="Knowledge of TOE : KnowledgeOfTargetOfEvaluation [0..1]" icon="index_files/icon_valueproperty_1098392512.jpg" hasLink="false" hasActiveHyperLink="false"/><valueproperty refid="_2024x_2_156c03bb_1724645855967_966725_3142" refElementId="_2024x_2_156c03bb_1724645855967_966725_3142" humanType="Value Property" classType="Property" owner="_2024x_2_1b700d9_1723118702634_126213_3410" ownerRefId="_2024x_2_1b700d9_1723118702634_126213_3410" name="Equipment : Equipment [0..1]" icon="index_files/icon_valueproperty_1098392512.jpg" hasLink="false" hasActiveHyperLink="false"/><valueproperty refid="_2024x_2_156c03bb_1724645887458_829371_3146" refElementId="_2024x_2_156c03bb_1724645887458_829371_3146" humanType="Value Property" classType="Property" owner="_2024x_2_1b700d9_1723118702634_126213_3410" ownerRefId="_2024x_2_1b700d9_1723118702634_126213_3410" name="Window of Opportunity : WindowOfOpportunity [0..1]" icon="index_files/icon_valueproperty_1098392512.jpg" hasLink="false" hasActiveHyperLink="false"/><generalization refid="_2024x_2_1b700d9_1723118702636_576842_3416" refElementId="_2024x_2_1b700d9_1723118702636_576842_3416" humanType="Generalization" classType="Generalization" owner="_2024x_2_1b700d9_1723118702634_126213_3410" ownerRefId="_2024x_2_1b700d9_1723118702634_126213_3410" name="Generalization[AbstractAttackPath -> AbstractEvent]" isRelationship="true" icon="index_files/icon_generalization_467937204.jpg" hasLink="false" hasActiveHyperLink="false"/><generalization refid="_2024x_2_1b700d9_1723118702636_657662_3417" refElementId="_2024x_2_1b700d9_1723118702636_657662_3417" humanType="Generalization" classType="Generalization" owner="_2024x_2_1b700d9_1723118702634_126213_3410" ownerRefId="_2024x_2_1b700d9_1723118702634_126213_3410" name="Generalization[AbstractAttackPath -> Scenario]" isRelationship="true" icon="index_files/icon_generalization_467937204.jpg" hasLink="false" hasActiveHyperLink="false"/></ownedElement></attackpath>