<?xml version='1.0' encoding='UTF-8'?><customization refid="_2024x_2_1b700d9_1722872967884_367540_3266" refElementId="_2024x_2_1b700d9_1722872967884_367540_3266" humanType="Customization" classType="Class" owner="_2024x_2_156c03bb_1720472179846_246262_2849" ownerRefId="_2024x_2_156c03bb_1720472179846_246262_2849" name="ThreatScenarioCustomization" hasChild="true" hasLink="false" hasActiveHyperLink="false"><ownedElement><autonumberingproperty refid="_2024x_2_1b700d9_1723119307934_993280_3458" refElementId="_2024x_2_1b700d9_1723119307934_993280_3458" humanType="Auto Numbering Property" classType="Property" owner="_2024x_2_1b700d9_1722872967884_367540_3266" ownerRefId="_2024x_2_1b700d9_1722872967884_367540_3266" name="-autoNumber" icon="index_files/icon_autonumberingproperty_514738438.jpg" hasLink="false" hasActiveHyperLink="false"/><derivedpropertyspecification refid="_2024x_3_156c03bb_1731475269240_568612_3095" refElementId="_2024x_3_156c03bb_1731475269240_568612_3095" humanType="Derived Property Specification" classType="Property" owner="_2024x_2_1b700d9_1722872967884_367540_3266" ownerRefId="_2024x_2_1b700d9_1722872967884_367540_3266" name="-threatSource : Classifier [0..1]" icon="index_files/icon_derivedpropertyspecification_514738438.jpg" hasLink="false" hasActiveHyperLink="false"/><derivedpropertyspecification refid="_2024x_2_156c03bb_1723815340287_626561_3057" refElementId="_2024x_2_156c03bb_1723815340287_626561_3057" humanType="Derived Property Specification" classType="Property" owner="_2024x_2_1b700d9_1722872967884_367540_3266" ownerRefId="_2024x_2_1b700d9_1722872967884_367540_3266" name="-vulnerability : Class [0..1]" icon="index_files/icon_derivedpropertyspecification_514738438.jpg" hasLink="false" hasActiveHyperLink="false"/><derivedpropertyspecification refid="_2024x_2_156c03bb_1723856589001_630297_3066" refElementId="_2024x_2_156c03bb_1723856589001_630297_3066" humanType="Derived Property Specification" classType="Property" owner="_2024x_2_1b700d9_1722872967884_367540_3266" ownerRefId="_2024x_2_1b700d9_1722872967884_367540_3266" name="-attackPath : Class [0..*]" icon="index_files/icon_derivedpropertyspecification_514738438.jpg" hasLink="false" hasActiveHyperLink="false"/><derivedpropertyspecification refid="_2024x_2_156c03bb_1723856658683_86078_3070" refElementId="_2024x_2_156c03bb_1723856658683_86078_3070" humanType="Derived Property Specification" classType="Property" owner="_2024x_2_1b700d9_1722872967884_367540_3266" ownerRefId="_2024x_2_1b700d9_1722872967884_367540_3266" name="-misuseCase : Class [0..1]" icon="index_files/icon_derivedpropertyspecification_514738438.jpg" hasLink="false" hasActiveHyperLink="false"/><derivedpropertyspecification refid="_2024x_3_156c03bb_1729490857140_738402_3082" refElementId="_2024x_3_156c03bb_1729490857140_738402_3082" humanType="Derived Property Specification" classType="Property" owner="_2024x_2_1b700d9_1722872967884_367540_3266" ownerRefId="_2024x_2_1b700d9_1722872967884_367540_3266" name="-threatCondition : Class [0..*]" icon="index_files/icon_derivedpropertyspecification_514738438.jpg" hasLink="false" hasActiveHyperLink="false"/><derivedpropertyspecification refid="_2024x_3_156c03bb_1727255591929_936216_3077" refElementId="_2024x_3_156c03bb_1727255591929_936216_3077" humanType="Derived Property Specification" classType="Property" owner="_2024x_2_1b700d9_1722872967884_367540_3266" ownerRefId="_2024x_2_1b700d9_1722872967884_367540_3266" name="-higherLevelThreatScenario : Classifier [0..*]" icon="index_files/icon_derivedpropertyspecification_514738438.jpg" hasLink="false" hasActiveHyperLink="false"/><derivedpropertyspecification refid="_2024x_3_156c03bb_1727256284051_534727_4081" refElementId="_2024x_3_156c03bb_1727256284051_534727_4081" humanType="Derived Property Specification" classType="Property" owner="_2024x_2_1b700d9_1722872967884_367540_3266" ownerRefId="_2024x_2_1b700d9_1722872967884_367540_3266" name="-lowerLevelThreatScenario : Classifier [0..*]" icon="index_files/icon_derivedpropertyspecification_514738438.jpg" hasLink="false" hasActiveHyperLink="false"/><derivedpropertyspecification refid="_2024x_2_156c03bb_1723856741672_861139_3074" refElementId="_2024x_2_156c03bb_1723856741672_861139_3074" humanType="Derived Property Specification" classType="Property" owner="_2024x_2_1b700d9_1722872967884_367540_3266" ownerRefId="_2024x_2_1b700d9_1722872967884_367540_3266" name="-requirement : Class [0..*]" icon="index_files/icon_derivedpropertyspecification_514738438.jpg" hasLink="false" hasActiveHyperLink="false"/><derivedpropertyspecification refid="_2024x_3_1b700d9_1733231338994_383156_3477" refElementId="_2024x_3_1b700d9_1733231338994_383156_3477" humanType="Derived Property Specification" classType="Property" owner="_2024x_2_1b700d9_1722872967884_367540_3266" ownerRefId="_2024x_2_1b700d9_1722872967884_367540_3266" name="-securityMeasure : Class [0..*]" icon="index_files/icon_derivedpropertyspecification_514738438.jpg" hasLink="false" hasActiveHyperLink="false"/><derivedpropertyspecification refid="_2024x_3_1b700d9_1733160110142_63559_3157" refElementId="_2024x_3_1b700d9_1733160110142_63559_3157" humanType="Derived Property Specification" classType="Property" owner="_2024x_2_1b700d9_1722872967884_367540_3266" ownerRefId="_2024x_2_1b700d9_1722872967884_367540_3266" name="-inheritedImpact : EnumerationLiteral [0..1]" icon="index_files/icon_derivedpropertyspecification_514738438.jpg" hasLink="false" hasActiveHyperLink="false"/><derivedpropertyspecification refid="_2024x_2_1b700d9_1722884171495_733510_4075" refElementId="_2024x_2_1b700d9_1722884171495_733510_4075" humanType="Derived Property Specification" classType="Property" owner="_2024x_2_1b700d9_1722872967884_367540_3266" ownerRefId="_2024x_2_1b700d9_1722872967884_367540_3266" name="-aggregatedImpactRating : EnumerationLiteral [0..1]" icon="index_files/icon_derivedpropertyspecification_514738438.jpg" hasLink="false" hasActiveHyperLink="false"/><derivedpropertyspecification refid="_2024x_3_1b700d9_1733160167247_468754_3161" refElementId="_2024x_3_1b700d9_1733160167247_468754_3161" humanType="Derived Property Specification" classType="Property" owner="_2024x_2_1b700d9_1722872967884_367540_3266" ownerRefId="_2024x_2_1b700d9_1722872967884_367540_3266" name="-effectiveness : Integer [0..1]" icon="index_files/icon_derivedpropertyspecification_514738438.jpg" hasLink="false" hasActiveHyperLink="false"/><derivedpropertyspecification refid="_2024x_2_156c03bb_1725592434311_778027_3063" refElementId="_2024x_2_156c03bb_1725592434311_778027_3063" humanType="Derived Property Specification" classType="Property" owner="_2024x_2_1b700d9_1722872967884_367540_3266" ownerRefId="_2024x_2_1b700d9_1722872967884_367540_3266" name="-likelihood : Integer [0..1]" icon="index_files/icon_derivedpropertyspecification_514738438.jpg" hasLink="false" hasActiveHyperLink="false"/><derivedpropertyspecification refid="_2024x_2_156c03bb_1725598484407_393940_3125" refElementId="_2024x_2_156c03bb_1725598484407_393940_3125" humanType="Derived Property Specification" classType="Property" owner="_2024x_2_1b700d9_1722872967884_367540_3266" ownerRefId="_2024x_2_1b700d9_1722872967884_367540_3266" name="-risk : EnumerationLiteral [0..1]" icon="index_files/icon_derivedpropertyspecification_514738438.jpg" hasLink="false" hasActiveHyperLink="false"/><derivedpropertyspecification refid="_2024x_3_156c03bb_1733877393007_329971_3163" refElementId="_2024x_3_156c03bb_1733877393007_329971_3163" humanType="Derived Property Specification" classType="Property" owner="_2024x_2_1b700d9_1722872967884_367540_3266" ownerRefId="_2024x_2_1b700d9_1722872967884_367540_3266" name="-localImpact : EnumerationLiteral [0..1]" icon="index_files/icon_derivedpropertyspecification_514738438.jpg" hasLink="false" hasActiveHyperLink="false"/></ownedElement></customization>