<?xml version='1.0' encoding='UTF-8'?><package refid="_2024x_2_65d022e_1742491223923_240411_43" refElementId="_2024x_2_65d022e_1742491223923_240411_43" humanType="Package" classType="Package" owner="_2024x_2_65d022e_1742060189000_770295_43" ownerRefId="_2024x_2_65d022e_1742060189000_770295_43" name="01 L1 Aircraft Level" hasChild="true" hasLink="false" hasActiveHyperLink="false"><ownedElement><package refid="_2024x_2_65d022e_1742809374188_439862_43" refElementId="_2024x_2_65d022e_1742809374188_439862_43" humanType="Package" classType="Package" owner="_2024x_2_65d022e_1742491223923_240411_43" ownerRefId="_2024x_2_65d022e_1742491223923_240411_43" name="00 Aircraft Level Stakeholder" icon="index_files/icon_package_1954448985.jpg" hasChild="true" hasLink="false" hasActiveHyperLink="false"/><package refid="_2024x_2_65d022e_1742809414297_412384_45" refElementId="_2024x_2_65d022e_1742809414297_412384_45" humanType="Package" classType="Package" owner="_2024x_2_65d022e_1742491223923_240411_43" ownerRefId="_2024x_2_65d022e_1742491223923_240411_43" name="01 Aircraft Level Functions" icon="index_files/icon_package_1954448985.jpg" hasChild="true" hasLink="false" hasActiveHyperLink="false"/><package refid="_2024x_2_65d022e_1742819680592_72018_127" refElementId="_2024x_2_65d022e_1742819680592_72018_127" humanType="Package" classType="Package" owner="_2024x_2_65d022e_1742491223923_240411_43" ownerRefId="_2024x_2_65d022e_1742491223923_240411_43" name="02 Aircraft Level Interface Flows" icon="index_files/icon_package_1954448985.jpg" hasChild="true" hasLink="false" hasActiveHyperLink="false"/><package refid="_2024x_2_65d022e_1751193025286_643020_4070" refElementId="_2024x_2_65d022e_1751193025286_643020_4070" humanType="Package" classType="Package" owner="_2024x_2_65d022e_1742491223923_240411_43" ownerRefId="_2024x_2_65d022e_1742491223923_240411_43" name="03 Aircraft Level Use Cases" icon="index_files/icon_package_1954448985.jpg" hasChild="true" hasLink="false" hasActiveHyperLink="false"/><block refid="_2024x_2_65d022e_1742809486270_497801_46" refElementId="_2024x_2_65d022e_1742809486270_497801_46" humanType="Block" classType="Class" owner="_2024x_2_65d022e_1742491223923_240411_43" ownerRefId="_2024x_2_65d022e_1742491223923_240411_43" name="Aircraft Level horizontal functional architecture" icon="index_files/icon_block_1840986298.jpg" hasChild="true" hasLink="true" hasActiveHyperLink="false"/><block refid="_2024x_2_65d022e_1742809522993_619876_47" refElementId="_2024x_2_65d022e_1742809522993_619876_47" humanType="Block" classType="Class" owner="_2024x_2_65d022e_1742491223923_240411_43" ownerRefId="_2024x_2_65d022e_1742491223923_240411_43" name="Aircraft Level vertical functional architecture" icon="index_files/icon_block_1840986298.jpg" hasChild="true" hasLink="true" hasActiveHyperLink="false"/><association refid="_2024x_2_65d022e_1743071177605_507989_73" refElementId="_2024x_2_65d022e_1743071177605_507989_73" humanType="Association" classType="Association" owner="_2024x_2_65d022e_1742491223923_240411_43" ownerRefId="_2024x_2_65d022e_1742491223923_240411_43" name="Association[Aircraft Level horizontal functional architecture -> L1 AcFct 2: manage   Bestellung von  Speisen   und Getränken]" isRelationship="true" icon="index_files/icon_association_1164290114.jpg" hasChild="true" hasLink="false" hasActiveHyperLink="false"/><association refid="_2024x_2_65d022e_1743071188377_445512_125" refElementId="_2024x_2_65d022e_1743071188377_445512_125" humanType="Association" classType="Association" owner="_2024x_2_65d022e_1742491223923_240411_43" ownerRefId="_2024x_2_65d022e_1742491223923_240411_43" name="Association[Aircraft Level horizontal functional architecture -> L1 AcFct 4: authentifiziere Bediener]" isRelationship="true" icon="index_files/icon_association_1164290114.jpg" hasChild="true" hasLink="false" hasActiveHyperLink="false"/><association refid="_2024x_2_65d022e_1743071191463_539883_151" refElementId="_2024x_2_65d022e_1743071191463_539883_151" humanType="Association" classType="Association" owner="_2024x_2_65d022e_1742491223923_240411_43" ownerRefId="_2024x_2_65d022e_1742491223923_240411_43" name="Association[Aircraft Level horizontal functional architecture -> L1 AcFct 5: liefere ein  bargeldloses  Bezahlsystem]" isRelationship="true" icon="index_files/icon_association_1164290114.jpg" hasChild="true" hasLink="false" hasActiveHyperLink="false"/><association refid="_2024x_2_65d022e_1743071200646_613007_177" refElementId="_2024x_2_65d022e_1743071200646_613007_177" humanType="Association" classType="Association" owner="_2024x_2_65d022e_1742491223923_240411_43" ownerRefId="_2024x_2_65d022e_1742491223923_240411_43" name="Association[Aircraft Level horizontal functional architecture -> L1 AcFct 6: manage Bestellung von Speisen und Getränken manage für die Kabinenbesatzung]" isRelationship="true" icon="index_files/icon_association_1164290114.jpg" hasChild="true" hasLink="false" hasActiveHyperLink="false"/><association refid="_2024x_2_65d022e_1743071202572_30069_203" refElementId="_2024x_2_65d022e_1743071202572_30069_203" humanType="Association" classType="Association" owner="_2024x_2_65d022e_1742491223923_240411_43" ownerRefId="_2024x_2_65d022e_1742491223923_240411_43" name="Association[Aircraft Level horizontal functional architecture -> L1 AcFct 7: liefere ein human  machine interface (HMI) für die  Kabinenbesatzung]" isRelationship="true" icon="index_files/icon_association_1164290114.jpg" hasChild="true" hasLink="false" hasActiveHyperLink="false"/><association refid="_2024x_2_65d022e_1743071204692_857459_229" refElementId="_2024x_2_65d022e_1743071204692_857459_229" humanType="Association" classType="Association" owner="_2024x_2_65d022e_1742491223923_240411_43" ownerRefId="_2024x_2_65d022e_1742491223923_240411_43" name="Association[Aircraft Level horizontal functional architecture -> L1 AcFct 8: liefere Überwachung  des Küchengerätestatus]" isRelationship="true" icon="index_files/icon_association_1164290114.jpg" hasChild="true" hasLink="false" hasActiveHyperLink="false"/><association refid="_2024x_2_65d022e_1743071206682_982536_255" refElementId="_2024x_2_65d022e_1743071206682_982536_255" humanType="Association" classType="Association" owner="_2024x_2_65d022e_1742491223923_240411_43" ownerRefId="_2024x_2_65d022e_1742491223923_240411_43" name="Association[Aircraft Level horizontal functional architecture -> L1 AcFct 9: liefere Flugzeugdaten]" isRelationship="true" icon="index_files/icon_association_1164290114.jpg" hasChild="true" hasLink="false" hasActiveHyperLink="false"/><association refid="_2024x_2_65d022e_1743071209200_834884_281" refElementId="_2024x_2_65d022e_1743071209200_834884_281" humanType="Association" classType="Association" owner="_2024x_2_65d022e_1742491223923_240411_43" ownerRefId="_2024x_2_65d022e_1742491223923_240411_43" name="Association[Aircraft Level horizontal functional architecture -> L1 AcFct 10: liefere  Datenspeicherung]" isRelationship="true" icon="index_files/icon_association_1164290114.jpg" hasChild="true" hasLink="false" hasActiveHyperLink="false"/><association refid="_2024x_2_65d022e_1743071212090_415632_307" refElementId="_2024x_2_65d022e_1743071212090_415632_307" humanType="Association" classType="Association" owner="_2024x_2_65d022e_1742491223923_240411_43" ownerRefId="_2024x_2_65d022e_1742491223923_240411_43" name="Association[Aircraft Level horizontal functional architecture -> L1 AcFct 11: liefere Auswertung  der flugbezogenen  Verbrauchsdaten]" isRelationship="true" icon="index_files/icon_association_1164290114.jpg" hasChild="true" hasLink="false" hasActiveHyperLink="false"/><association refid="_2024x_2_65d022e_1743071215557_775872_333" refElementId="_2024x_2_65d022e_1743071215557_775872_333" humanType="Association" classType="Association" owner="_2024x_2_65d022e_1742491223923_240411_43" ownerRefId="_2024x_2_65d022e_1742491223923_240411_43" name="Association[Aircraft Level horizontal functional architecture -> L1 AcFct 12: liefere   Bodenkonnektivität]" isRelationship="true" icon="index_files/icon_association_1164290114.jpg" hasChild="true" hasLink="false" hasActiveHyperLink="false"/><association refid="_2024x_2_65d022e_1743071185341_689174_99" refElementId="_2024x_2_65d022e_1743071185341_689174_99" humanType="Association" classType="Association" owner="_2024x_2_65d022e_1742491223923_240411_43" ownerRefId="_2024x_2_65d022e_1742491223923_240411_43" name="Association[Aircraft Level horizontal functional architecture -> manage   passagierbezogene Informationen]" isRelationship="true" icon="index_files/icon_association_1164290114.jpg" hasChild="true" hasLink="false" hasActiveHyperLink="false"/><itemflow refid="_2024x_2_65d022e_1743331322132_888476_897" refElementId="_2024x_2_65d022e_1743331322132_888476_897" humanType="Item Flow" classType="InformationFlow" owner="_2024x_2_65d022e_1742491223923_240411_43" ownerRefId="_2024x_2_65d022e_1742491223923_240411_43" name="Item Flow:flow for [ : Bodenstation -> p3]" isRelationship="true" icon="index_files/icon_itemflow_1879180026.jpg" hasLink="false" hasActiveHyperLink="false"/><itemflow refid="_2024x_2_65d022e_1743331534507_64831_933" refElementId="_2024x_2_65d022e_1743331534507_64831_933" humanType="Item Flow" classType="InformationFlow" owner="_2024x_2_65d022e_1742491223923_240411_43" ownerRefId="_2024x_2_65d022e_1742491223923_240411_43" name="Item Flow:flow for [ : Kabinenbesatzung -> p2]" isRelationship="true" icon="index_files/icon_itemflow_1879180026.jpg" hasLink="false" hasActiveHyperLink="false"/><itemflow refid="_2024x_2_65d022e_1743331495055_95571_927" refElementId="_2024x_2_65d022e_1743331495055_95571_927" humanType="Item Flow" classType="InformationFlow" owner="_2024x_2_65d022e_1742491223923_240411_43" ownerRefId="_2024x_2_65d022e_1742491223923_240411_43" name="Item Flow:flow for [ : Passagier -> p1]" isRelationship="true" icon="index_files/icon_itemflow_1879180026.jpg" hasLink="false" hasActiveHyperLink="false"/><itemflow refid="_2024x_2_65d022e_1743331485710_28018_924" refElementId="_2024x_2_65d022e_1743331485710_28018_924" humanType="Item Flow" classType="InformationFlow" owner="_2024x_2_65d022e_1742491223923_240411_43" ownerRefId="_2024x_2_65d022e_1742491223923_240411_43" name="Item Flow:flow for [p1 ->  : Passagier]" isRelationship="true" icon="index_files/icon_itemflow_1879180026.jpg" hasLink="false" hasActiveHyperLink="false"/><itemflow refid="_2024x_2_65d022e_1743331356469_608436_900" refElementId="_2024x_2_65d022e_1743331356469_608436_900" humanType="Item Flow" classType="InformationFlow" owner="_2024x_2_65d022e_1742491223923_240411_43" ownerRefId="_2024x_2_65d022e_1742491223923_240411_43" name="Item Flow:flow for [p1 -> p1]" isRelationship="true" icon="index_files/icon_itemflow_1879180026.jpg" hasLink="false" hasActiveHyperLink="false"/><itemflow refid="_2024x_2_65d022e_1743331388626_938000_909" refElementId="_2024x_2_65d022e_1743331388626_938000_909" humanType="Item Flow" classType="InformationFlow" owner="_2024x_2_65d022e_1742491223923_240411_43" ownerRefId="_2024x_2_65d022e_1742491223923_240411_43" name="Item Flow:flow for [p1 -> p2]" isRelationship="true" icon="index_files/icon_itemflow_1879180026.jpg" hasLink="false" hasActiveHyperLink="false"/><itemflow refid="_2024x_2_65d022e_1743331611425_942417_936" refElementId="_2024x_2_65d022e_1743331611425_942417_936" humanType="Item Flow" classType="InformationFlow" owner="_2024x_2_65d022e_1742491223923_240411_43" ownerRefId="_2024x_2_65d022e_1742491223923_240411_43" name="Item Flow:flow for [p1 -> p2]" isRelationship="true" icon="index_files/icon_itemflow_1879180026.jpg" hasLink="false" hasActiveHyperLink="false"/><itemflow refid="_2024x_2_65d022e_1743331638458_61725_945" refElementId="_2024x_2_65d022e_1743331638458_61725_945" humanType="Item Flow" classType="InformationFlow" owner="_2024x_2_65d022e_1742491223923_240411_43" ownerRefId="_2024x_2_65d022e_1742491223923_240411_43" name="Item Flow:flow for [p1 -> p2]" isRelationship="true" icon="index_files/icon_itemflow_1879180026.jpg" hasLink="false" hasActiveHyperLink="false"/><itemflow refid="_2024x_2_65d022e_1743331713036_715778_969" refElementId="_2024x_2_65d022e_1743331713036_715778_969" humanType="Item Flow" classType="InformationFlow" owner="_2024x_2_65d022e_1742491223923_240411_43" ownerRefId="_2024x_2_65d022e_1742491223923_240411_43" name="Item Flow:flow for [p1 -> p2]" isRelationship="true" icon="index_files/icon_itemflow_1879180026.jpg" hasLink="false" hasActiveHyperLink="false"/><itemflow refid="_2024x_2_65d022e_1743331452593_670313_918" refElementId="_2024x_2_65d022e_1743331452593_670313_918" humanType="Item Flow" classType="InformationFlow" owner="_2024x_2_65d022e_1742491223923_240411_43" ownerRefId="_2024x_2_65d022e_1742491223923_240411_43" name="Item Flow:flow for [p1 -> p3]" isRelationship="true" icon="index_files/icon_itemflow_1879180026.jpg" hasLink="false" hasActiveHyperLink="false"/><itemflow refid="_2024x_2_65d022e_1743331719568_937123_972" refElementId="_2024x_2_65d022e_1743331719568_937123_972" humanType="Item Flow" classType="InformationFlow" owner="_2024x_2_65d022e_1742491223923_240411_43" ownerRefId="_2024x_2_65d022e_1742491223923_240411_43" name="Item Flow:flow for [p1 -> p3]" isRelationship="true" icon="index_files/icon_itemflow_1879180026.jpg" hasLink="false" hasActiveHyperLink="false"/><itemflow refid="_2024x_2_65d022e_1743331525222_318364_930" refElementId="_2024x_2_65d022e_1743331525222_318364_930" humanType="Item Flow" classType="InformationFlow" owner="_2024x_2_65d022e_1742491223923_240411_43" ownerRefId="_2024x_2_65d022e_1742491223923_240411_43" name="Item Flow:flow for [p2 ->  : Kabinenbesatzung]" isRelationship="true" icon="index_files/icon_itemflow_1879180026.jpg" hasLink="false" hasActiveHyperLink="false"/><itemflow refid="_2024x_2_65d022e_1743331469132_207979_921" refElementId="_2024x_2_65d022e_1743331469132_207979_921" humanType="Item Flow" classType="InformationFlow" owner="_2024x_2_65d022e_1742491223923_240411_43" ownerRefId="_2024x_2_65d022e_1742491223923_240411_43" name="Item Flow:flow for [p2 -> p1]" isRelationship="true" icon="index_files/icon_itemflow_1879180026.jpg" hasLink="false" hasActiveHyperLink="false"/><itemflow refid="_2024x_2_65d022e_1743331620477_916096_939" refElementId="_2024x_2_65d022e_1743331620477_916096_939" humanType="Item Flow" classType="InformationFlow" owner="_2024x_2_65d022e_1742491223923_240411_43" ownerRefId="_2024x_2_65d022e_1742491223923_240411_43" name="Item Flow:flow for [p2 -> p1]" isRelationship="true" icon="index_files/icon_itemflow_1879180026.jpg" hasLink="false" hasActiveHyperLink="false"/><itemflow refid="_2024x_2_65d022e_1743331631971_440229_942" refElementId="_2024x_2_65d022e_1743331631971_440229_942" humanType="Item Flow" classType="InformationFlow" owner="_2024x_2_65d022e_1742491223923_240411_43" ownerRefId="_2024x_2_65d022e_1742491223923_240411_43" name="Item Flow:flow for [p2 -> p1]" isRelationship="true" icon="index_files/icon_itemflow_1879180026.jpg" hasLink="false" hasActiveHyperLink="false"/><itemflow refid="_2024x_2_65d022e_1743331657523_342354_951" refElementId="_2024x_2_65d022e_1743331657523_342354_951" humanType="Item Flow" classType="InformationFlow" owner="_2024x_2_65d022e_1742491223923_240411_43" ownerRefId="_2024x_2_65d022e_1742491223923_240411_43" name="Item Flow:flow for [p2 -> p1]" isRelationship="true" icon="index_files/icon_itemflow_1879180026.jpg" hasLink="false" hasActiveHyperLink="false"/><itemflow refid="_2024x_2_65d022e_1743331680623_911673_960" refElementId="_2024x_2_65d022e_1743331680623_911673_960" humanType="Item Flow" classType="InformationFlow" owner="_2024x_2_65d022e_1742491223923_240411_43" ownerRefId="_2024x_2_65d022e_1742491223923_240411_43" name="Item Flow:flow for [p2 -> p1]" isRelationship="true" icon="index_files/icon_itemflow_1879180026.jpg" hasLink="false" hasActiveHyperLink="false"/><itemflow refid="_2024x_2_65d022e_1743331705550_249349_966" refElementId="_2024x_2_65d022e_1743331705550_249349_966" humanType="Item Flow" classType="InformationFlow" owner="_2024x_2_65d022e_1742491223923_240411_43" ownerRefId="_2024x_2_65d022e_1742491223923_240411_43" name="Item Flow:flow for [p2 -> p1]" isRelationship="true" icon="index_files/icon_itemflow_1879180026.jpg" hasLink="false" hasActiveHyperLink="false"/><itemflow refid="_2024x_2_65d022e_1743331370411_708768_903" refElementId="_2024x_2_65d022e_1743331370411_708768_903" humanType="Item Flow" classType="InformationFlow" owner="_2024x_2_65d022e_1742491223923_240411_43" ownerRefId="_2024x_2_65d022e_1742491223923_240411_43" name="Item Flow:flow for [p2 -> p2]" isRelationship="true" icon="index_files/icon_itemflow_1879180026.jpg" hasLink="false" hasActiveHyperLink="false"/><itemflow refid="_2024x_2_65d022e_1743331379976_229638_906" refElementId="_2024x_2_65d022e_1743331379976_229638_906" humanType="Item Flow" classType="InformationFlow" owner="_2024x_2_65d022e_1742491223923_240411_43" ownerRefId="_2024x_2_65d022e_1742491223923_240411_43" name="Item Flow:flow for [p2 -> p2]" isRelationship="true" icon="index_files/icon_itemflow_1879180026.jpg" hasLink="false" hasActiveHyperLink="false"/><itemflow refid="_2024x_2_65d022e_1747157818802_890831_25" refElementId="_2024x_2_65d022e_1747157818802_890831_25" humanType="Item Flow" classType="InformationFlow" owner="_2024x_2_65d022e_1742491223923_240411_43" ownerRefId="_2024x_2_65d022e_1742491223923_240411_43" name="Item Flow:flow for [p2 -> p4]" isRelationship="true" icon="index_files/icon_itemflow_1879180026.jpg" hasLink="false" hasActiveHyperLink="false"/><itemflow refid="_2024x_2_65d022e_1743331310428_522670_894" refElementId="_2024x_2_65d022e_1743331310428_522670_894" humanType="Item Flow" classType="InformationFlow" owner="_2024x_2_65d022e_1742491223923_240411_43" ownerRefId="_2024x_2_65d022e_1742491223923_240411_43" name="Item Flow:flow for [p3 ->  : Bodenstation]" isRelationship="true" icon="index_files/icon_itemflow_1879180026.jpg" hasLink="false" hasActiveHyperLink="false"/><itemflow refid="_2024x_2_65d022e_1743331398343_561791_912" refElementId="_2024x_2_65d022e_1743331398343_561791_912" humanType="Item Flow" classType="InformationFlow" owner="_2024x_2_65d022e_1742491223923_240411_43" ownerRefId="_2024x_2_65d022e_1742491223923_240411_43" name="Item Flow:flow for [p3 -> p3]" isRelationship="true" icon="index_files/icon_itemflow_1879180026.jpg" hasLink="false" hasActiveHyperLink="false"/><itemflow refid="_2024x_2_65d022e_1743331665617_232580_954" refElementId="_2024x_2_65d022e_1743331665617_232580_954" humanType="Item Flow" classType="InformationFlow" owner="_2024x_2_65d022e_1742491223923_240411_43" ownerRefId="_2024x_2_65d022e_1742491223923_240411_43" name="Item Flow:flow for [p3 -> p3]" isRelationship="true" icon="index_files/icon_itemflow_1879180026.jpg" hasLink="false" hasActiveHyperLink="false"/><itemflow refid="_2024x_2_65d022e_1743331672165_813618_957" refElementId="_2024x_2_65d022e_1743331672165_813618_957" humanType="Item Flow" classType="InformationFlow" owner="_2024x_2_65d022e_1742491223923_240411_43" ownerRefId="_2024x_2_65d022e_1742491223923_240411_43" name="Item Flow:flow for [p3 -> p3]" isRelationship="true" icon="index_files/icon_itemflow_1879180026.jpg" hasLink="false" hasActiveHyperLink="false"/><itemflow refid="_2024x_2_65d022e_1743331740820_140090_975" refElementId="_2024x_2_65d022e_1743331740820_140090_975" humanType="Item Flow" classType="InformationFlow" owner="_2024x_2_65d022e_1742491223923_240411_43" ownerRefId="_2024x_2_65d022e_1742491223923_240411_43" name="Item Flow:flow for [p3 -> p3]" isRelationship="true" icon="index_files/icon_itemflow_1879180026.jpg" hasLink="false" hasActiveHyperLink="false"/><itemflow refid="_2024x_2_65d022e_1743331748302_431242_978" refElementId="_2024x_2_65d022e_1743331748302_431242_978" humanType="Item Flow" classType="InformationFlow" owner="_2024x_2_65d022e_1742491223923_240411_43" ownerRefId="_2024x_2_65d022e_1742491223923_240411_43" name="Item Flow:flow for [p3 -> p3]" isRelationship="true" icon="index_files/icon_itemflow_1879180026.jpg" hasLink="false" hasActiveHyperLink="false"/><itemflow refid="_2024x_2_65d022e_1745244012798_810463_72" refElementId="_2024x_2_65d022e_1745244012798_810463_72" humanType="Item Flow" classType="InformationFlow" owner="_2024x_2_65d022e_1742491223923_240411_43" ownerRefId="_2024x_2_65d022e_1742491223923_240411_43" name="Item Flow:flow for [p4 -> p2]" isRelationship="true" icon="index_files/icon_itemflow_1879180026.jpg" hasLink="false" hasActiveHyperLink="false"/><itemflow refid="_2024x_2_65d022e_1743103251944_230258_318" refElementId="_2024x_2_65d022e_1743103251944_230258_318" humanType="Item Flow" classType="InformationFlow" owner="_2024x_2_65d022e_1742491223923_240411_43" ownerRefId="_2024x_2_65d022e_1742491223923_240411_43" name="Item Flow:flow for bidirectional[ : Bodenstation ->  : L1 AcFct 12: liefere   Bodenkonnektivität]" isRelationship="true" icon="index_files/icon_itemflow_1879180026.jpg" hasLink="false" hasActiveHyperLink="false"/><itemflow refid="_2024x_2_65d022e_1743103242097_678939_315" refElementId="_2024x_2_65d022e_1743103242097_678939_315" humanType="Item Flow" classType="InformationFlow" owner="_2024x_2_65d022e_1742491223923_240411_43" ownerRefId="_2024x_2_65d022e_1742491223923_240411_43" name="Item Flow:flow for bidirectional[ : L1 AcFct 12: liefere   Bodenkonnektivität ->  : Bodenstation]" isRelationship="true" icon="index_files/icon_itemflow_1879180026.jpg" hasLink="false" hasActiveHyperLink="false"/><itemflow refid="_2024x_2_65d022e_1743159818746_790974_38" refElementId="_2024x_2_65d022e_1743159818746_790974_38" humanType="Item Flow" classType="InformationFlow" owner="_2024x_2_65d022e_1742491223923_240411_43" ownerRefId="_2024x_2_65d022e_1742491223923_240411_43" name="Item Flow:flow for unidirectional[ : L1 AcFct 4: authentifiziere Bediener ->  : L1 AcFct 1: liefere ein human   machine interface (HMI) für den Passagier]" isRelationship="true" icon="index_files/icon_itemflow_1879180026.jpg" hasLink="false" hasActiveHyperLink="false"/><itemflow refid="_2024x_2_65d022e_1743103268054_491629_321" refElementId="_2024x_2_65d022e_1743103268054_491629_321" humanType="Item Flow" classType="InformationFlow" owner="_2024x_2_65d022e_1742491223923_240411_43" ownerRefId="_2024x_2_65d022e_1742491223923_240411_43" name="Item Flow:flow for unidirectional[ : L1 AcFct 10: liefere  Datenspeicherung ->  : L1 AcFct 12: liefere   Bodenkonnektivität]" isRelationship="true" icon="index_files/icon_itemflow_1879180026.jpg" hasLink="false" hasActiveHyperLink="false"/></ownedElement></package>