<?xml version='1.0' encoding='UTF-8'?><magicdraw><model id="eee_1045467100313_135436_1" refElementId="eee_1045467100313_135436_1" humanType="Model" classType="Model" requireSort="node" icon="index_files/icon_model_530861926.jpg"><documentation humanName="Documentation" mode="s">Author:hintz.
Created:7/9/2024 11:34 AM.
Title:.
Comment:.
</documentation><visibility humanName="Visibility">public</visibility><viewpoint humanName="Viewpoint"></viewpoint><qualifiedName humanName="Qualified Name" mode="e">Model</qualifiedName><packagedElement humanName="Packaged Element"><package refid="_2024x_2_65d022e_1742058423552_770487_3284" refElementId="_2024x_2_65d022e_1742058423552_770487_3284" humanType="Package" classType="Package" name="Security Engineering Process (SecEP)" hasDiagram="true" icon="index_files/icon_package_1954448985.jpg"/><package refid="_2024x_2_65d022e_1742060189000_770295_43" refElementId="_2024x_2_65d022e_1742060189000_770295_43" humanType="Package" classType="Package" name="System Engineering Process (SEP)" icon="index_files/icon_package_1954448985.jpg"/><profile refid="_19_0_3_30b0125_1679326260736_322119_1298" refElementId="_19_0_3_30b0125_1679326260736_322119_1298" humanType="Profile" classType="Profile" name="General Security Concepts Profile" icon="index_files/icon_profile_2121503208.jpg"/><package refid="_19_0_8760274_1528902538032_405604_25272" refElementId="_19_0_8760274_1528902538032_405604_25272" humanType="Package" classType="Package" name="Core Library" icon="index_files/icon_package_1954448985.jpg"/><package refid="_18_0beta_8f90291_1391000707955_594012_6218" refElementId="_18_0beta_8f90291_1391000707955_594012_6218" humanType="Package" classType="Package" name="MD Customization for Requirements" icon="index_files/icon_package_1954448985.jpg"/><package refid="_18_0beta_9150291_1392280884421_448498_10673" refElementId="_18_0beta_9150291_1392280884421_448498_10673" humanType="Package" classType="Package" name="MD Customization for ViewsViewpoints" icon="index_files/icon_package_1954448985.jpg"/><profile refid="_18_5_3_f720368_1537716950274_148762_15249" refElementId="_18_5_3_f720368_1537716950274_148762_15249" humanType="Profile" classType="Profile" name="General Concepts Profile" icon="index_files/icon_profile_2121503208.jpg"/><package refid="_18_5_3_f720368_1537717000771_755724_15251" refElementId="_18_5_3_f720368_1537717000771_755724_15251" humanType="Package" classType="Package" name="General Concepts Library" icon="index_files/icon_package_1954448985.jpg"/><package refid="magicdraw_uml_standard_profile_v_0001" refElementId="magicdraw_uml_standard_profile_v_0001" humanType="Package" classType="Package" name="UML Standard Profile" icon="index_files/icon_package_1954448985.jpg"/><profile refid="_11_5EAPbeta_be00301_1147434586638_637562_1900" refElementId="_11_5EAPbeta_be00301_1147434586638_637562_1900" humanType="Profile" classType="Profile" name="SysML" icon="index_files/icon_profile_2121503208.jpg"/><package refid="_12_0EAPbeta_be00301_1156851270584_552173_1" refElementId="_12_0EAPbeta_be00301_1156851270584_552173_1" humanType="Package" classType="Package" name="MD Customization for SysML" icon="index_files/icon_package_1954448985.jpg"/><package refid="_19_0_3_30b0125_1679325843634_424540_171" refElementId="_19_0_3_30b0125_1679325843634_424540_171" humanType="Package" classType="Package" name="General Security Concepts Library" icon="index_files/icon_package_1954448985.jpg"/><profile refid="_2024x_2_1b700d9_1721994356485_186650_1321" refElementId="_2024x_2_1b700d9_1721994356485_186650_1321" humanType="Profile" classType="Profile" name="SysML4Sec Core Profile" icon="index_files/icon_profile_2121503208.jpg"/><profile refid="_18_5_3_f720368_1544384771830_305848_23660" refElementId="_18_5_3_f720368_1544384771830_305848_23660" humanType="Profile" classType="Profile" name="Core Profile" icon="index_files/icon_profile_2121503208.jpg"/><profile refid="_2024x_2_156c03bb_1720472029083_848928_1323" refElementId="_2024x_2_156c03bb_1720472029083_848928_1323" humanType="Profile" classType="Profile" name="SysML4Sec Profile" icon="index_files/icon_profile_2121503208.jpg"/></packagedElement><ownedMember humanName="Owned Member"><package refid="_2024x_2_65d022e_1742058423552_770487_3284" refElementId="_2024x_2_65d022e_1742058423552_770487_3284" humanType="Package" classType="Package" name="Security Engineering Process (SecEP)" hasDiagram="true" icon="index_files/icon_package_1954448985.jpg"/><package refid="_2024x_2_65d022e_1742060189000_770295_43" refElementId="_2024x_2_65d022e_1742060189000_770295_43" humanType="Package" classType="Package" name="System Engineering Process (SEP)" icon="index_files/icon_package_1954448985.jpg"/><profile refid="_19_0_3_30b0125_1679326260736_322119_1298" refElementId="_19_0_3_30b0125_1679326260736_322119_1298" humanType="Profile" classType="Profile" name="General Security Concepts Profile" icon="index_files/icon_profile_2121503208.jpg"/><package refid="_19_0_8760274_1528902538032_405604_25272" refElementId="_19_0_8760274_1528902538032_405604_25272" humanType="Package" classType="Package" name="Core Library" icon="index_files/icon_package_1954448985.jpg"/><package refid="_18_0beta_8f90291_1391000707955_594012_6218" refElementId="_18_0beta_8f90291_1391000707955_594012_6218" humanType="Package" classType="Package" name="MD Customization for Requirements" icon="index_files/icon_package_1954448985.jpg"/><package refid="_18_0beta_9150291_1392280884421_448498_10673" refElementId="_18_0beta_9150291_1392280884421_448498_10673" humanType="Package" classType="Package" name="MD Customization for ViewsViewpoints" icon="index_files/icon_package_1954448985.jpg"/><profile refid="_18_5_3_f720368_1537716950274_148762_15249" refElementId="_18_5_3_f720368_1537716950274_148762_15249" humanType="Profile" classType="Profile" name="General Concepts Profile" icon="index_files/icon_profile_2121503208.jpg"/><package refid="_18_5_3_f720368_1537717000771_755724_15251" refElementId="_18_5_3_f720368_1537717000771_755724_15251" humanType="Package" classType="Package" name="General Concepts Library" icon="index_files/icon_package_1954448985.jpg"/><package refid="magicdraw_uml_standard_profile_v_0001" refElementId="magicdraw_uml_standard_profile_v_0001" humanType="Package" classType="Package" name="UML Standard Profile" icon="index_files/icon_package_1954448985.jpg"/><profile refid="_11_5EAPbeta_be00301_1147434586638_637562_1900" refElementId="_11_5EAPbeta_be00301_1147434586638_637562_1900" humanType="Profile" classType="Profile" name="SysML" icon="index_files/icon_profile_2121503208.jpg"/><package refid="_12_0EAPbeta_be00301_1156851270584_552173_1" refElementId="_12_0EAPbeta_be00301_1156851270584_552173_1" humanType="Package" classType="Package" name="MD Customization for SysML" icon="index_files/icon_package_1954448985.jpg"/><package refid="_19_0_3_30b0125_1679325843634_424540_171" refElementId="_19_0_3_30b0125_1679325843634_424540_171" humanType="Package" classType="Package" name="General Security Concepts Library" icon="index_files/icon_package_1954448985.jpg"/><profile refid="_2024x_2_1b700d9_1721994356485_186650_1321" refElementId="_2024x_2_1b700d9_1721994356485_186650_1321" humanType="Profile" classType="Profile" name="SysML4Sec Core Profile" icon="index_files/icon_profile_2121503208.jpg"/><profile refid="_18_5_3_f720368_1544384771830_305848_23660" refElementId="_18_5_3_f720368_1544384771830_305848_23660" humanType="Profile" classType="Profile" name="Core Profile" icon="index_files/icon_profile_2121503208.jpg"/><profile refid="_2024x_2_156c03bb_1720472029083_848928_1323" refElementId="_2024x_2_156c03bb_1720472029083_848928_1323" humanType="Profile" classType="Profile" name="SysML4Sec Profile" icon="index_files/icon_profile_2121503208.jpg"/></ownedMember><ownedElement humanName="Owned Element"><package refid="_2024x_2_65d022e_1742058423552_770487_3284" refElementId="_2024x_2_65d022e_1742058423552_770487_3284" humanType="Package" classType="Package" name="Security Engineering Process (SecEP)" hasDiagram="true" icon="index_files/icon_package_1954448985.jpg"/><package refid="_2024x_2_65d022e_1742060189000_770295_43" refElementId="_2024x_2_65d022e_1742060189000_770295_43" humanType="Package" classType="Package" name="System Engineering Process (SEP)" icon="index_files/icon_package_1954448985.jpg"/><profile refid="_19_0_3_30b0125_1679326260736_322119_1298" refElementId="_19_0_3_30b0125_1679326260736_322119_1298" humanType="Profile" classType="Profile" name="General Security Concepts Profile" icon="index_files/icon_profile_2121503208.jpg"/><package refid="_19_0_8760274_1528902538032_405604_25272" refElementId="_19_0_8760274_1528902538032_405604_25272" humanType="Package" classType="Package" name="Core Library" icon="index_files/icon_package_1954448985.jpg"/><package refid="_18_0beta_8f90291_1391000707955_594012_6218" refElementId="_18_0beta_8f90291_1391000707955_594012_6218" humanType="Package" classType="Package" name="MD Customization for Requirements" icon="index_files/icon_package_1954448985.jpg"/><package refid="_18_0beta_9150291_1392280884421_448498_10673" refElementId="_18_0beta_9150291_1392280884421_448498_10673" humanType="Package" classType="Package" name="MD Customization for ViewsViewpoints" icon="index_files/icon_package_1954448985.jpg"/><profile refid="_18_5_3_f720368_1537716950274_148762_15249" refElementId="_18_5_3_f720368_1537716950274_148762_15249" humanType="Profile" classType="Profile" name="General Concepts Profile" icon="index_files/icon_profile_2121503208.jpg"/><package refid="_18_5_3_f720368_1537717000771_755724_15251" refElementId="_18_5_3_f720368_1537717000771_755724_15251" humanType="Package" classType="Package" name="General Concepts Library" icon="index_files/icon_package_1954448985.jpg"/><package refid="magicdraw_uml_standard_profile_v_0001" refElementId="magicdraw_uml_standard_profile_v_0001" humanType="Package" classType="Package" name="UML Standard Profile" icon="index_files/icon_package_1954448985.jpg"/><profile refid="_11_5EAPbeta_be00301_1147434586638_637562_1900" refElementId="_11_5EAPbeta_be00301_1147434586638_637562_1900" humanType="Profile" classType="Profile" name="SysML" icon="index_files/icon_profile_2121503208.jpg"/><package refid="_12_0EAPbeta_be00301_1156851270584_552173_1" refElementId="_12_0EAPbeta_be00301_1156851270584_552173_1" humanType="Package" classType="Package" name="MD Customization for SysML" icon="index_files/icon_package_1954448985.jpg"/><package refid="_19_0_3_30b0125_1679325843634_424540_171" refElementId="_19_0_3_30b0125_1679325843634_424540_171" humanType="Package" classType="Package" name="General Security Concepts Library" icon="index_files/icon_package_1954448985.jpg"/><profile refid="_2024x_2_1b700d9_1721994356485_186650_1321" refElementId="_2024x_2_1b700d9_1721994356485_186650_1321" humanType="Profile" classType="Profile" name="SysML4Sec Core Profile" icon="index_files/icon_profile_2121503208.jpg"/><profile refid="_18_5_3_f720368_1544384771830_305848_23660" refElementId="_18_5_3_f720368_1544384771830_305848_23660" humanType="Profile" classType="Profile" name="Core Profile" icon="index_files/icon_profile_2121503208.jpg"/><profile refid="_2024x_2_156c03bb_1720472029083_848928_1323" refElementId="_2024x_2_156c03bb_1720472029083_848928_1323" humanType="Profile" classType="Profile" name="SysML4Sec Profile" icon="index_files/icon_profile_2121503208.jpg"/><comment refid="PROJECT-8a1dfa96-4781-4aef-97db-8134aa1dae71_2024x_2_65d022e_1742058423557_550087_3363" refElementId="PROJECT-8a1dfa96-4781-4aef-97db-8134aa1dae71_2024x_2_65d022e_1742058423557_550087_3363" humanType="Comment" classType="Comment" name="Author:hintz. Created:7/9/2024 11:34 AM. Title:. C..." icon="index_files/icon_comment_1074325088.jpg"/></ownedElement><ownedComment humanName="Owned Comment"><comment refid="PROJECT-8a1dfa96-4781-4aef-97db-8134aa1dae71_2024x_2_65d022e_1742058423557_550087_3363" refElementId="PROJECT-8a1dfa96-4781-4aef-97db-8134aa1dae71_2024x_2_65d022e_1742058423557_550087_3363" humanType="Comment" classType="Comment" name="Author:hintz. Created:7/9/2024 11:34 AM. Title:. C..." icon="index_files/icon_comment_1074325088.jpg"/></ownedComment><nestedPackage humanName="Nested Package"><package refid="_2024x_2_65d022e_1742058423552_770487_3284" refElementId="_2024x_2_65d022e_1742058423552_770487_3284" humanType="Package" classType="Package" name="Security Engineering Process (SecEP)" hasDiagram="true" icon="index_files/icon_package_1954448985.jpg"/><package refid="_2024x_2_65d022e_1742060189000_770295_43" refElementId="_2024x_2_65d022e_1742060189000_770295_43" humanType="Package" classType="Package" name="System Engineering Process (SEP)" icon="index_files/icon_package_1954448985.jpg"/><profile refid="_19_0_3_30b0125_1679326260736_322119_1298" refElementId="_19_0_3_30b0125_1679326260736_322119_1298" humanType="Profile" classType="Profile" name="General Security Concepts Profile" icon="index_files/icon_profile_2121503208.jpg"/><package refid="_19_0_8760274_1528902538032_405604_25272" refElementId="_19_0_8760274_1528902538032_405604_25272" humanType="Package" classType="Package" name="Core Library" icon="index_files/icon_package_1954448985.jpg"/><package refid="_18_0beta_8f90291_1391000707955_594012_6218" refElementId="_18_0beta_8f90291_1391000707955_594012_6218" humanType="Package" classType="Package" name="MD Customization for Requirements" icon="index_files/icon_package_1954448985.jpg"/><package refid="_18_0beta_9150291_1392280884421_448498_10673" refElementId="_18_0beta_9150291_1392280884421_448498_10673" humanType="Package" classType="Package" name="MD Customization for ViewsViewpoints" icon="index_files/icon_package_1954448985.jpg"/><profile refid="_18_5_3_f720368_1537716950274_148762_15249" refElementId="_18_5_3_f720368_1537716950274_148762_15249" humanType="Profile" classType="Profile" name="General Concepts Profile" icon="index_files/icon_profile_2121503208.jpg"/><package refid="_18_5_3_f720368_1537717000771_755724_15251" refElementId="_18_5_3_f720368_1537717000771_755724_15251" humanType="Package" classType="Package" name="General Concepts Library" icon="index_files/icon_package_1954448985.jpg"/><package refid="magicdraw_uml_standard_profile_v_0001" refElementId="magicdraw_uml_standard_profile_v_0001" humanType="Package" classType="Package" name="UML Standard Profile" icon="index_files/icon_package_1954448985.jpg"/><profile refid="_11_5EAPbeta_be00301_1147434586638_637562_1900" refElementId="_11_5EAPbeta_be00301_1147434586638_637562_1900" humanType="Profile" classType="Profile" name="SysML" icon="index_files/icon_profile_2121503208.jpg"/><package refid="_12_0EAPbeta_be00301_1156851270584_552173_1" refElementId="_12_0EAPbeta_be00301_1156851270584_552173_1" humanType="Package" classType="Package" name="MD Customization for SysML" icon="index_files/icon_package_1954448985.jpg"/><package refid="_19_0_3_30b0125_1679325843634_424540_171" refElementId="_19_0_3_30b0125_1679325843634_424540_171" humanType="Package" classType="Package" name="General Security Concepts Library" icon="index_files/icon_package_1954448985.jpg"/><profile refid="_2024x_2_1b700d9_1721994356485_186650_1321" refElementId="_2024x_2_1b700d9_1721994356485_186650_1321" humanType="Profile" classType="Profile" name="SysML4Sec Core Profile" icon="index_files/icon_profile_2121503208.jpg"/><profile refid="_18_5_3_f720368_1544384771830_305848_23660" refElementId="_18_5_3_f720368_1544384771830_305848_23660" humanType="Profile" classType="Profile" name="Core Profile" icon="index_files/icon_profile_2121503208.jpg"/><profile refid="_2024x_2_156c03bb_1720472029083_848928_1323" refElementId="_2024x_2_156c03bb_1720472029083_848928_1323" humanType="Profile" classType="Profile" name="SysML4Sec Profile" icon="index_files/icon_profile_2121503208.jpg"/></nestedPackage><name humanName="Name" mode="s,e">Model</name><member humanName="Member"><package refid="_2024x_2_65d022e_1742058423552_770487_3284" refElementId="_2024x_2_65d022e_1742058423552_770487_3284" humanType="Package" classType="Package" name="Security Engineering Process (SecEP)" hasDiagram="true" icon="index_files/icon_package_1954448985.jpg"/><package refid="_2024x_2_65d022e_1742060189000_770295_43" refElementId="_2024x_2_65d022e_1742060189000_770295_43" humanType="Package" classType="Package" name="System Engineering Process (SEP)" icon="index_files/icon_package_1954448985.jpg"/><profile refid="_19_0_3_30b0125_1679326260736_322119_1298" refElementId="_19_0_3_30b0125_1679326260736_322119_1298" humanType="Profile" classType="Profile" name="General Security Concepts Profile" icon="index_files/icon_profile_2121503208.jpg"/><package refid="_19_0_8760274_1528902538032_405604_25272" refElementId="_19_0_8760274_1528902538032_405604_25272" humanType="Package" classType="Package" name="Core Library" icon="index_files/icon_package_1954448985.jpg"/><package refid="_18_0beta_8f90291_1391000707955_594012_6218" refElementId="_18_0beta_8f90291_1391000707955_594012_6218" humanType="Package" classType="Package" name="MD Customization for Requirements" icon="index_files/icon_package_1954448985.jpg"/><package refid="_18_0beta_9150291_1392280884421_448498_10673" refElementId="_18_0beta_9150291_1392280884421_448498_10673" humanType="Package" classType="Package" name="MD Customization for ViewsViewpoints" icon="index_files/icon_package_1954448985.jpg"/><profile refid="_18_5_3_f720368_1537716950274_148762_15249" refElementId="_18_5_3_f720368_1537716950274_148762_15249" humanType="Profile" classType="Profile" name="General Concepts Profile" icon="index_files/icon_profile_2121503208.jpg"/><package refid="_18_5_3_f720368_1537717000771_755724_15251" refElementId="_18_5_3_f720368_1537717000771_755724_15251" humanType="Package" classType="Package" name="General Concepts Library" icon="index_files/icon_package_1954448985.jpg"/><package refid="magicdraw_uml_standard_profile_v_0001" refElementId="magicdraw_uml_standard_profile_v_0001" humanType="Package" classType="Package" name="UML Standard Profile" icon="index_files/icon_package_1954448985.jpg"/><profile refid="_11_5EAPbeta_be00301_1147434586638_637562_1900" refElementId="_11_5EAPbeta_be00301_1147434586638_637562_1900" humanType="Profile" classType="Profile" name="SysML" icon="index_files/icon_profile_2121503208.jpg"/><package refid="_12_0EAPbeta_be00301_1156851270584_552173_1" refElementId="_12_0EAPbeta_be00301_1156851270584_552173_1" humanType="Package" classType="Package" name="MD Customization for SysML" icon="index_files/icon_package_1954448985.jpg"/><package refid="_19_0_3_30b0125_1679325843634_424540_171" refElementId="_19_0_3_30b0125_1679325843634_424540_171" humanType="Package" classType="Package" name="General Security Concepts Library" icon="index_files/icon_package_1954448985.jpg"/><profile refid="_2024x_2_1b700d9_1721994356485_186650_1321" refElementId="_2024x_2_1b700d9_1721994356485_186650_1321" humanType="Profile" classType="Profile" name="SysML4Sec Core Profile" icon="index_files/icon_profile_2121503208.jpg"/><profile refid="_18_5_3_f720368_1544384771830_305848_23660" refElementId="_18_5_3_f720368_1544384771830_305848_23660" humanType="Profile" classType="Profile" name="Core Profile" icon="index_files/icon_profile_2121503208.jpg"/><profile refid="_2024x_2_156c03bb_1720472029083_848928_1323" refElementId="_2024x_2_156c03bb_1720472029083_848928_1323" humanType="Profile" classType="Profile" name="SysML4Sec Profile" icon="index_files/icon_profile_2121503208.jpg"/></member><URI humanName="URI" mode="e"></URI><TO_DO humanName="To Do" mode="s,e"></TO_DO><ActiveHyperlink humanName="Active Hyperlink" mode="e"></ActiveHyperlink><report_appliedStereotype_tags humanName="Applied Stereotype" requireSort="element" mode="s,e"/></model></magicdraw>